Date,High,Low,Open,Close,Volume,Adj Close
1999-12-31,21.0,20.78125,20.78125,20.84375,68600.0,16.3250732421875
2000-01-03,21.0,20.375,20.875,20.71875,283400.0,16.227170944213867
2000-01-04,20.71875,19.65625,20.71875,19.75,249200.0,15.468450546264648
2000-01-05,19.90625,19.0,19.84375,19.53125,190400.0,15.297106742858887
2000-01-06,20.25,19.5625,19.65625,19.78125,401400.0,15.492910385131836
2000-01-07,20.03125,19.625,19.96875,20.03125,453200.0,15.688718795776367
2000-01-10,21.46875,19.90625,19.90625,20.84375,411400.0,16.3250732421875
2000-01-11,20.96875,20.15625,20.9375,20.1875,178800.0,15.811100006103516
2000-01-12,20.4375,19.90625,20.0625,20.21875,204200.0,15.835573196411133
2000-01-13,20.84375,20.09375,20.09375,20.78125,396400.0,16.2761287689209
2000-01-14,21.21875,20.53125,20.875,20.78125,569200.0,16.2761287689209
2000-01-18,21.625,20.625,20.75,21.5625,745600.0,16.88800621032715
2000-01-19,22.25,21.0,21.5,21.875,662400.0,17.244728088378906
2000-01-20,23.28125,21.875,21.875,22.75,998400.0,17.934526443481445
2000-01-21,24.5,22.875,23.0625,23.5625,1146800.0,18.575037002563477
2000-01-24,24.0625,23.28125,23.75,23.65625,798200.0,18.648948669433594
2000-01-25,24.1875,23.46875,23.78125,23.78125,786200.0,18.74748420715332
2000-01-26,24.0,23.65625,23.75,23.84375,471800.0,18.796756744384766
2000-01-27,25.21875,24.46875,24.8125,24.59375,901200.0,19.388004302978516
2000-01-28,25.46875,24.65625,24.6875,24.90625,1041400.0,19.634353637695312
2000-01-31,25.28125,24.8125,24.84375,25.03125,717600.0,19.7329044342041
2000-02-01,25.96875,24.875,24.90625,25.71875,762400.0,20.274879455566406
2000-02-02,26.0,25.125,25.625,25.3125,555800.0,19.954622268676758
2000-02-03,25.78125,25.375,25.40625,25.46875,551000.0,20.077791213989258
2000-02-04,26.5,25.3125,25.59375,26.34375,667000.0,20.767580032348633
2000-02-07,26.8125,26.25,26.625,26.65625,583400.0,21.013927459716797
2000-02-08,27.875,26.75,26.78125,27.53125,658200.0,21.703731536865234
2000-02-09,27.71875,27.0625,27.53125,27.25,718600.0,21.48200035095215
2000-02-10,27.5,26.6875,27.3125,27.5,422400.0,21.679092407226562
2000-02-11,29.0,27.75,28.4375,28.25,1039400.0,22.27034568786621
2000-02-14,30.15625,28.40625,28.46875,29.875,1401200.0,23.551376342773438
2000-02-15,33.4375,29.6875,30.03125,32.65625,1517400.0,25.743921279907227
2000-02-16,34.46875,31.8125,32.53125,33.53125,1090600.0,26.4337100982666
2000-02-17,42.25,33.53125,33.53125,38.0625,2996200.0,30.005826950073242
2000-02-18,38.21875,33.0,38.21875,34.0,2592800.0,26.803237915039062
2000-02-22,35.8125,33.8125,34.0,35.0,1860200.0,27.59157371520996
2000-02-23,35.1875,33.84375,35.125,34.34375,509200.0,27.074222564697266
2000-02-24,34.9375,32.25,34.53125,32.59375,922600.0,25.694650650024414
2000-02-25,32.5625,31.0,32.5625,31.5,1125400.0,24.83241081237793
2000-02-28,31.46875,28.40625,31.25,30.1875,1547200.0,23.797719955444336
2000-02-29,33.5,29.5,30.1875,32.3125,2007400.0,25.472938537597656
2000-03-01,36.3125,32.25,32.25,34.0,1281200.0,26.803237915039062
2000-03-02,37.15625,34.0625,34.9375,36.28125,1045600.0,28.60162353515625
2000-03-03,39.0,36.875,37.375,38.5625,1334200.0,30.4000186920166
2000-03-06,41.0,38.1875,39.375,39.625,1077600.0,31.23760223388672
2000-03-07,41.0,38.3125,40.5,38.9375,1295000.0,30.695621490478516
2000-03-08,39.375,34.59375,39.25,35.65625,1188000.0,28.10891342163086
2000-03-09,36.59375,33.5,36.5,35.5625,1240600.0,28.035011291503906
2000-03-10,38.625,36.0,36.0,36.28125,778800.0,28.60162353515625
2000-03-13,37.0,34.28125,36.3125,34.71875,723000.0,27.369836807250977
2000-03-14,35.5,31.34375,35.0625,32.1875,1223400.0,25.3743953704834
2000-03-15,34.4375,31.15625,34.4375,32.3125,1664200.0,25.472938537597656
2000-03-16,33.625,31.75,32.4375,33.4375,764800.0,26.359817504882812
2000-03-17,35.46875,32.25,32.25,34.90625,1492200.0,27.517663955688477
2000-03-20,36.375,34.84375,34.84375,35.25,1356000.0,27.788658142089844
2000-03-21,35.15625,32.8125,35.125,34.0625,598400.0,26.852500915527344
2000-03-22,35.0625,33.90625,34.1875,34.375,463000.0,27.098861694335938
2000-03-23,34.78125,33.0,34.375,33.75,442600.0,26.606157302856445
2000-03-24,34.625,32.5625,34.25,33.0625,585600.0,26.064172744750977
2000-03-27,34.3125,32.9375,32.9375,34.0,696800.0,26.803237915039062
2000-03-28,34.125,33.0,34.125,33.09375,342200.0,26.088817596435547
2000-03-29,33.75,32.78125,32.96875,33.34375,528800.0,26.285907745361328
2000-03-30,33.75,31.53125,33.375,32.125,897600.0,25.325122833251953
2000-03-31,33.75,31.5,32.5,33.25,1006600.0,26.211986541748047
2000-04-03,33.1875,31.25,33.1875,31.875,512600.0,25.128026962280273
2000-04-04,32.3125,28.6875,32.25,30.5,939400.0,24.044076919555664
2000-04-05,30.46875,28.75,30.46875,29.53125,1013400.0,23.280391693115234
2000-04-06,31.125,29.3125,30.71875,29.8125,691000.0,23.502105712890625
2000-04-07,31.90625,30.25,30.3125,31.625,505200.0,24.930965423583984
2000-04-10,32.25,30.375,31.28125,30.53125,445200.0,24.068723678588867
2000-04-11,32.625,30.03125,30.65625,31.40625,993600.0,24.75851058959961
2000-04-12,31.96875,29.75,31.40625,30.0,516000.0,23.649917602539062
2000-04-13,31.875,30.1875,30.25,30.25,379600.0,23.847002029418945
2000-04-14,30.28125,27.625,30.25,27.875,469000.0,21.9747257232666
2000-04-17,27.96875,25.25,27.75,27.46875,772400.0,21.654451370239258
2000-04-18,28.0,27.125,27.375,27.40625,727200.0,21.715862274169922
2000-04-19,29.0,27.21875,27.6875,27.46875,566200.0,21.765382766723633
2000-04-20,27.34375,25.75,27.34375,26.5,952800.0,20.997779846191406
2000-04-24,26.5,24.8125,26.5,25.0,950800.0,19.809223175048828
2000-04-25,26.5,25.21875,25.375,26.3125,1533600.0,20.84920883178711
2000-04-26,27.6875,25.84375,26.21875,27.15625,1027800.0,21.517776489257812
2000-04-27,27.4375,26.34375,26.34375,27.0625,907400.0,21.4434871673584
2000-04-28,27.96875,26.75,27.375,27.75,559200.0,21.988235473632812
2000-05-01,27.9375,26.5,27.0,27.15625,466200.0,21.517776489257812
2000-05-02,27.90625,26.9375,27.28125,27.1875,871400.0,21.542537689208984
2000-05-03,27.21875,25.90625,26.9375,26.4375,707000.0,20.94825553894043
2000-05-04,27.0,26.21875,26.3125,26.59375,715400.0,21.072065353393555
2000-05-05,28.0625,26.53125,26.59375,28.0625,1018200.0,22.235857009887695
2000-05-08,28.0,26.625,28.0,27.1875,568200.0,21.542537689208984
2000-05-09,26.75,25.125,26.5,26.625,881800.0,21.096824645996094
2000-05-10,26.0625,24.78125,26.0625,25.1875,701000.0,19.957792282104492
2000-05-11,26.875,25.71875,26.0,26.46875,609000.0,20.9730224609375
2000-05-12,27.15625,26.5,26.5,27.0625,1066800.0,21.4434871673584
2000-05-15,27.21875,25.9375,26.75,27.0625,519600.0,21.4434871673584
2000-05-16,28.9375,27.9375,28.0,28.5,612600.0,22.58251953125
2000-05-17,28.5625,27.25,28.0,27.59375,512800.0,21.86443519592285
2000-05-18,28.0,26.84375,26.84375,27.5,537000.0,21.790145874023438
2000-05-19,27.75,26.125,27.625,26.4375,379000.0,20.94825553894043
2000-05-22,26.5625,25.0625,26.5625,26.1875,397000.0,20.75016975402832
2000-05-23,26.3125,24.875,26.0,25.0,441200.0,19.809223175048828
2000-05-24,25.5625,24.375,25.125,25.5625,570400.0,20.25493049621582
2000-05-25,26.9375,25.46875,26.03125,25.5625,561200.0,20.25493049621582
2000-05-26,26.125,25.03125,25.6875,25.21875,293000.0,19.98255729675293
2000-05-30,27.125,25.5,25.5,27.03125,432800.0,21.41872215270996
2000-05-31,27.25,26.0,27.0,26.25,581400.0,20.799684524536133
2000-06-01,28.4375,26.9375,26.9375,28.28125,768200.0,22.409181594848633
2000-06-02,30.25,28.5,28.5,30.0,642400.0,23.771068572998047
2000-06-05,29.75,28.65625,29.75,29.375,442200.0,23.275836944580078
2000-06-06,30.6875,29.125,29.125,30.21875,1299800.0,23.944395065307617
2000-06-07,30.15625,28.34375,30.15625,29.46875,407000.0,23.350126266479492
2000-06-08,30.5,29.5,29.5,30.25,496000.0,23.969160079956055
2000-06-09,31.0,29.875,30.46875,30.46875,365200.0,24.142499923706055
2000-06-12,31.0625,28.625,30.5,28.84375,487400.0,22.854888916015625
2000-06-13,29.3125,27.9375,28.84375,29.25,493400.0,23.17678451538086
2000-06-14,29.375,28.25,29.375,28.46875,409000.0,22.557758331298828
2000-06-15,28.28125,27.46875,28.28125,27.84375,479200.0,22.062536239624023
2000-06-16,28.5,26.875,26.875,27.96875,825800.0,22.16157341003418
2000-06-19,30.75,27.09375,28.0,30.1875,727200.0,23.919639587402344
2000-06-20,31.4375,30.1875,30.3125,30.25,913400.0,23.969160079956055
2000-06-21,30.28125,29.65625,30.28125,29.8125,218400.0,23.62249755859375
2000-06-22,29.75,28.6875,29.75,28.90625,498600.0,22.904415130615234
2000-06-23,29.3125,28.46875,29.0,29.21875,751200.0,23.152036666870117
2000-06-26,32.5,29.25,29.25,32.5,1280200.0,25.751998901367188
2000-06-27,32.71875,31.9375,32.0,32.3125,1194800.0,25.603429794311523
2000-06-28,34.71875,32.875,33.0,34.375,1136800.0,27.237686157226562
2000-06-29,34.375,31.5,34.375,32.25,1068200.0,25.55389976501465
2000-06-30,33.0703125,32.0625,32.21875,33.0703125,2016400.0,26.203901290893555
2000-07-03,33.0,32.5,33.0,32.5,364000.0,25.751998901367188
2000-07-05,32.625,31.125,32.5625,32.125,1560000.0,25.454862594604492
2000-07-06,32.75,31.5,32.25,32.65625,672800.0,25.87580108642578
2000-07-07,34.3125,32.84375,33.15625,34.09375,1203200.0,27.014833450317383
2000-07-10,34.09375,33.46875,34.09375,33.875,749200.0,26.841495513916016
2000-07-11,35.71875,34.125,34.5,35.125,976000.0,27.831954956054688
2000-07-12,37.8125,35.4375,35.9375,37.75,1502000.0,29.911937713623047
2000-07-13,38.5,36.5,38.46875,36.75,866000.0,29.119558334350586
2000-07-14,37.125,35.5625,36.78125,36.53125,568800.0,28.946229934692383
2000-07-17,38.375,36.9375,37.25,37.859375,484200.0,29.998592376708984
2000-07-18,38.03125,36.3125,37.90625,36.8125,557000.0,29.169097900390625
2000-07-19,37.0625,35.25,37.0,35.71875,392000.0,28.410484313964844
2000-07-20,36.9375,34.28125,35.75,35.1875,546600.0,27.987930297851562
2000-07-21,35.125,33.5,35.0,34.15625,952800.0,27.167682647705078
2000-07-24,35.125,33.78125,34.28125,33.90625,630000.0,26.968830108642578
2000-07-25,34.5,33.25,34.0,34.09375,640400.0,27.11795997619629
2000-07-26,33.40625,31.8125,33.34375,32.5,832600.0,25.850303649902344
2000-07-27,32.53125,30.5625,32.5,31.46875,415200.0,25.03005599975586
2000-07-28,32.75,31.0,31.5,31.875,588000.0,25.353185653686523
2000-07-31,33.1875,31.5625,32.25,31.96875,587000.0,25.427751541137695
2000-08-01,33.09375,31.0625,32.40625,32.8125,1502600.0,26.098867416381836
2000-08-02,31.71875,30.5,31.28125,31.28125,3570600.0,24.880918502807617
2000-08-03,31.4375,30.40625,30.75,31.0625,1266800.0,24.70691680908203
2000-08-04,32.875,31.375,31.5,32.78125,2084200.0,26.074012756347656
2000-08-07,35.0,33.21875,33.375,34.875,1668200.0,27.739364624023438
2000-08-08,36.0,34.96875,35.0,35.96875,1907200.0,28.60933494567871
2000-08-09,36.25,35.28125,36.15625,35.625,1091000.0,28.335912704467773
2000-08-10,36.5625,36.03125,36.5625,36.375,1290800.0,28.932458877563477
2000-08-11,36.8125,36.15625,36.25,36.46875,1112200.0,29.00701141357422
2000-08-14,37.4375,36.1875,36.75,37.40625,670200.0,29.752716064453125
2000-08-15,38.0,37.15625,37.40625,38.0,1250600.0,30.224977493286133
2000-08-16,39.4375,38.0,38.0,39.21875,2170200.0,31.194355010986328
2000-08-17,40.46875,39.1875,39.21875,39.90625,1711600.0,31.741214752197266
2000-08-18,40.4375,39.3125,40.0,39.5625,850400.0,31.467777252197266
2000-08-21,40.25,37.375,38.3125,39.875,2027200.0,31.71634292602539
2000-08-22,42.6875,39.5625,39.75,42.0,2008600.0,33.40654754638672
2000-08-23,43.375,41.40625,41.5,42.65625,1540600.0,33.928531646728516
2000-08-24,43.28125,41.75,43.25,42.0,1374800.0,33.40654754638672
2000-08-25,42.75,41.6875,42.0625,42.40625,1659800.0,33.72967529296875
2000-08-28,44.375,42.4375,42.84375,43.46875,825200.0,34.57477951049805
2000-08-29,44.9375,43.3125,43.9375,43.90625,1086000.0,34.92277526855469
2000-08-30,45.25,43.5,43.78125,44.75,1232000.0,35.59389114379883
2000-08-31,45.625,44.1875,44.6875,44.96875,1210600.0,35.767887115478516
2000-09-01,45.71875,44.28125,45.46875,44.90625,588000.0,35.71815872192383
2000-09-05,43.75,42.1875,43.75,43.375,1073800.0,34.500213623046875
2000-09-06,43.625,42.4375,43.5,42.59375,647200.0,33.878814697265625
2000-09-07,44.0,42.625,42.625,43.65625,1544400.0,34.72390365600586
2000-09-08,44.46875,43.25,43.625,44.1875,1270800.0,35.14646911621094
2000-09-11,45.1875,43.40625,43.8125,44.25,887000.0,35.196189880371094
2000-09-12,46.0,44.25,44.25,45.15625,1029600.0,35.917022705078125
2000-09-13,46.0,44.46875,45.0,45.65625,680000.0,36.31470489501953
2000-09-14,48.0,45.6875,45.6875,47.5,819800.0,37.781219482421875
2000-09-15,48.0,46.125,46.75,47.125,748000.0,37.48292922973633
2000-09-18,47.75,44.3125,47.0625,45.375,740600.0,36.09100341796875
2000-09-19,47.25,45.3125,45.75,46.75,443800.0,37.18465805053711
2000-09-20,49.625,46.6875,46.75,49.625,1033400.0,39.471431732177734
2000-09-21,50.46875,48.03125,49.625,50.125,1202400.0,39.86911392211914
2000-09-22,50.96875,48.4375,48.75,50.125,1331000.0,39.86911392211914
2000-09-25,52.375,50.25,50.25,51.03125,1426000.0,40.589942932128906
2000-09-26,51.71875,48.25,50.90625,48.71875,1244800.0,38.7505989074707
2000-09-27,51.0,49.1875,49.5,50.25,1613400.0,39.96855545043945
2000-09-28,54.5625,50.375,50.375,53.5,2037400.0,42.553585052490234
2000-09-29,53.25,52.0,52.875,52.1875,1672400.0,41.50962448120117
2000-10-02,54.0625,52.15625,52.5,53.625,1008200.0,42.65299606323242
2000-10-03,54.34375,51.5,53.96875,51.5625,1119000.0,41.01251220703125
2000-10-04,51.0,48.125,51.0,49.625,1729600.0,39.471431732177734
2000-10-05,51.5,48.9375,49.0,49.0625,1138600.0,39.024017333984375
2000-10-06,50.3125,45.3125,49.3125,46.6875,1637600.0,37.13496017456055
2000-10-09,47.75,44.03125,46.125,47.375,1439000.0,37.681785583496094
2000-10-10,49.6875,46.375,46.5,49.6875,1117000.0,39.52114486694336
2000-10-11,49.90625,47.90625,49.25,49.3125,1519000.0,39.222869873046875
2000-10-12,50.875,46.5,50.0,47.5,1287400.0,37.781219482421875
2000-10-13,50.5,47.625,47.625,49.875,791600.0,39.67027282714844
2000-10-16,52.1875,49.5,49.625,51.53125,654600.0,40.98764419555664
2000-10-17,52.25,49.75,51.875,50.65625,391800.0,40.29167556762695
2000-10-18,51.75,49.5,50.4375,51.0,1236000.0,40.67751693725586
2000-10-19,53.90625,51.75,52.4375,53.46875,1316400.0,42.64658737182617
2000-10-20,55.5,53.15625,53.15625,55.46875,1317400.0,44.24177932739258
2000-10-23,58.4375,56.0,56.84375,56.84375,1290800.0,45.338478088378906
2000-10-24,58.75,56.1875,56.84375,57.9375,861400.0,46.21084976196289
2000-10-25,56.875,55.28125,56.875,55.9375,1229000.0,44.61567687988281
2000-10-26,56.1875,51.03125,55.4375,53.6875,2145200.0,42.821067810058594
2000-10-27,55.9375,53.25,54.125,55.6875,1178400.0,44.416255950927734
2000-10-30,58.5,55.6875,55.8125,58.5,1048800.0,46.65951156616211
2000-10-31,60.5,58.5,58.5,59.75,1348800.0,47.65650177001953
2000-11-01,60.3125,58.25,59.8125,58.65625,1451000.0,46.78413009643555
2000-11-02,59.75,58.78125,58.9375,59.5625,1044800.0,47.5069580078125
2000-11-03,59.59375,57.25,59.59375,57.96875,1323400.0,46.235782623291016
2000-11-06,59.75,57.875,58.28125,59.40625,1233200.0,47.38232421875
2000-11-07,59.40625,58.0,59.40625,58.25,673600.0,46.46011734008789
2000-11-08,59.125,57.5,58.25,58.125,589800.0,46.36040115356445
2000-11-09,58.65625,54.53125,58.125,55.21875,1850200.0,44.042381286621094
2000-11-10,54.46875,51.96875,54.46875,52.125,1594800.0,41.5748176574707
2000-11-13,49.5625,45.3125,48.0,48.625,2487000.0,38.783233642578125
2000-11-14,54.375,48.5,49.125,52.09375,1893000.0,41.54990005493164
2000-11-15,55.21875,52.3125,52.59375,54.8125,1578600.0,43.71835708618164
2000-11-16,54.90625,52.0625,54.5,52.4375,1218600.0,41.82406997680664
2000-11-17,54.75,52.25,52.625,54.6875,1739200.0,43.6186637878418
2000-11-20,54.4375,51.09375,54.4375,51.84375,1546200.0,41.35047912597656
2000-11-21,53.75,50.46875,52.34375,52.1875,1105000.0,41.624656677246094
2000-11-22,52.90625,48.09375,52.1875,50.5,1171000.0,40.27871322631836
2000-11-24,51.6875,50.59375,50.875,51.40625,331600.0,41.00153350830078
2000-11-27,53.0,51.3125,52.25,52.03125,864600.0,41.50003433227539
2000-11-28,52.4375,47.625,52.0,48.0625,1742200.0,38.33457946777344
2000-11-29,49.0,45.375,48.75,45.8125,1727200.0,36.539974212646484
2000-11-30,44.75,39.75,43.53125,44.53125,2839400.0,35.518070220947266
2000-12-01,49.46875,44.5,44.53125,49.4375,2512200.0,39.431270599365234
2000-12-04,50.375,47.59375,49.4375,47.875,1847600.0,38.18501663208008
2000-12-05,51.25,48.8125,48.875,51.0,834200.0,40.67751693725586
2000-12-06,52.21875,50.25,51.375,50.8125,979200.0,40.52796936035156
2000-12-07,50.1875,48.375,50.1875,49.25,831600.0,39.28171157836914
2000-12-08,51.46875,50.28125,50.375,51.0625,879800.0,40.727359771728516
2000-12-11,55.75,50.6875,51.4375,55.4375,1165200.0,44.216880798339844
2000-12-12,55.125,52.75,54.75,54.09375,953200.0,43.145076751708984
2000-12-13,54.75,50.25,53.96875,50.875,1134000.0,40.577816009521484
2000-12-14,52.25,48.75,51.0,48.78125,1061600.0,38.9078369140625
2000-12-15,51.96875,46.5625,48.78125,51.125,1537400.0,40.777217864990234
2000-12-18,54.0,50.5,51.15625,53.21875,1470200.0,42.447181701660156
2000-12-19,54.96875,52.28125,53.09375,53.0,1058800.0,42.27272033691406
2000-12-20,53.3125,50.5,52.0625,51.21875,1083000.0,40.851985931396484
2000-12-21,51.5,46.5625,51.21875,47.46875,1528400.0,37.861000061035156
2000-12-22,50.21875,47.625,47.75,49.6875,1172000.0,39.63066482543945
2000-12-26,50.21875,49.0,50.0625,49.75,617800.0,39.68052673339844
2000-12-27,51.875,49.21875,49.75,51.25,1229600.0,40.87691116333008
2000-12-28,54.625,50.625,51.3125,54.4375,756200.0,43.41925811767578
2000-12-29,55.125,51.625,54.0,52.5,755000.0,41.87391662597656
2001-01-02,52.3125,48.25,51.75,48.5,1115000.0,38.68351364135742
2001-01-03,50.3125,45.5,48.5,50.03125,2008400.0,39.90483856201172
2001-01-04,50.0,46.5,50.0,46.84375,1134400.0,37.362491607666016
2001-01-05,46.90625,41.75,46.84375,43.125,1809800.0,34.39643478393555
2001-01-08,45.1875,42.34375,42.875,44.46875,1222400.0,35.46819305419922
2001-01-09,45.5,42.6875,45.5,43.65625,1249600.0,34.82014465332031
2001-01-10,46.1875,43.21875,43.21875,45.5625,1212600.0,36.340576171875
2001-01-11,47.96875,44.9375,45.96875,47.78125,807400.0,38.11024475097656
2001-01-12,48.09375,45.75,47.90625,45.84375,624200.0,36.56489181518555
2001-01-16,46.21875,42.8125,45.75,45.46875,1093000.0,36.26580810546875
2001-01-17,47.96875,45.46875,45.46875,46.3125,1310200.0,37.05284881591797
2001-01-18,47.09375,45.53125,46.3125,46.90625,713400.0,37.52790069580078
2001-01-19,46.96875,43.375,46.96875,43.75,1033800.0,35.002689361572266
2001-01-22,44.96875,44.0,44.3125,44.71875,876200.0,35.777767181396484
2001-01-23,45.6875,44.53125,44.84375,45.28125,1048600.0,36.22779846191406
2001-01-24,45.875,43.0,45.1875,43.0,1331200.0,34.40266036987305
2001-01-25,45.25,42.75,45.0,43.96875,2363200.0,35.177711486816406
2001-01-26,46.46875,43.21875,44.0,45.625,1163800.0,36.50282669067383
2001-01-29,46.11000061035156,45.05500030517578,45.375,45.599998474121094,917400.0,36.48279571533203
2001-01-30,47.119998931884766,45.529998779296875,46.5,46.150001525878906,947400.0,36.922855377197266
2001-01-31,48.95000076293945,46.20000076293945,46.45000076293945,48.744998931884766,1382600.0,38.9990119934082
2001-02-01,49.099998474121094,47.529998779296875,48.650001525878906,47.529998779296875,1465000.0,38.02693557739258
2001-02-02,47.560001373291016,45.5,47.560001373291016,45.68000030517578,864000.0,36.54682540893555
2001-02-05,46.45000076293945,44.880001068115234,46.400001525878906,45.560001373291016,1303800.0,36.4508171081543
2001-02-06,48.75,45.95000076293945,45.959999084472656,47.650001525878906,1087400.0,38.12294006347656
2001-02-07,47.005001068115234,45.130001068115234,47.0,45.7400016784668,726800.0,36.59481430053711
2001-02-08,46.744998931884766,45.02000045776367,45.7400016784668,45.18000030517578,651200.0,36.14677810668945
2001-02-09,45.45000076293945,43.80500030517578,45.18000030517578,44.345001220703125,576200.0,35.478736877441406
2001-02-12,45.57500076293945,44.314998626708984,44.345001220703125,45.119998931884766,507400.0,36.09877395629883
2001-02-13,46.345001220703125,44.0099983215332,45.0,44.01499938964844,469400.0,35.21470642089844
2001-02-14,45.7400016784668,43.064998626708984,43.70000076293945,45.7400016784668,992600.0,36.59481430053711
2001-02-15,46.869998931884766,45.25,46.5,45.70000076293945,796600.0,36.56282424926758
2001-02-16,44.650001525878906,42.20000076293945,44.650001525878906,43.939998626708984,1040000.0,35.15471267700195
2001-02-20,43.220001220703125,40.0,43.0,40.244998931884766,1258000.0,32.19847869873047
2001-02-21,41.42499923706055,38.5,39.775001525878906,38.900001525878906,1211800.0,31.122392654418945
2001-02-22,38.75,36.45000076293945,38.275001525878906,37.04999923706055,2968200.0,29.642295837402344
2001-02-23,38.0,35.79999923706055,36.75,37.689998626708984,1250800.0,30.15431785583496
2001-02-26,39.345001220703125,37.79999923706055,37.810001373291016,39.345001220703125,1818000.0,31.47841453552246
2001-02-27,39.79999923706055,38.005001068115234,39.345001220703125,38.224998474121094,1201800.0,30.582365036010742
2001-02-28,38.625,35.52000045776367,38.5,36.61000061035156,1553200.0,29.29027557373047
2001-03-01,36.2400016784668,34.26499938964844,35.875,35.994998931884766,1310800.0,28.79822540283203
2001-03-02,36.98500061035156,35.29999923706055,35.375,36.224998474121094,895000.0,28.98223876953125
2001-03-05,36.77000045776367,35.650001525878906,36.32500076293945,36.29999923706055,492000.0,29.042234420776367
2001-03-06,37.869998931884766,37.29999923706055,37.5,37.57500076293945,1012600.0,30.06230926513672
2001-03-07,37.119998931884766,35.625,37.0,35.970001220703125,1050800.0,28.778230667114258
2001-03-08,36.470001220703125,34.68000030517578,36.244998931884766,35.04499816894531,1048200.0,28.03815460205078
2001-03-09,34.75,32.775001525878906,34.75,33.255001068115234,1308600.0,26.606048583984375
2001-03-12,32.92499923706055,30.424999237060547,32.75,30.600000381469727,1454800.0,24.48189353942871
2001-03-13,31.790000915527344,30.895000457763672,31.024999618530273,31.700000762939453,1299800.0,25.361961364746094
2001-03-14,31.8700008392334,30.899999618530273,31.200000762939453,31.125,1617000.0,24.90191650390625
2001-03-15,31.350000381469727,30.299999237060547,31.0,30.700000762939453,1760600.0,24.5618953704834
2001-03-16,31.100000381469727,29.524999618530273,30.825000762939453,29.825000762939453,1647800.0,23.861845016479492
2001-03-19,30.225000381469727,28.799999237060547,29.829999923706055,29.575000762939453,1438200.0,23.661828994750977
2001-03-20,29.575000762939453,26.9950008392334,29.575000762939453,27.274999618530273,1791200.0,21.821685791015625
2001-03-21,27.975000381469727,24.899999618530273,27.875,25.674999237060547,2041400.0,20.541589736938477
2001-03-22,23.75,21.5,23.0,22.325000762939453,4765400.0,17.86138343811035
2001-03-23,25.174999237060547,22.770000457763672,22.770000457763672,25.0,2770800.0,20.001544952392578
2001-03-26,26.75,25.950000762939453,26.25,26.204999923706055,2410800.0,20.965612411499023
2001-03-27,26.375,25.610000610351562,26.299999237060547,26.024999618530273,1874600.0,20.82160758972168
2001-03-28,25.950000762939453,25.0,25.899999618530273,25.475000381469727,1343000.0,20.38157081604004
2001-03-29,25.799999237060547,24.239999771118164,25.415000915527344,24.704999923706055,1219200.0,19.765527725219727
2001-03-30,26.4950008392334,24.100000381469727,24.704999923706055,26.225000381469727,2062400.0,20.981618881225586
2001-04-02,26.344999313354492,24.125,26.15999984741211,24.375,843400.0,19.501506805419922
2001-04-03,24.290000915527344,23.395000457763672,24.149999618530273,23.53499984741211,895200.0,18.82944679260254
2001-04-04,24.125,21.274999618530273,23.450000762939453,21.375,2695600.0,17.101327896118164
2001-04-05,24.875,22.049999237060547,22.475000381469727,24.540000915527344,1889800.0,19.633522033691406
2001-04-06,24.344999313354492,23.0049991607666,23.950000762939453,24.125,1445600.0,19.301488876342773
2001-04-09,24.674999237060547,23.6200008392334,24.100000381469727,24.25,756800.0,19.401498794555664
2001-04-10,25.475000381469727,24.274999618530273,24.274999618530273,25.260000228881836,2522800.0,20.209556579589844
2001-04-11,26.96500015258789,25.850000381469727,26.274999618530273,26.100000381469727,1972600.0,20.881614685058594
2001-04-12,28.25,25.549999237060547,26.049999237060547,28.014999389648438,1356400.0,22.413724899291992
2001-04-16,27.639999389648438,26.5049991607666,27.625,27.25,1082800.0,21.801685333251953
2001-04-17,28.25,26.94499969482422,27.174999237060547,27.19499969482422,830600.0,21.757680892944336
2001-04-18,30.235000610351562,28.125,28.125,30.225000381469727,1996200.0,24.306997299194336
2001-04-19,32.650001525878906,30.225000381469727,30.225000381469727,32.595001220703125,2095200.0,26.212961196899414
2001-04-20,32.25,31.125,32.189998626708984,31.950000762939453,1253000.0,25.694246292114258
2001-04-23,31.454999923706055,29.924999237060547,31.450000762939453,30.8799991607666,861000.0,24.833757400512695
2001-04-24,32.459999084472656,30.5,30.8799991607666,30.625,1247800.0,24.628677368164062
2001-04-25,31.295000076293945,30.424999237060547,30.600000381469727,31.19499969482422,836000.0,25.087072372436523
2001-04-26,32.42499923706055,31.075000762939453,31.174999237060547,32.17499923706055,714000.0,25.875192642211914
2001-04-27,32.875,31.260000228881836,32.459999084472656,31.790000915527344,1026800.0,25.565580368041992
2001-04-30,33.92499923706055,32.44499969482422,32.5,33.45500183105469,1247000.0,26.904579162597656
2001-05-01,32.75,30.875,32.67499923706055,31.5,1863800.0,25.332361221313477
2001-05-02,32.5,31.375,32.0,31.5,1491200.0,25.332361221313477
2001-05-03,31.524999618530273,30.875,31.5,31.440000534057617,1215000.0,25.284103393554688
2001-05-04,31.299999237060547,30.434999465942383,30.575000762939453,30.975000381469727,761000.0,24.910140991210938
2001-05-07,32.25,30.875,30.93000030517578,32.16999816894531,790600.0,25.87117576599121
2001-05-08,32.67499923706055,31.774999618530273,32.16999816894531,32.119998931884766,950000.0,25.830963134765625
2001-05-09,32.875,31.344999313354492,31.950000762939453,32.875,618200.0,26.438133239746094
2001-05-10,33.224998474121094,32.224998474121094,33.125,32.2400016784668,751000.0,25.927465438842773
2001-05-11,32.79999923706055,32.1150016784668,32.224998474121094,32.119998931884766,935600.0,25.830963134765625
2001-05-14,32.119998931884766,31.05500030517578,32.119998931884766,31.5,620400.0,25.332361221313477
2001-05-15,32.599998474121094,31.5,31.5,32.375,700400.0,26.036027908325195
2001-05-16,33.5,31.954999923706055,32.2599983215332,33.255001068115234,1745400.0,26.743728637695312
2001-05-17,35.25,33.525001525878906,33.54999923706055,35.060001373291016,1438600.0,28.1953182220459
2001-05-18,36.599998474121094,34.54999923706055,35.060001373291016,36.40999984741211,1241400.0,29.28099250793457
2001-05-21,37.41999816894531,35.875,36.349998474121094,37.084999084472656,813600.0,29.823816299438477
2001-05-22,38.125,36.834999084472656,37.86000061035156,37.55500030517578,1014800.0,30.201797485351562
2001-05-23,37.43000030517578,35.79999923706055,37.43000030517578,35.935001373291016,811400.0,28.898998260498047
2001-05-24,36.314998626708984,35.654998779296875,35.92499923706055,35.900001525878906,475200.0,28.87084197998047
2001-05-25,36.220001220703125,35.5,35.97999954223633,36.19499969482422,479800.0,29.108083724975586
2001-05-29,36.59000015258789,34.650001525878906,36.5,34.849998474121094,665200.0,28.02643394470215
2001-05-30,34.20000076293945,33.5,34.0,33.505001068115234,624600.0,26.944786071777344
2001-05-31,34.845001220703125,33.5099983215332,33.5099983215332,34.51499938964844,681200.0,27.757020950317383
2001-06-01,35.099998474121094,34.279998779296875,34.974998474121094,35.02000045776367,529800.0,28.163158416748047
2001-06-04,35.0,34.20000076293945,35.0,34.900001525878906,328000.0,28.066654205322266
2001-06-05,38.27000045776367,35.0099983215332,35.06999969482422,37.220001220703125,838400.0,29.932382583618164
2001-06-06,37.209999084472656,35.900001525878906,37.209999084472656,36.5,637400.0,29.353361129760742
2001-06-07,37.060001373291016,35.5099983215332,36.70000076293945,36.04999923706055,544900.0,28.99146842956543
2001-06-08,36.79999923706055,35.25,36.45000076293945,36.099998474121094,358900.0,29.03168487548828
2001-06-11,35.40999984741211,33.5099983215332,35.25,33.970001220703125,559600.0,27.31874656677246
2001-06-12,33.54999923706055,32.189998626708984,32.5,33.380001068115234,1159700.0,26.844261169433594
2001-06-13,34.45000076293945,33.41999816894531,33.599998474121094,33.7400016784668,547500.0,27.133769989013672
2001-06-14,33.849998474121094,33.0,33.7400016784668,33.5,1038600.0,26.940767288208008
2001-06-15,36.0,34.5,35.349998474121094,35.58000183105469,1045900.0,28.613500595092773
2001-06-18,36.29999923706055,34.5099983215332,35.380001068115234,34.650001525878906,890700.0,27.86559295654297
2001-06-19,34.0,30.729999542236328,33.5,32.0,2548200.0,25.734453201293945
2001-06-20,31.950000762939453,29.350000381469727,31.950000762939453,29.860000610351562,2280800.0,24.013465881347656
2001-06-21,29.8700008392334,29.059999465942383,29.8700008392334,29.59000015258789,1249200.0,23.79633331298828
2001-06-22,29.399999618530273,27.25,29.350000381469727,28.219999313354492,1727500.0,22.694580078125
2001-06-25,28.899999618530273,27.700000762939453,28.75,27.81999969482422,1347900.0,22.372892379760742
2001-06-26,27.5,26.059999465942383,26.100000381469727,27.0,2025600.0,21.71343994140625
2001-06-27,27.100000381469727,26.0,26.899999618530273,26.729999542236328,1599900.0,21.496315002441406
2001-06-28,27.100000381469727,26.0,26.8700008392334,26.389999389648438,2119900.0,21.222885131835938
2001-06-29,27.530000686645508,26.399999618530273,26.6200008392334,27.530000686645508,2122000.0,22.139677047729492
2001-07-02,27.209999084472656,26.600000381469727,26.600000381469727,26.780000686645508,1009200.0,21.53652000427246
2001-07-03,27.100000381469727,26.299999237060547,27.0,26.68000030517578,423900.0,21.45610237121582
2001-07-05,26.8700008392334,25.600000381469727,26.68000030517578,25.780000686645508,1079900.0,20.73232078552246
2001-07-06,25.75,24.940000534057617,25.700000762939453,25.059999465942383,488900.0,20.153291702270508
2001-07-09,26.09000015258789,25.100000381469727,25.100000381469727,25.75,1420100.0,20.70819854736328
2001-07-10,26.559999465942383,25.8700008392334,26.0,25.950000762939453,1347900.0,20.86903953552246
2001-07-11,25.899999618530273,24.899999618530273,25.899999618530273,25.149999618530273,696600.0,20.225671768188477
2001-07-12,27.5,25.270000457763672,25.350000381469727,27.190000534057617,870800.0,21.866243362426758
2001-07-13,27.950000762939453,26.75,27.190000534057617,27.540000915527344,752600.0,22.147708892822266
2001-07-16,28.600000381469727,27.450000762939453,28.0,27.93000030517578,1908600.0,22.461362838745117
2001-07-17,28.40999984741211,27.579999923706055,28.350000381469727,28.190000534057617,1099200.0,22.670440673828125
2001-07-18,30.200000762939453,28.049999237060547,28.1200008392334,30.200000762939453,2119600.0,24.34735107421875
2001-07-19,31.200000762939453,30.0,31.149999618530273,30.010000228881836,927400.0,24.19417953491211
2001-07-20,30.450000762939453,30.0,30.0,30.360000610351562,529100.0,24.47634506225586
2001-07-23,30.450000762939453,29.989999771118164,30.200000762939453,30.0,597700.0,24.186111450195312
2001-07-24,31.200000762939453,30.010000228881836,30.25,31.200000762939453,1225200.0,25.153553009033203
2001-07-25,33.0,31.079999923706055,31.100000381469727,32.630001068115234,1463600.0,26.306427001953125
2001-07-26,33.439998626708984,32.75,32.75,33.25,1380000.0,26.806276321411133
2001-07-27,34.5,33.29999923706055,33.54999923706055,33.95000076293945,648800.0,27.370615005493164
2001-07-30,34.060001373291016,31.6200008392334,33.95000076293945,31.969999313354492,822400.0,25.774335861206055
2001-07-31,32.150001525878906,30.600000381469727,31.299999237060547,31.5,752100.0,25.395421981811523
2001-08-01,31.489999771118164,30.25,31.489999771118164,30.989999771118164,1230500.0,24.9842472076416
2001-08-02,32.0,30.989999771118164,31.5,31.09000015258789,479400.0,25.06488037109375
2001-08-03,31.100000381469727,30.399999618530273,31.100000381469727,30.719999313354492,633100.0,24.766578674316406
2001-08-06,30.84000015258789,30.149999618530273,30.719999313354492,30.5,545200.0,24.589214324951172
2001-08-07,31.149999618530273,30.0,30.989999771118164,30.510000228881836,568700.0,24.597272872924805
2001-08-08,30.549999237060547,29.25,30.299999237060547,29.309999465942383,669200.0,23.62982749938965
2001-08-09,29.5,28.5,28.5,29.309999465942383,693900.0,23.62982749938965
2001-08-10,30.110000610351562,28.899999618530273,29.219999313354492,29.729999542236328,654800.0,23.96843719482422
2001-08-13,29.979999542236328,29.399999618530273,29.75,29.649999618530273,1557800.0,23.903940200805664
2001-08-14,29.81999969482422,29.15999984741211,29.700000762939453,29.799999237060547,1227000.0,24.02486801147461
2001-08-15,29.899999618530273,28.40999984741211,29.799999237060547,28.6200008392334,373200.0,23.07355499267578
2001-08-16,28.65999984741211,28.110000610351562,28.649999618530273,28.350000381469727,241900.0,22.855873107910156
2001-08-17,28.43000030517578,28.0,28.350000381469727,28.360000610351562,425500.0,22.863933563232422
2001-08-20,28.43000030517578,27.84000015258789,28.200000762939453,28.030000686645508,1177400.0,22.597885131835938
2001-08-21,29.5,27.649999618530273,27.799999237060547,28.510000228881836,934600.0,22.984874725341797
2001-08-22,29.260000228881836,28.5,28.959999084472656,29.1200008392334,1027900.0,23.476655960083008
2001-08-23,29.190000534057617,28.440000534057617,29.190000534057617,28.56999969482422,346100.0,23.03323745727539
2001-08-24,29.760000228881836,28.65999984741211,28.809999465942383,29.510000228881836,1201800.0,23.79107666015625
2001-08-27,31.399999618530273,29.520000457763672,29.75,31.260000228881836,1100700.0,25.201932907104492
2001-08-28,31.299999237060547,30.610000610351562,31.020000457763672,30.760000228881836,776500.0,24.798824310302734
2001-08-29,31.799999237060547,30.799999237060547,31.299999237060547,31.639999389648438,990300.0,25.5082950592041
2001-08-30,32.70000076293945,31.5,31.649999618530273,32.20000076293945,1726900.0,25.95975685119629
2001-08-31,32.75,32.0,32.5,32.08000183105469,949800.0,25.86301612854004
2001-09-04,32.400001525878906,31.520000457763672,31.850000381469727,31.8700008392334,774700.0,25.693714141845703
2001-09-05,31.860000610351562,29.860000610351562,31.850000381469727,30.670000076293945,822900.0,24.726266860961914
2001-09-06,30.739999771118164,29.799999237060547,30.420000076293945,30.43000030517578,445500.0,24.532779693603516
2001-09-07,30.459999084472656,29.440000534057617,29.440000534057617,30.100000381469727,462400.0,24.266733169555664
2001-09-10,30.0,28.850000381469727,29.5,29.209999084472656,521300.0,23.549211502075195
2001-09-17,31.5,27.06999969482422,30.0,27.81999969482422,1604700.0,22.428585052490234
2001-09-18,28.489999771118164,27.31999969482422,28.25,27.540000915527344,537900.0,22.20284080505371
2001-09-19,28.549999237060547,26.149999618530273,27.450000762939453,27.270000457763672,1088500.0,21.985177993774414
2001-09-20,27.18000030517578,25.709999084472656,27.0,25.8700008392334,922300.0,20.856487274169922
2001-09-21,26.489999771118164,24.260000228881836,24.5,26.059999465942383,547700.0,21.009666442871094
2001-09-24,28.149999618530273,27.059999465942383,27.219999313354492,27.200000762939453,574700.0,21.928743362426758
2001-09-25,27.649999618530273,26.450000762939453,27.600000381469727,27.229999542236328,377000.0,21.952932357788086
2001-09-26,27.649999618530273,26.149999618530273,27.200000762939453,26.510000228881836,314200.0,21.372459411621094
2001-09-27,26.270000457763672,25.25,26.260000228881836,25.75,761600.0,20.759746551513672
2001-09-28,26.479999542236328,25.75,25.950000762939453,26.239999771118164,734300.0,21.1547794342041
2001-10-01,26.229999542236328,25.270000457763672,26.18000030517578,25.719999313354492,612800.0,20.73555564880371
2001-10-02,26.899999618530273,25.700000762939453,25.899999618530273,26.639999389648438,1055700.0,21.477262496948242
2001-10-03,28.299999237060547,26.209999084472656,26.389999389648438,28.040000915527344,643500.0,22.6059513092041
2001-10-04,28.989999771118164,28.100000381469727,28.780000686645508,28.399999618530273,564000.0,22.896177291870117
2001-10-05,28.399999618530273,26.950000762939453,28.399999618530273,27.8799991607666,424300.0,22.47696304321289
2001-10-08,28.8700008392334,27.100000381469727,27.6299991607666,28.239999771118164,367300.0,22.767196655273438
2001-10-09,28.420000076293945,27.5,28.299999237060547,27.799999237060547,746900.0,22.412460327148438
2001-10-10,28.639999389648438,27.280000686645508,27.799999237060547,28.200000762939453,658500.0,22.734947204589844
2001-10-11,29.389999389648438,27.75,28.350000381469727,28.950000762939453,1230000.0,23.339590072631836
2001-10-12,29.649999618530273,28.510000228881836,28.950000762939453,29.239999771118164,690400.0,23.573394775390625
2001-10-15,29.389999389648438,28.350000381469727,29.239999771118164,28.989999771118164,292500.0,23.37183952331543
2001-10-16,29.299999237060547,28.290000915527344,29.040000915527344,29.170000076293945,284100.0,23.516963958740234
2001-10-17,30.5,29.299999237060547,30.5,30.190000534057617,1331000.0,24.397838592529297
2001-10-18,30.0,28.90999984741211,30.0,29.290000915527344,912100.0,23.67050552368164
2001-10-19,29.200000762939453,28.209999084472656,29.049999237060547,28.530000686645508,553400.0,23.05632209777832
2001-10-22,28.950000762939453,27.68000030517578,28.6200008392334,28.489999771118164,786700.0,23.02399444580078
2001-10-23,28.950000762939453,27.559999465942383,28.700000762939453,27.790000915527344,679200.0,22.45829200744629
2001-10-24,27.950000762939453,27.200000762939453,27.899999618530273,27.25,689700.0,22.02189826965332
2001-10-25,27.739999771118164,26.940000534057617,27.25,27.299999237060547,886500.0,22.062307357788086
2001-10-26,27.739999771118164,27.0,27.489999771118164,27.5,571600.0,22.223936080932617
2001-10-29,27.459999084472656,26.799999237060547,27.420000076293945,26.989999771118164,858300.0,21.811784744262695
2001-10-30,26.989999771118164,26.329999923706055,26.969999313354492,26.670000076293945,500100.0,21.553180694580078
2001-10-31,27.549999237060547,26.729999542236328,26.770000457763672,26.90999984741211,366600.0,21.74712562561035
2001-11-01,27.5,27.0,27.299999237060547,27.299999237060547,730900.0,22.062307357788086
2001-11-02,27.5,26.969999313354492,27.200000762939453,27.200000762939453,483000.0,21.98149299621582
2001-11-05,27.959999084472656,27.15999984741211,27.450000762939453,27.270000457763672,592000.0,22.03805923461914
2001-11-06,27.8799991607666,27.020000457763672,27.299999237060547,27.770000457763672,652300.0,22.442129135131836
2001-11-07,28.049999237060547,27.270000457763672,27.850000381469727,27.81999969482422,473800.0,22.482540130615234
2001-11-08,28.75,26.989999771118164,28.0,27.020000457763672,430900.0,21.836027145385742
2001-11-09,27.950000762939453,26.600000381469727,27.200000762939453,27.0,446700.0,21.819854736328125
2001-11-12,27.719999313354492,26.149999618530273,27.139999389648438,27.43000030517578,825400.0,22.1673583984375
2001-11-13,29.049999237060547,28.010000228881836,28.139999389648438,29.0,2365000.0,23.436141967773438
2001-11-14,30.209999084472656,29.0,29.5,29.479999542236328,988100.0,23.824052810668945
2001-11-15,29.889999389648438,29.0,29.479999542236328,29.889999389648438,618800.0,24.155391693115234
2001-11-16,29.670000076293945,29.010000228881836,29.670000076293945,29.18000030517578,700800.0,23.581613540649414
2001-11-19,29.18000030517578,28.610000610351562,29.18000030517578,28.979999542236328,972100.0,23.419986724853516
2001-11-20,29.110000610351562,28.549999237060547,28.850000381469727,28.8799991607666,1184100.0,23.339170455932617
2001-11-21,28.989999771118164,28.420000076293945,28.8799991607666,28.549999237060547,475400.0,23.07248306274414
2001-11-23,28.989999771118164,28.450000762939453,28.549999237060547,28.950000762939453,194200.0,23.395734786987305
2001-11-26,29.25,28.5,29.0,28.950000762939453,557900.0,23.395734786987305
2001-11-27,29.5,28.459999084472656,28.950000762939453,28.989999771118164,766100.0,23.428062438964844
2001-11-28,28.799999237060547,27.809999465942383,28.799999237060547,27.950000762939453,616600.0,22.58759117126465
2001-11-29,28.18000030517578,27.610000610351562,27.940000534057617,27.940000534057617,733000.0,22.579511642456055
2001-11-30,27.989999771118164,27.639999389648438,27.850000381469727,27.719999313354492,715300.0,22.40172004699707
2001-12-03,27.709999084472656,26.959999084472656,27.700000762939453,27.049999237060547,711200.0,21.860265731811523
2001-12-04,29.84000015258789,27.149999618530273,27.200000762939453,29.600000381469727,1933500.0,23.921039581298828
2001-12-05,31.530000686645508,29.600000381469727,29.75,31.530000686645508,2252400.0,25.480756759643555
2001-12-06,33.5,31.459999084472656,31.459999084472656,33.150001525878906,2209500.0,26.789945602416992
2001-12-07,33.040000915527344,32.25,32.27000045776367,32.33000183105469,842500.0,26.127275466918945
2001-12-10,32.79999923706055,31.760000228881836,32.20000076293945,32.11000061035156,777800.0,25.94947624206543
2001-12-11,32.4900016784668,31.799999237060547,32.119998931884766,32.0,655300.0,25.86057472229004
2001-12-12,32.20000076293945,31.100000381469727,31.799999237060547,31.799999237060547,635800.0,25.698949813842773
2001-12-13,31.399999618530273,30.639999389648438,31.399999618530273,31.0,836000.0,25.052438735961914
2001-12-14,31.0,30.299999237060547,31.0,30.559999465942383,778700.0,24.696847915649414
2001-12-17,32.34000015258789,30.899999618530273,30.959999084472656,31.850000381469727,988600.0,25.739360809326172
2001-12-18,32.97999954223633,31.809999465942383,31.850000381469727,32.529998779296875,1566400.0,26.288888931274414
2001-12-19,33.25,32.29999923706055,32.5,33.0099983215332,754000.0,26.676795959472656
2001-12-20,33.099998474121094,32.47999954223633,32.95000076293945,32.54999923706055,1047900.0,26.305049896240234
2001-12-21,33.0,32.5099983215332,32.5099983215332,32.880001068115234,745700.0,26.571739196777344
2001-12-24,33.650001525878906,32.900001525878906,33.0,33.540000915527344,278400.0,27.10511589050293
2001-12-26,35.290000915527344,33.5,33.540000915527344,34.40999984741211,820900.0,27.808197021484375
2001-12-27,35.70000076293945,34.4900016784668,34.5,35.25,1207400.0,28.48703956604004
2001-12-28,35.95000076293945,35.04999923706055,35.33000183105469,35.7400016784668,500300.0,28.883026123046875
2001-12-31,36.290000915527344,34.779998779296875,36.25,35.02000045776367,762300.0,28.301177978515625
2002-01-02,34.9900016784668,33.70000076293945,34.849998474121094,34.9900016784668,792100.0,28.27692413330078
2002-01-03,35.869998931884766,34.40999984741211,34.54999923706055,35.83000183105469,864900.0,28.955760955810547
2002-01-04,36.29999923706055,35.58000183105469,36.0,36.220001220703125,694800.0,29.270925521850586
2002-01-07,36.13999938964844,35.04999923706055,35.70000076293945,35.04999923706055,1009200.0,28.325408935546875
2002-01-08,35.630001068115234,34.66999816894531,35.5,35.0,787800.0,28.285003662109375
2002-01-09,35.900001525878906,34.2599983215332,35.099998474121094,34.310001373291016,772100.0,27.727388381958008
2002-01-10,34.5099983215332,33.59000015258789,34.5099983215332,33.880001068115234,751200.0,27.3798828125
2002-01-11,34.5,33.54999923706055,33.560001373291016,33.720001220703125,339300.0,27.250581741333008
2002-01-14,33.95000076293945,32.5,33.5099983215332,33.02000045776367,512500.0,26.684894561767578
2002-01-15,33.29999923706055,32.54999923706055,32.70000076293945,33.029998779296875,466100.0,26.692964553833008
2002-01-16,32.95000076293945,31.850000381469727,32.95000076293945,31.850000381469727,606700.0,25.794025421142578
2002-01-17,32.31999969482422,31.020000457763672,32.0,32.06999969482422,658500.0,25.97219467163086
2002-01-18,32.099998474121094,31.0,32.060001373291016,31.280000686645508,920800.0,25.332406997680664
2002-01-22,32.099998474121094,30.510000228881836,31.950000762939453,30.809999465942383,488300.0,24.951763153076172
2002-01-23,32.29999923706055,30.510000228881836,30.809999465942383,32.029998779296875,586100.0,25.939790725708008
2002-01-24,32.75,31.649999618530273,32.029998779296875,32.0,866000.0,25.915496826171875
2002-01-25,31.899999618530273,31.200000762939453,31.850000381469727,31.489999771118164,458500.0,25.502470016479492
2002-01-28,31.360000610351562,29.200000762939453,31.190000534057617,30.0,1444700.0,24.2957820892334
2002-01-29,30.600000381469727,29.34000015258789,30.149999618530273,29.6200008392334,779100.0,23.988033294677734
2002-01-30,29.93000030517578,28.0,29.549999237060547,29.6200008392334,794300.0,23.988033294677734
2002-01-31,29.989999771118164,29.0,29.450000762939453,29.5,777200.0,23.890851974487305
2002-02-01,29.700000762939453,29.0,29.079999923706055,29.34000015258789,448200.0,23.761276245117188
2002-02-04,29.309999465942383,27.799999237060547,29.149999618530273,28.040000915527344,1119700.0,22.708452224731445
2002-02-05,27.549999237060547,26.469999313354492,27.549999237060547,26.700000762939453,1229900.0,21.623239517211914
2002-02-06,27.190000534057617,25.510000228881836,27.0,25.950000762939453,1735000.0,21.01585578918457
2002-02-07,27.149999618530273,25.790000915527344,26.049999237060547,26.670000076293945,893000.0,21.598955154418945
2002-02-08,27.200000762939453,25.850000381469727,26.84000015258789,26.469999313354492,956700.0,21.436975479125977
2002-02-11,26.899999618530273,25.700000762939453,26.049999237060547,26.5,913000.0,21.46127700805664
2002-02-12,26.84000015258789,25.299999237060547,26.399999618530273,26.219999313354492,1031600.0,21.234514236450195
2002-02-13,26.639999389648438,25.8799991607666,26.350000381469727,26.0,1081600.0,21.05634307861328
2002-02-14,26.290000915527344,25.3799991607666,26.25,25.489999771118164,627900.0,20.643314361572266
2002-02-15,25.579999923706055,24.670000076293945,25.510000228881836,24.920000076293945,988900.0,20.181690216064453
2002-02-19,24.739999771118164,24.059999465942383,24.5,24.329999923706055,538100.0,19.70387840270996
2002-02-20,24.729999542236328,24.059999465942383,24.059999465942383,24.459999084472656,668700.0,19.80916976928711
2002-02-21,24.5,23.899999618530273,24.170000076293945,24.020000457763672,744200.0,19.452823638916016
2002-02-22,24.219999313354492,23.520000457763672,24.100000381469727,23.6299991607666,610300.0,19.136978149414062
2002-02-25,24.25,23.020000457763672,23.799999237060547,24.049999237060547,1371800.0,19.47711181640625
2002-02-26,24.520000457763672,23.530000686645508,24.18000030517578,24.3799991607666,871700.0,19.74437141418457
2002-02-27,24.940000534057617,23.34000015258789,24.65999984741211,23.649999618530273,979300.0,19.15317153930664
2002-02-28,23.940000534057617,22.809999465942383,23.649999618530273,23.0,1002700.0,18.626766204833984
2002-03-01,23.0,15.710000038146973,20.5,15.75,16194000.0,12.755288124084473
2002-03-04,17.100000381469727,16.0,16.5,16.209999084472656,5706000.0,13.127814292907715
2002-03-05,16.84000015258789,16.020000457763672,16.209999084472656,16.760000228881836,5944300.0,13.5732421875
2002-03-06,17.549999237060547,16.75,16.75,17.0,9412300.0,13.767607688903809
2002-03-07,17.8799991607666,17.0,17.200000762939453,17.700000762939453,2902800.0,14.334510803222656
2002-03-08,18.100000381469727,16.950000762939453,17.799999237060547,17.56999969482422,4306300.0,14.229233741760254
2002-03-11,17.450000762939453,16.799999237060547,17.399999618530273,17.06999969482422,2174200.0,13.824292182922363
2002-03-12,17.600000381469727,16.5,16.75,17.299999237060547,3033500.0,14.01056957244873
2002-03-13,17.6299991607666,17.200000762939453,17.389999389648438,17.5,1213700.0,14.172537803649902
2002-03-14,17.829999923706055,16.950000762939453,17.40999984741211,17.209999084472656,1558600.0,13.937681198120117
2002-03-15,17.579999923706055,17.25,17.579999923706055,17.360000610351562,1129700.0,14.059163093566895
2002-03-18,17.690000534057617,17.350000381469727,17.639999389648438,17.59000015258789,1120100.0,14.245421409606934
2002-03-19,18.18000030517578,17.600000381469727,17.670000076293945,17.850000381469727,1515700.0,14.455992698669434
2002-03-20,18.25,17.700000762939453,17.850000381469727,18.030000686645508,1301300.0,14.601762771606445
2002-03-21,18.100000381469727,17.5,18.0,17.760000228881836,803600.0,14.383100509643555
2002-03-22,18.0,17.3799991607666,17.979999542236328,17.649999618530273,847000.0,14.294025421142578
2002-03-25,17.68000030517578,17.059999465942383,17.639999389648438,17.350000381469727,1511700.0,14.051056861877441
2002-03-26,17.979999542236328,17.31999969482422,17.600000381469727,17.649999618530273,1054800.0,14.294025421142578
2002-03-27,18.079999923706055,17.510000228881836,17.799999237060547,17.969999313354492,938900.0,14.553174018859863
2002-03-28,18.5,18.020000457763672,18.149999618530273,18.5,1000100.0,14.982404708862305
2002-04-01,18.600000381469727,18.059999465942383,18.219999313354492,18.600000381469727,661400.0,15.06338119506836
2002-04-02,18.3700008392334,17.899999618530273,18.15999984741211,18.170000076293945,1285700.0,14.715139389038086
2002-04-03,18.030000686645508,17.260000228881836,18.0,17.399999618530273,767300.0,14.091554641723633
2002-04-04,17.450000762939453,16.950000762939453,17.399999618530273,17.239999771118164,952200.0,13.9619779586792
2002-04-05,17.56999969482422,17.0,17.420000076293945,17.239999771118164,1503400.0,13.9619779586792
2002-04-08,17.15999984741211,16.5,17.0,16.790000915527344,1488500.0,13.597537994384766
2002-04-09,16.989999771118164,16.56999969482422,16.850000381469727,16.670000076293945,596600.0,13.50035572052002
2002-04-10,16.850000381469727,16.440000534057617,16.6200008392334,16.700000762939453,846000.0,13.524656295776367
2002-04-11,15.520000457763672,11.779999732971191,15.5,12.010000228881836,10579800.0,9.726411819458008
2002-04-12,12.220000267028809,11.800000190734863,12.199999809265137,12.109999656677246,4201200.0,9.80739688873291
2002-04-15,12.550000190734863,12.100000381469727,12.350000381469727,12.449999809265137,1032700.0,10.082749366760254
2002-04-16,13.25,12.670000076293945,12.670000076293945,12.800000190734863,1505600.0,10.36619758605957
2002-04-17,13.300000190734863,12.760000228881836,12.760000228881836,13.300000190734863,1141600.0,10.830360412597656
2002-04-18,13.489999771118164,12.960000038146973,13.4399995803833,13.239999771118164,876300.0,10.781498908996582
2002-04-19,13.670000076293945,13.1899995803833,13.289999961853027,13.579999923706055,1168800.0,11.058365821838379
2002-04-22,13.75,13.25,13.75,13.359999656677246,1009500.0,10.879213333129883
2002-04-23,13.5600004196167,12.960000038146973,13.5600004196167,13.0,765500.0,10.586064338684082
2002-04-24,13.069999694824219,12.760000228881836,12.949999809265137,12.899999618530273,1059300.0,10.504631996154785
2002-04-25,13.029999732971191,12.0600004196167,12.979999542236328,12.479999542236328,1331200.0,10.162619590759277
2002-04-26,12.800000190734863,11.880000114440918,12.800000190734863,11.949999809265137,1997600.0,9.731035232543945
2002-04-29,12.649999618530273,12.010000228881836,12.140000343322754,12.609999656677246,1539900.0,10.26848316192627
2002-04-30,12.949999809265137,12.350000381469727,12.609999656677246,12.800000190734863,939700.0,10.423199653625488
2002-05-01,12.649999618530273,11.800000190734863,12.649999618530273,12.380000114440918,1242100.0,10.081186294555664
2002-05-02,12.600000381469727,12.100000381469727,12.430000305175781,12.489999771118164,625600.0,10.170764923095703
2002-05-03,12.5,11.930000305175781,12.5,12.3100004196167,666400.0,10.024187088012695
2002-05-06,12.470000267028809,11.920000076293945,12.40999984741211,11.979999542236328,843000.0,9.755465507507324
2002-05-07,12.350000381469727,11.850000381469727,12.100000381469727,12.170000076293945,1080500.0,9.910181045532227
2002-05-08,12.989999771118164,12.3100004196167,12.399999618530273,12.989999771118164,795500.0,10.577921867370605
2002-05-09,13.270000457763672,12.300000190734863,12.75,12.3100004196167,931900.0,10.024187088012695
2002-05-10,12.529999732971191,12.029999732971191,12.3100004196167,12.350000381469727,443700.0,10.0567626953125
2002-05-13,12.699999809265137,12.210000038146973,12.350000381469727,12.5600004196167,357200.0,10.227764129638672
2002-05-14,13.430000305175781,12.829999923706055,12.850000381469727,13.369999885559082,961200.0,10.887364387512207
2002-05-15,14.100000381469727,13.270000457763672,13.380000114440918,13.760000228881836,946900.0,11.20494270324707
2002-05-16,14.25,13.760000228881836,13.770000457763672,14.039999961853027,947500.0,11.432950973510742
2002-05-17,14.399999618530273,13.899999618530273,14.039999961853027,14.0,1003600.0,11.400379180908203
2002-05-20,14.229999542236328,13.880000114440918,14.0,14.069999694824219,837300.0,11.457380294799805
2002-05-21,14.100000381469727,13.350000381469727,14.069999694824219,13.600000381469727,598500.0,11.074651718139648
2002-05-22,14.039999961853027,13.600000381469727,13.600000381469727,13.800000190734863,903400.0,11.23751449584961
2002-05-23,14.670000076293945,13.699999809265137,13.8100004196167,14.619999885559082,1606500.0,11.905250549316406
2002-05-24,14.300000190734863,13.5,14.300000190734863,14.079999923706055,934900.0,11.465520858764648
2002-05-28,14.369999885559082,13.819999694824219,14.09000015258789,14.029999732971191,392300.0,11.424808502197266
2002-05-29,14.5,13.920000076293945,14.029999732971191,14.029999732971191,702400.0,11.424808502197266
2002-05-30,14.100000381469727,13.350000381469727,14.029999732971191,13.890000343322754,504400.0,11.310799598693848
2002-05-31,14.180000305175781,13.84000015258789,13.930000305175781,13.970000267028809,731900.0,11.375944137573242
2002-06-03,13.869999885559082,12.899999618530273,13.869999885559082,13.020000457763672,592000.0,10.602347373962402
2002-06-04,13.489999771118164,13.0,13.029999732971191,13.319999694824219,868300.0,10.846641540527344
2002-06-05,13.5600004196167,12.800000190734863,13.319999694824219,13.289999961853027,702500.0,10.822216987609863
2002-06-06,13.350000381469727,12.989999771118164,13.289999961853027,13.350000381469727,425300.0,10.871071815490723
2002-06-07,13.380000114440918,12.859999656677246,13.350000381469727,13.359999656677246,659900.0,10.879213333129883
2002-06-10,13.3100004196167,13.069999694824219,13.3100004196167,13.220000267028809,508600.0,10.765210151672363
2002-06-11,13.319999694824219,12.920000076293945,13.25,13.0,665100.0,10.586064338684082
2002-06-12,13.010000228881836,12.600000381469727,12.949999809265137,12.699999809265137,771900.0,10.341767311096191
2002-06-13,13.180000305175781,12.699999809265137,12.699999809265137,12.949999809265137,728300.0,10.5453519821167
2002-06-14,12.899999618530273,12.0,12.850000381469727,12.609999656677246,700000.0,10.26848316192627
2002-06-17,13.0,12.550000190734863,12.649999618530273,12.699999809265137,898300.0,10.341767311096191
2002-06-18,12.569999694824219,12.100000381469727,12.300000190734863,12.25,1883000.0,9.975327491760254
2002-06-19,12.350000381469727,12.020000457763672,12.149999618530273,12.15999984741211,783100.0,9.90203857421875
2002-06-20,12.199999809265137,11.109999656677246,12.15999984741211,11.260000228881836,1756400.0,9.169161796569824
2002-06-21,11.59000015258789,10.930000305175781,10.930000305175781,11.0,1366700.0,8.957441329956055
2002-06-24,11.199999809265137,10.65999984741211,10.850000381469727,11.100000381469727,808700.0,9.038872718811035
2002-06-25,11.300000190734863,10.479999542236328,11.199999809265137,10.970000267028809,746600.0,8.933006286621094
2002-06-26,11.149999618530273,10.4399995803833,10.970000267028809,11.149999618530273,735800.0,9.079585075378418
2002-06-27,11.5,11.050000190734863,11.149999618530273,11.170000076293945,846900.0,9.095871925354004
2002-06-28,11.489999771118164,10.930000305175781,11.170000076293945,11.050000190734863,1130500.0,8.998157501220703
2002-07-01,11.279999732971191,10.260000228881836,11.149999618530273,10.270000457763672,543900.0,8.362987518310547
2002-07-02,10.270000457763672,9.739999771118164,10.270000457763672,9.84000015258789,1309100.0,8.012837409973145
2002-07-03,9.949999809265137,9.260000228881836,9.600000381469727,9.449999809265137,1602200.0,7.695253849029541
2002-07-05,10.239999771118164,9.449999809265137,9.460000038146973,10.180000305175781,528100.0,8.289702415466309
2002-07-08,10.15999984741211,9.75,10.15999984741211,9.789999961853027,381600.0,7.9721245765686035
2002-07-09,10.050000190734863,9.449999809265137,9.710000038146973,9.600000381469727,461200.0,7.81740140914917
2002-07-10,9.75,9.270000457763672,9.609999656677246,9.350000381469727,502200.0,7.613823413848877
2002-07-11,9.5,8.899999618530273,9.25,9.210000038146973,1336000.0,7.499820232391357
2002-07-12,9.720000267028809,8.949999809265137,9.109999656677246,9.699999809265137,835600.0,7.898834228515625
2002-07-15,9.680000305175781,8.699999809265137,9.680000305175781,9.0,1187300.0,7.328814506530762
2002-07-16,9.130000114440918,8.739999771118164,9.039999961853027,8.75,770300.0,7.125234127044678
2002-07-17,9.199999809265137,8.399999618530273,9.0,8.680000305175781,823300.0,7.125236988067627
2002-07-18,8.770000457763672,8.100000381469727,8.600000381469727,8.270000457763672,1027800.0,6.788675785064697
2002-07-19,8.25,7.699999809265137,8.199999809265137,7.699999809265137,1012300.0,6.320774555206299
2002-07-22,7.739999771118164,7.210000038146973,7.480000019073486,7.349999904632568,1216700.0,6.033466815948486
2002-07-23,7.400000095367432,6.480000019073486,7.25,6.849999904632568,1803800.0,5.623026371002197
2002-07-24,7.5,6.5,6.800000190734863,7.5,1318600.0,6.156598091125488
2002-07-25,8.300000190734863,7.300000190734863,7.5,7.349999904632568,2118700.0,6.033466815948486
2002-07-26,7.400000095367432,6.590000152587891,7.28000020980835,6.699999809265137,1472400.0,5.499894618988037
2002-07-29,7.300000190734863,6.880000114440918,6.949999809265137,7.25,1116500.0,5.951376438140869
2002-07-30,8.149999618530273,7.099999904632568,7.260000228881836,7.820000171661377,1462500.0,6.419280529022217
2002-07-31,7.849999904632568,7.510000228881836,7.849999904632568,7.619999885559082,658000.0,6.255103588104248
2002-08-01,7.920000076293945,7.519999980926514,7.519999980926514,7.800000190734863,823700.0,6.402861595153809
2002-08-02,7.849999904632568,7.369999885559082,7.699999809265137,7.849999904632568,1140700.0,6.443904399871826
2002-08-05,7.880000114440918,7.25,7.559999942779541,7.320000171661377,1139800.0,6.0088396072387695
2002-08-06,7.739999771118164,7.309999942779541,7.539999961853027,7.309999942779541,585000.0,6.0006303787231445
2002-08-07,7.579999923706055,7.0,7.550000190734863,7.300000190734863,1790900.0,5.992420673370361
2002-08-08,7.730000019073486,7.25,7.400000095367432,7.730000019073486,717500.0,6.345399379730225
2002-08-09,7.739999771118164,7.400000095367432,7.730000019073486,7.570000171661377,694300.0,6.214058876037598
2002-08-12,7.5,5.920000076293945,7.46999979019165,6.309999942779541,1900100.0,5.179752826690674
2002-08-13,6.449999809265137,5.789999961853027,6.380000114440918,5.800000190734863,2111200.0,4.761102199554443
2002-08-14,5.849999904632568,5.599999904632568,5.809999942779541,5.699999809265137,1053500.0,4.679014682769775
2002-08-15,5.980000019073486,5.050000190734863,5.75,5.090000152587891,1129000.0,4.178277492523193
2002-08-16,5.190000057220459,4.28000020980835,5.099999904632568,4.880000114440918,2533000.0,4.005892276763916
2002-08-19,5.579999923706055,5.199999809265137,5.300000190734863,5.480000019073486,1410500.0,4.4984211921691895
2002-08-20,5.78000020980835,5.260000228881836,5.5,5.289999961853027,817800.0,4.3424530029296875
2002-08-21,5.5,5.0,5.389999866485596,5.320000171661377,1051200.0,4.367080211639404
2002-08-22,6.289999961853027,5.460000038146973,5.550000190734863,6.25,1248900.0,5.130497455596924
2002-08-23,6.150000095367432,5.809999942779541,6.099999904632568,5.840000152587891,909200.0,4.793936729431152
2002-08-26,5.940000057220459,5.599999904632568,5.880000114440918,5.849999904632568,763000.0,4.802145957946777
2002-08-27,6.079999923706055,5.510000228881836,6.0,5.590000152587891,595500.0,4.58871603012085
2002-08-28,5.559999942779541,5.349999904632568,5.559999942779541,5.380000114440918,569400.0,4.416332721710205
2002-08-29,5.590000152587891,5.230000019073486,5.28000020980835,5.449999809265137,1245500.0,4.473793029785156
2002-08-30,5.699999809265137,5.420000076293945,5.449999809265137,5.699999809265137,827800.0,4.679014682769775
2002-09-03,5.639999866485596,5.130000114440918,5.639999866485596,5.420000076293945,1218100.0,4.449166774749756
2002-09-04,5.599999904632568,5.28000020980835,5.329999923706055,5.599999904632568,741400.0,4.596926689147949
2002-09-05,5.599999904632568,5.150000095367432,5.570000171661377,5.300000190734863,1042500.0,4.350663185119629
2002-09-06,5.550000190734863,5.340000152587891,5.340000152587891,5.519999980926514,701000.0,4.531255722045898
2002-09-09,5.599999904632568,5.28000020980835,5.420000076293945,5.5,1905400.0,4.5148396492004395
2002-09-10,5.650000095367432,5.480000019073486,5.519999980926514,5.599999904632568,775800.0,4.596926689147949
2002-09-11,5.75,5.650000095367432,5.730000019073486,5.659999847412109,261900.0,4.64617919921875
2002-09-12,5.670000076293945,5.369999885559082,5.659999847412109,5.5,513700.0,4.5148396492004395
2002-09-13,5.5,5.300000190734863,5.5,5.349999904632568,510200.0,4.3917059898376465
2002-09-16,5.400000095367432,5.170000076293945,5.340000152587891,5.400000095367432,445400.0,4.432750225067139
2002-09-17,5.659999847412109,5.150000095367432,5.599999904632568,5.199999809265137,1205500.0,4.268574237823486
2002-09-18,5.320000171661377,4.900000095367432,5.179999828338623,4.960000038146973,697700.0,4.071562767028809
2002-09-19,5.050000190734863,4.710000038146973,4.960000038146973,5.0,594300.0,4.104398727416992
2002-09-20,5.340000152587891,4.840000152587891,5.0,5.269999980926514,1030200.0,4.3260369300842285
2002-09-23,5.320000171661377,5.099999904632568,5.269999980926514,5.210000038146973,1074000.0,4.276782035827637
2002-09-24,5.179999828338623,4.840000152587891,5.050000190734863,5.150000095367432,650300.0,4.227530002593994
2002-09-25,5.590000152587891,5.150000095367432,5.150000095367432,5.380000114440918,800400.0,4.416332721710205
2002-09-26,5.650000095367432,5.199999809265137,5.389999866485596,5.5,1488100.0,4.5148396492004395
2002-09-27,5.599999904632568,5.400000095367432,5.53000020980835,5.5,586900.0,4.5148396492004395
2002-09-30,5.5,5.159999847412109,5.5,5.449999809265137,656100.0,4.473793029785156
2002-10-01,5.639999866485596,5.199999809265137,5.599999904632568,5.449999809265137,374900.0,4.473793029785156
2002-10-02,5.730000019073486,5.369999885559082,5.400000095367432,5.579999923706055,1282900.0,4.580510139465332
2002-10-03,6.0,5.599999904632568,5.599999904632568,5.730000019073486,995700.0,4.703642845153809
2002-10-04,5.690000057220459,5.260000228881836,5.679999828338623,5.480000019073486,728600.0,4.4984211921691895
2002-10-07,5.550000190734863,5.369999885559082,5.480000019073486,5.440000057220459,407700.0,4.4655866622924805
2002-10-08,5.510000228881836,5.300000190734863,5.440000057220459,5.329999923706055,575200.0,4.375288009643555
2002-10-09,5.340000152587891,5.0,5.28000020980835,5.010000228881836,603600.0,4.112607955932617
2002-10-10,5.110000133514404,4.400000095367432,4.96999979019165,4.460000038146973,1701500.0,3.6611239910125732
2002-10-11,4.78000020980835,4.429999828338623,4.5,4.699999809265137,1197900.0,3.858133554458618
2002-10-14,4.690000057220459,4.5,4.690000057220459,4.599999904632568,310100.0,3.77604603767395
2002-10-15,4.840000152587891,4.539999961853027,4.829999923706055,4.800000190734863,1067000.0,3.9402244091033936
2002-10-16,4.71999979019165,4.510000228881836,4.679999828338623,4.510000228881836,269200.0,3.7569563388824463
2002-10-17,4.829999923706055,4.369999885559082,4.820000171661377,4.369999885559082,484200.0,3.6403329372406006
2002-10-18,4.650000095367432,4.329999923706055,4.389999866485596,4.650000095367432,867500.0,3.873579740524292
2002-10-21,4.78000020980835,4.519999980926514,4.619999885559082,4.760000228881836,365200.0,3.965212821960449
2002-10-22,4.730000019073486,4.380000114440918,4.730000019073486,4.449999809265137,887600.0,3.7069754600524902
2002-10-23,4.650000095367432,4.409999847412109,4.480000019073486,4.650000095367432,637700.0,3.873579740524292
2002-10-24,5.070000171661377,4.710000038146973,4.730000019073486,4.849999904632568,932600.0,4.040186882019043
2002-10-25,5.110000133514404,4.75,4.78000020980835,5.0,810100.0,4.1651411056518555
2002-10-28,5.480000019073486,5.099999904632568,5.170000076293945,5.239999771118164,759000.0,4.365066051483154
2002-10-29,6.300000190734863,5.400000095367432,5.400000095367432,6.300000190734863,2169600.0,5.248075485229492
2002-10-30,6.599999904632568,6.070000171661377,6.300000190734863,6.5,1185600.0,5.414681911468506
2002-10-31,7.139999866485596,6.5,6.5,6.960000038146973,2280600.0,5.797874450683594
2002-11-01,7.400000095367432,6.650000095367432,6.96999979019165,7.300000190734863,2100400.0,6.081104755401611
2002-11-04,8.0,7.25,8.0,7.300000190734863,1994000.0,6.081104755401611
2002-11-05,7.429999828338623,7.099999904632568,7.380000114440918,7.329999923706055,744600.0,6.1060943603515625
2002-11-06,7.690000057220459,7.420000076293945,7.5,7.5,958800.0,6.247711181640625
2002-11-07,7.659999847412109,7.25,7.320000171661377,7.449999809265137,804700.0,6.206058502197266
2002-11-08,7.829999923706055,7.5,7.599999904632568,7.579999923706055,1334500.0,6.314352512359619
2002-11-11,7.53000020980835,7.099999904632568,7.53000020980835,7.119999885559082,533300.0,5.931159019470215
2002-11-12,7.380000114440918,7.179999828338623,7.25,7.21999979019165,1499100.0,6.014461994171143
2002-11-13,7.610000133514404,6.75,7.199999809265137,7.349999904632568,2077300.0,6.122756004333496
2002-11-14,7.699999809265137,7.420000076293945,7.5,7.559999942779541,994900.0,6.297693252563477
2002-11-15,7.599999904632568,7.420000076293945,7.53000020980835,7.550000190734863,721900.0,6.28936243057251
2002-11-18,7.949999809265137,7.440000057220459,7.75,7.53000020980835,599400.0,6.27269983291626
2002-11-19,7.929999828338623,7.25,7.5,7.599999904632568,977700.0,6.3310112953186035
2002-11-20,7.929999828338623,7.53000020980835,7.650000095367432,7.78000020980835,680000.0,6.48095703125
2002-11-21,8.479999542236328,7.949999809265137,7.949999809265137,8.449999809265137,1269500.0,7.039087772369385
2002-11-22,8.579999923706055,8.40999984741211,8.449999809265137,8.5,805400.0,7.080737113952637
2002-11-25,8.90999984741211,8.550000190734863,8.600000381469727,8.899999618530273,1075500.0,7.4139509201049805
2002-11-26,8.949999809265137,8.5,8.850000381469727,8.579999923706055,767400.0,7.147382736206055
2002-11-27,8.899999618530273,8.579999923706055,8.579999923706055,8.65999984741211,788100.0,7.214021682739258
2002-11-29,8.789999961853027,8.40999984741211,8.5,8.5600004196167,1771400.0,7.130720615386963
2002-12-02,8.989999771118164,8.579999923706055,8.880000114440918,8.84000015258789,967700.0,7.363964080810547
2002-12-03,8.779999732971191,8.390000343322754,8.75,8.699999809265137,800400.0,7.247344493865967
2002-12-04,8.5,8.130000114440918,8.449999809265137,8.329999923706055,993000.0,6.939122200012207
2002-12-05,8.449999809265137,8.109999656677246,8.329999923706055,8.239999771118164,844800.0,6.8641486167907715
2002-12-06,8.329999923706055,7.909999847412109,7.949999809265137,8.199999809265137,703900.0,6.830831050872803
2002-12-09,8.149999618530273,7.670000076293945,8.149999618530273,8.0,1097600.0,6.664224624633789
2002-12-10,8.270000457763672,7.849999904632568,8.0,8.199999809265137,624600.0,6.830831050872803
2002-12-11,8.649999618530273,8.109999656677246,8.25,8.600000381469727,1073600.0,7.1640424728393555
2002-12-12,8.579999923706055,8.399999618530273,8.5,8.539999961853027,1113100.0,7.114060878753662
2002-12-13,8.449999809265137,8.130000114440918,8.4399995803833,8.239999771118164,664900.0,6.8641486167907715
2002-12-16,8.270000457763672,8.100000381469727,8.25,8.199999809265137,634000.0,6.830831050872803
2002-12-17,8.359999656677246,8.229999542236328,8.300000190734863,8.270000457763672,422500.0,6.889143466949463
2002-12-18,8.479999542236328,8.100000381469727,8.199999809265137,8.319999694824219,975800.0,6.930792808532715
2002-12-19,8.350000381469727,7.900000095367432,8.25,7.920000076293945,873200.0,6.5975823402404785
2002-12-20,8.170000076293945,7.699999809265137,7.929999828338623,7.800000190734863,1225900.0,6.497619152069092
2002-12-23,8.0,7.75,7.800000190734863,7.96999979019165,878400.0,6.639233112335205
2002-12-24,7.900000095367432,7.690000057220459,7.800000190734863,7.78000020980835,228200.0,6.48095703125
2002-12-26,7.980000019073486,7.670000076293945,7.699999809265137,7.889999866485596,665400.0,6.572591304779053
2002-12-27,8.25,7.860000133514404,8.25,8.050000190734863,434600.0,6.705875396728516
2002-12-30,8.199999809265137,7.880000114440918,8.149999618530273,8.0,756800.0,6.664224624633789
2002-12-31,8.350000381469727,7.849999904632568,7.900000095367432,8.25,982900.0,6.872480392456055
2003-01-02,8.829999923706055,8.119999885559082,8.350000381469727,8.829999923706055,646300.0,7.3556365966796875
2003-01-03,8.880000114440918,8.5,8.829999923706055,8.529999732971191,788200.0,7.105729579925537
2003-01-06,9.0,8.420000076293945,8.430000305175781,8.880000114440918,761000.0,7.397286891937256
2003-01-07,9.0600004196167,8.600000381469727,8.890000343322754,8.600000381469727,654400.0,7.1640424728393555
2003-01-08,8.600000381469727,8.300000190734863,8.600000381469727,8.329999923706055,706800.0,6.939122200012207
2003-01-09,8.699999809265137,8.430000305175781,8.430000305175781,8.5,828900.0,7.080737113952637
2003-01-10,8.699999809265137,8.1899995803833,8.40999984741211,8.65999984741211,693500.0,7.214021682739258
2003-01-13,8.859999656677246,8.600000381469727,8.710000038146973,8.65999984741211,873500.0,7.214021682739258
2003-01-14,9.119999885559082,8.670000076293945,8.670000076293945,9.119999885559082,767400.0,7.597216606140137
2003-01-15,9.180000305175781,8.600000381469727,9.149999618530273,8.65999984741211,571100.0,7.269821643829346
2003-01-16,8.880000114440918,8.609999656677246,8.729999542236328,8.760000228881836,505400.0,7.353766441345215
2003-01-17,8.760000228881836,8.369999885559082,8.760000228881836,8.470000267028809,711800.0,7.110321521759033
2003-01-21,8.550000190734863,8.149999618530273,8.449999809265137,8.199999809265137,468100.0,6.883666038513184
2003-01-22,8.289999961853027,8.029999732971191,8.199999809265137,8.119999885559082,330500.0,6.816508769989014
2003-01-23,8.300000190734863,8.039999961853027,8.039999961853027,8.25,450600.0,6.925637722015381
2003-01-24,8.25,8.010000228881836,8.149999618530273,8.170000076293945,652800.0,6.858480930328369
2003-01-27,7.909999847412109,7.550000190734863,7.900000095367432,7.900000095367432,1574500.0,6.631822109222412
2003-01-28,8.1899995803833,7.920000076293945,8.149999618530273,8.0,1143300.0,6.715770244598389
2003-01-29,8.050000190734863,7.71999979019165,7.949999809265137,7.980000019073486,592500.0,6.698981285095215
2003-01-30,8.119999885559082,7.820000171661377,8.050000190734863,7.96999979019165,446600.0,6.690586090087891
2003-01-31,7.96999979019165,7.690000057220459,7.900000095367432,7.800000190734863,663000.0,6.547876358032227
2003-02-03,7.96999979019165,7.570000171661377,7.900000095367432,7.599999904632568,665000.0,6.379980087280273
2003-02-04,7.599999904632568,7.21999979019165,7.449999809265137,7.539999961853027,1204400.0,6.32961368560791
2003-02-05,7.760000228881836,7.440000057220459,7.480000019073486,7.760000228881836,600300.0,6.514296054840088
2003-02-06,7.829999923706055,7.329999923706055,7.760000228881836,7.71999979019165,768500.0,6.480719566345215
2003-02-07,7.800000190734863,7.5,7.71999979019165,7.610000133514404,430600.0,6.388376235961914
2003-02-10,7.610000133514404,7.329999923706055,7.610000133514404,7.409999847412109,913200.0,6.220482349395752
2003-02-11,7.590000152587891,7.300000190734863,7.5,7.480000019073486,1209400.0,6.2792439460754395
2003-02-12,7.5,7.380000114440918,7.420000076293945,7.46999979019165,291100.0,6.270852088928223
2003-02-13,7.650000095367432,7.230000019073486,7.369999885559082,7.639999866485596,429100.0,6.41356086730957
2003-02-14,7.78000020980835,7.28000020980835,7.679999828338623,7.5,686000.0,6.2960357666015625
2003-02-18,7.800000190734863,7.460000038146973,7.630000114440918,7.800000190734863,656500.0,6.547876358032227
2003-02-19,7.880000114440918,7.769999980926514,7.800000190734863,7.800000190734863,860600.0,6.547876358032227
2003-02-20,7.989999771118164,7.75,7.809999942779541,7.860000133514404,605400.0,6.598243713378906
2003-02-21,8.079999923706055,7.860000133514404,7.960000038146973,8.079999923706055,592500.0,6.782928943634033
2003-02-24,8.050000190734863,7.800000190734863,8.050000190734863,7.940000057220459,335300.0,6.665400981903076
2003-02-25,7.940000057220459,7.769999980926514,7.840000152587891,7.940000057220459,486400.0,6.665400981903076
2003-02-26,7.989999771118164,7.849999904632568,7.940000057220459,7.980000019073486,523000.0,6.698981285095215
2003-02-27,8.369999885559082,7.920000076293945,7.980000019073486,8.350000381469727,1427300.0,7.009587287902832
2003-02-28,8.529999732971191,8.350000381469727,8.350000381469727,8.479999542236328,848200.0,7.118714332580566
2003-03-03,8.600000381469727,8.170000076293945,8.5,8.1899995803833,1055000.0,6.875270843505859
2003-03-04,8.229999542236328,8.109999656677246,8.149999618530273,8.15999984741211,1014700.0,6.85008430480957
2003-03-05,8.270000457763672,8.15999984741211,8.170000076293945,8.270000457763672,560200.0,6.942430019378662
2003-03-06,8.260000228881836,8.130000114440918,8.260000228881836,8.170000076293945,578200.0,6.858480930328369
2003-03-07,8.260000228881836,8.0,8.170000076293945,8.220000267028809,650900.0,6.900454044342041
2003-03-10,8.1899995803833,7.980000019073486,8.1899995803833,8.039999961853027,411500.0,6.749348163604736
2003-03-11,8.140000343322754,7.920000076293945,8.010000228881836,7.989999771118164,476000.0,6.707376480102539
2003-03-12,8.0600004196167,7.789999961853027,8.0,8.039999961853027,415300.0,6.749348163604736
2003-03-13,8.279999732971191,8.0,8.0,8.279999732971191,453700.0,6.950819492340088
2003-03-14,8.520000457763672,8.25,8.380000114440918,8.319999694824219,434300.0,6.984400749206543
2003-03-17,8.850000381469727,8.149999618530273,8.319999694824219,8.699999809265137,483000.0,7.303400993347168
2003-03-18,8.949999809265137,8.649999618530273,8.710000038146973,8.649999618530273,542800.0,7.26142692565918
2003-03-19,8.84000015258789,8.399999618530273,8.65999984741211,8.800000190734863,585100.0,7.387347221374512
2003-03-20,8.989999771118164,8.579999923706055,8.699999809265137,8.579999923706055,388700.0,7.202665328979492
2003-03-21,8.920000076293945,8.600000381469727,8.699999809265137,8.899999618530273,1428000.0,7.471296310424805
2003-03-24,8.890000343322754,8.520000457763672,8.890000343322754,8.710000038146973,828100.0,7.311797142028809
2003-03-25,9.229999542236328,8.649999618530273,8.699999809265137,9.039999961853027,1294800.0,7.588819980621338
2003-03-26,9.180000305175781,8.800000190734863,9.079999923706055,8.949999809265137,1186000.0,7.513270378112793
2003-03-27,9.130000114440918,8.699999809265137,8.899999618530273,9.039999961853027,771800.0,7.588819980621338
2003-03-28,9.210000038146973,8.899999618530273,9.039999961853027,9.210000038146973,754300.0,7.731532573699951
2003-03-31,9.050000190734863,8.850000381469727,9.050000190734863,8.890000343322754,343000.0,7.462899684906006
2003-04-01,9.010000228881836,8.770000457763672,8.899999618530273,9.010000228881836,831200.0,7.563639163970947
2003-04-02,9.350000381469727,9.109999656677246,9.109999656677246,9.289999961853027,685800.0,7.798690319061279
2003-04-03,9.649999618530273,9.220000267028809,9.350000381469727,9.5,1309600.0,7.974980354309082
2003-04-04,9.4399995803833,9.010000228881836,9.4399995803833,9.010000228881836,1292300.0,7.563639163970947
2003-04-07,9.399999618530273,9.050000190734863,9.199999809265137,9.079999923706055,792600.0,7.6224045753479
2003-04-08,9.140000343322754,8.960000038146973,9.119999885559082,9.0,665800.0,7.555241584777832
2003-04-09,9.100000381469727,8.899999618530273,8.899999618530273,8.899999618530273,507400.0,7.471296310424805
2003-04-10,8.899999618530273,8.789999961853027,8.899999618530273,8.8100004196167,485200.0,7.395742893218994
2003-04-11,9.199999809265137,8.819999694824219,8.90999984741211,8.850000381469727,467600.0,7.429320335388184
2003-04-14,9.0600004196167,8.829999923706055,8.850000381469727,8.899999618530273,571100.0,7.471296310424805
2003-04-15,9.130000114440918,8.75,8.800000190734863,9.0,819600.0,7.615135669708252
2003-04-16,9.0600004196167,8.869999885559082,9.050000190734863,8.899999618530273,347500.0,7.530526161193848
2003-04-17,9.100000381469727,8.850000381469727,8.850000381469727,9.100000381469727,757200.0,7.699747085571289
2003-04-21,9.359999656677246,9.100000381469727,9.100000381469727,9.1899995803833,1689200.0,7.775897026062012
2003-04-22,9.770000457763672,9.149999618530273,9.25,9.770000457763672,1758900.0,8.266656875610352
2003-04-23,10.079999923706055,9.680000305175781,9.800000190734863,9.850000381469727,799400.0,8.334342956542969
2003-04-24,9.529999732971191,9.09000015258789,9.5,9.15999984741211,891500.0,7.750514507293701
2003-04-25,9.399999618530273,9.0,9.0600004196167,9.399999618530273,770600.0,7.953586101531982
2003-04-28,9.800000190734863,9.279999732971191,9.4399995803833,9.800000190734863,1453200.0,8.292036056518555
2003-04-29,10.050000190734863,9.779999732971191,9.779999732971191,10.050000190734863,1339100.0,8.503567695617676
2003-04-30,10.0600004196167,9.84000015258789,9.989999771118164,9.920000076293945,1557800.0,8.393569946289062
2003-05-01,10.199999809265137,9.739999771118164,9.9399995803833,10.199999809265137,915300.0,8.630486488342285
2003-05-02,10.6899995803833,10.149999618530273,10.199999809265137,10.390000343322754,781500.0,8.791254043579102
2003-05-05,10.8100004196167,10.25,10.489999771118164,10.75,1879100.0,9.095855712890625
2003-05-06,11.399999618530273,10.800000190734863,10.800000190734863,11.180000305175781,1089600.0,9.459689140319824
2003-05-07,11.079999923706055,10.800000190734863,11.079999923706055,10.819999694824219,897600.0,9.1550874710083
2003-05-08,10.930000305175781,10.699999809265137,10.75,10.720000267028809,500400.0,9.070474624633789
2003-05-09,11.210000038146973,10.710000038146973,10.720000267028809,11.09000015258789,801500.0,9.383543968200684
2003-05-12,11.430000305175781,11.010000228881836,11.119999885559082,11.430000305175781,1001800.0,9.671219825744629
2003-05-13,11.25,10.899999618530273,11.199999809265137,11.020000457763672,831800.0,9.324311256408691
2003-05-14,11.699999809265137,11.25,11.25,11.65999984741211,1100000.0,9.865829467773438
2003-05-15,12.0,11.569999694824219,12.0,11.859999656677246,1322000.0,10.03505802154541
2003-05-16,12.100000381469727,11.390000343322754,11.880000114440918,12.100000381469727,717300.0,10.238129615783691
2003-05-19,12.0,11.079999923706055,12.0,11.140000343322754,939100.0,9.4258451461792
2003-05-20,11.75,11.039999961853027,11.5,11.170000076293945,1069300.0,9.451229095458984
2003-05-21,11.470000267028809,11.0600004196167,11.149999618530273,11.430000305175781,585100.0,9.671219825744629
2003-05-22,11.920000076293945,11.420000076293945,11.4399995803833,11.800000190734863,817800.0,9.984292030334473
2003-05-23,12.109999656677246,11.75,11.800000190734863,12.039999961853027,942500.0,10.187359809875488
2003-05-27,12.539999961853027,11.899999618530273,12.050000190734863,12.5,1328700.0,10.576577186584473
2003-05-28,12.800000190734863,12.489999771118164,12.550000190734863,12.649999618530273,1168200.0,10.703500747680664
2003-05-29,12.930000305175781,12.600000381469727,12.600000381469727,12.800000190734863,776600.0,10.830415725708008
2003-05-30,13.0,12.710000038146973,12.779999732971191,12.789999961853027,676300.0,10.821954727172852
2003-06-02,13.1899995803833,12.699999809265137,12.789999961853027,12.819999694824219,602800.0,10.847338676452637
2003-06-03,12.949999809265137,12.710000038146973,12.850000381469727,12.779999732971191,755800.0,10.813490867614746
2003-06-04,13.489999771118164,12.699999809265137,12.779999732971191,13.470000267028809,468700.0,11.397320747375488
2003-06-05,13.800000190734863,13.199999809265137,13.460000038146973,13.720000267028809,464500.0,11.608853340148926
2003-06-06,13.989999771118164,13.59000015258789,13.699999809265137,13.800000190734863,999400.0,11.676545143127441
2003-06-09,13.850000381469727,12.850000381469727,13.75,12.979999542236328,781100.0,10.98271369934082
2003-06-10,13.600000381469727,12.989999771118164,12.989999771118164,13.289999961853027,742500.0,11.245019912719727
2003-06-11,13.760000228881836,13.100000381469727,13.350000381469727,13.699999809265137,608000.0,11.59193229675293
2003-06-12,13.800000190734863,13.210000038146973,13.789999961853027,13.25,952400.0,11.211172103881836
2003-06-13,13.649999618530273,12.989999771118164,13.399999618530273,13.210000038146973,731300.0,11.177326202392578
2003-06-16,13.710000038146973,13.3100004196167,13.3100004196167,13.5,1227400.0,11.422704696655273
2003-06-17,13.800000190734863,13.449999809265137,13.5,13.720000267028809,798900.0,11.608853340148926
2003-06-18,14.0600004196167,13.5,13.729999542236328,13.989999771118164,1157200.0,11.837306022644043
2003-06-19,14.329999923706055,13.9399995803833,14.199999809265137,13.960000038146973,1072500.0,11.811918258666992
2003-06-20,14.0,13.800000190734863,14.0,13.859999656677246,819900.0,11.72730827331543
2003-06-23,13.760000228881836,13.069999694824219,13.760000228881836,13.369999885559082,543600.0,11.312711715698242
2003-06-24,13.520000457763672,13.149999618530273,13.369999885559082,13.420000076293945,538900.0,11.35501766204834
2003-06-25,13.520000457763672,13.3100004196167,13.430000305175781,13.449999809265137,423200.0,11.380400657653809
2003-06-26,13.5,13.25,13.399999618530273,13.449999809265137,364200.0,11.380400657653809
2003-06-27,14.0,13.5,13.5,13.850000381469727,790100.0,11.71884536743164
2003-06-30,14.09000015258789,13.600000381469727,13.84000015258789,13.8100004196167,997700.0,11.685004234313965
2003-07-01,13.75,13.329999923706055,13.75,13.6899995803833,734900.0,11.58346939086914
2003-07-02,14.100000381469727,13.729999542236328,13.789999961853027,14.0,1083000.0,11.845768928527832
2003-07-03,14.010000228881836,13.850000381469727,14.0,13.960000038146973,438200.0,11.811918258666992
2003-07-07,14.149999618530273,14.0,14.029999732971191,14.100000381469727,1166700.0,11.930381774902344
2003-07-08,14.109999656677246,13.979999542236328,14.100000381469727,14.0,1927900.0,11.845768928527832
2003-07-09,14.489999771118164,13.899999618530273,14.069999694824219,14.399999618530273,1448500.0,12.184220314025879
2003-07-10,14.399999618530273,13.90999984741211,14.399999618530273,14.0,696800.0,11.845768928527832
2003-07-11,14.25,14.100000381469727,14.100000381469727,14.199999809265137,1502100.0,12.01499080657959
2003-07-14,14.970000267028809,14.300000190734863,14.300000190734863,14.720000267028809,631700.0,12.45498275756836
2003-07-15,14.949999809265137,14.539999961853027,14.819999694824219,14.760000228881836,579400.0,12.488828659057617
2003-07-16,14.899999618530273,14.039999961853027,14.680000305175781,14.399999618530273,665400.0,12.242277145385742
2003-07-17,14.300000190734863,13.699999809265137,14.300000190734863,14.0,671000.0,11.902213096618652
2003-07-18,14.479999542236328,13.710000038146973,13.899999618530273,14.319999694824219,873100.0,12.174266815185547
2003-07-21,14.350000381469727,13.800000190734863,14.350000381469727,13.970000267028809,485800.0,11.876709938049316
2003-07-22,14.380000114440918,13.430000305175781,14.0,14.270000457763672,565200.0,12.131757736206055
2003-07-23,13.890000343322754,12.449999809265137,13.5,13.649999618530273,1925100.0,11.604660987854004
2003-07-24,14.890000343322754,14.109999656677246,14.25,14.329999923706055,957800.0,12.182768821716309
2003-07-25,14.75,13.949999809265137,14.430000305175781,14.649999618530273,812700.0,12.454819679260254
2003-07-28,14.989999771118164,14.550000190734863,14.75,14.850000381469727,458600.0,12.624850273132324
2003-07-29,14.899999618530273,14.300000190734863,14.899999618530273,14.550000190734863,494100.0,12.369800567626953
2003-07-30,15.319999694824219,14.789999961853027,14.850000381469727,15.140000343322754,949900.0,12.8713960647583
2003-07-31,15.239999771118164,14.699999809265137,15.199999809265137,14.859999656677246,636600.0,12.633349418640137
2003-08-01,15.1899995803833,14.649999618530273,14.760000228881836,15.029999732971191,424300.0,12.777873992919922
2003-08-04,15.130000114440918,14.350000381469727,14.930000305175781,14.899999618530273,541500.0,12.667359352111816
2003-08-05,15.149999618530273,14.800000190734863,15.0,15.010000228881836,652100.0,12.76087474822998
2003-08-06,15.010000228881836,13.960000038146973,15.010000228881836,14.039999961853027,1126800.0,11.9362211227417
2003-08-07,14.4399995803833,14.15999984741211,14.199999809265137,14.25,600100.0,12.114754676818848
2003-08-08,14.680000305175781,14.050000190734863,14.350000381469727,14.15999984741211,705900.0,12.038241386413574
2003-08-11,14.449999809265137,14.199999809265137,14.210000038146973,14.359999656677246,514800.0,12.208270072937012
2003-08-12,14.710000038146973,14.3100004196167,14.369999885559082,14.699999809265137,532600.0,12.497323989868164
2003-08-13,15.399999618530273,14.880000114440918,14.899999618530273,15.229999542236328,534000.0,12.947909355163574
2003-08-14,15.239999771118164,14.920000076293945,15.229999542236328,15.140000343322754,487000.0,12.8713960647583
2003-08-15,15.649999618530273,15.140000343322754,15.300000190734863,15.350000381469727,227400.0,13.049924850463867
2003-08-18,15.6899995803833,15.319999694824219,15.350000381469727,15.550000190734863,836100.0,13.21996021270752
2003-08-19,16.06999969482422,15.5600004196167,15.59000015258789,16.0,1055500.0,13.602534294128418
2003-08-20,16.43000030517578,15.899999618530273,15.899999618530273,15.989999771118164,895900.0,13.594030380249023
2003-08-21,16.34000015258789,15.869999885559082,16.200000762939453,15.979999542236328,629900.0,13.585532188415527
2003-08-22,16.219999313354492,15.5,16.020000457763672,15.600000381469727,683300.0,13.262466430664062
2003-08-25,15.8100004196167,15.420000076293945,15.649999618530273,15.539999961853027,514700.0,13.211457252502441
2003-08-26,15.680000305175781,15.15999984741211,15.539999961853027,15.619999885559082,537400.0,13.279471397399902
2003-08-27,15.729999542236328,15.289999961853027,15.319999694824219,15.449999809265137,653500.0,13.134943962097168
2003-08-28,15.579999923706055,15.229999542236328,15.5,15.319999694824219,925900.0,13.024425506591797
2003-08-29,16.540000915527344,15.359999656677246,15.399999618530273,16.540000915527344,930000.0,14.061620712280273
2003-09-02,16.600000381469727,16.299999237060547,16.600000381469727,16.43000030517578,586600.0,13.968103408813477
2003-09-03,16.479999542236328,16.1299991607666,16.450000762939453,16.25,420200.0,13.815068244934082
2003-09-04,17.200000762939453,16.200000762939453,16.25,16.860000610351562,891100.0,14.333670616149902
2003-09-05,16.989999771118164,16.6200008392334,16.799999237060547,16.920000076293945,589300.0,14.384675979614258
2003-09-08,17.0,16.600000381469727,16.920000076293945,16.690000534057617,601500.0,14.189143180847168
2003-09-09,16.780000686645508,16.270000457763672,16.75,16.40999984741211,695000.0,13.951098442077637
2003-09-10,16.200000762939453,15.6899995803833,16.15999984741211,15.729999542236328,633600.0,13.372986793518066
2003-09-11,16.170000076293945,15.609999656677246,15.979999542236328,15.699999809265137,598600.0,13.347482681274414
2003-09-12,15.850000381469727,15.220000267028809,15.550000190734863,15.699999809265137,940600.0,13.347482681274414
2003-09-15,16.100000381469727,15.720000267028809,15.800000190734863,16.049999237060547,781200.0,13.645037651062012
2003-09-16,16.5,16.0,16.0,16.450000762939453,447100.0,13.985101699829102
2003-09-17,16.68000030517578,16.31999969482422,16.5,16.6299991607666,409700.0,14.138134002685547
2003-09-18,17.0,16.600000381469727,16.600000381469727,16.889999389648438,1110300.0,14.359173774719238
2003-09-19,17.09000015258789,16.829999923706055,17.0,16.93000030517578,648000.0,14.393171310424805
2003-09-22,16.889999389648438,16.299999237060547,16.299999237060547,16.5,393000.0,14.027606964111328
2003-09-23,17.06999969482422,16.700000762939453,16.700000762939453,17.049999237060547,665800.0,14.495197296142578
2003-09-24,17.0,16.260000228881836,16.950000762939453,16.260000228881836,571100.0,13.82357406616211
2003-09-25,16.579999923706055,16.049999237060547,16.360000610351562,16.1200008392334,372500.0,13.704549789428711
2003-09-26,16.200000762939453,15.4399995803833,16.010000228881836,15.460000038146973,531900.0,13.14344310760498
2003-09-29,16.0,15.5,15.5,15.920000076293945,730400.0,13.534516334533691
2003-09-30,15.75,15.050000190734863,15.75,15.3100004196167,756100.0,13.015923500061035
2003-10-01,16.110000610351562,15.300000190734863,15.3100004196167,16.110000610351562,652600.0,13.696048736572266
2003-10-02,16.270000457763672,15.979999542236328,16.149999618530273,16.110000610351562,489200.0,13.696048736572266
2003-10-03,16.770000457763672,16.299999237060547,16.309999465942383,16.479999542236328,701300.0,14.010601997375488
2003-10-06,16.549999237060547,16.200000762939453,16.420000076293945,16.5,517300.0,14.027606964111328
2003-10-07,16.579999923706055,16.229999542236328,16.5,16.43000030517578,465200.0,13.968103408813477
2003-10-08,16.639999389648438,16.299999237060547,16.5,16.520000457763672,779100.0,14.044612884521484
2003-10-09,17.049999237060547,16.520000457763672,16.549999237060547,16.920000076293945,1623900.0,14.384675979614258
2003-10-10,17.3799991607666,17.059999465942383,17.149999618530273,17.190000534057617,832300.0,14.614218711853027
2003-10-13,17.549999237060547,17.190000534057617,17.299999237060547,17.43000030517578,538600.0,14.818262100219727
2003-10-14,17.600000381469727,17.25,17.329999923706055,17.40999984741211,511900.0,14.801257133483887
2003-10-15,17.6200008392334,16.920000076293945,17.5,16.979999542236328,752700.0,14.493963241577148
2003-10-16,17.25,16.84000015258789,16.969999313354492,17.200000762939453,677200.0,14.68174934387207
2003-10-17,17.200000762939453,16.610000610351562,17.200000762939453,16.65999984741211,630600.0,14.220813751220703
2003-10-20,16.8799991607666,16.559999465942383,16.649999618530273,16.850000381469727,624400.0,14.382993698120117
2003-10-21,16.899999618530273,16.65999984741211,16.729999542236328,16.770000457763672,424100.0,14.314706802368164
2003-10-22,16.670000076293945,16.200000762939453,16.649999618530273,16.25,611700.0,13.870843887329102
2003-10-23,17.329999923706055,16.200000762939453,16.399999618530273,17.06999969482422,1159200.0,14.570778846740723
2003-10-24,17.270000457763672,16.979999542236328,17.0,17.209999084472656,933300.0,14.690284729003906
2003-10-27,17.790000915527344,17.200000762939453,17.219999313354492,17.739999771118164,826000.0,15.142695426940918
2003-10-28,18.329999923706055,17.780000686645508,17.790000915527344,18.25,828300.0,15.578017234802246
2003-10-29,18.239999771118164,17.940000534057617,18.049999237060547,18.0,727100.0,15.3646240234375
2003-10-30,18.200000762939453,17.8799991607666,18.0,18.079999923706055,824600.0,15.432913780212402
2003-10-31,18.239999771118164,17.899999618530273,18.1200008392334,18.010000228881836,600400.0,15.373167991638184
2003-11-03,18.469999313354492,18.049999237060547,18.049999237060547,18.299999237060547,503500.0,15.62070369720459
2003-11-04,18.709999084472656,18.200000762939453,18.399999618530273,18.670000076293945,546000.0,15.936522483825684
2003-11-05,18.670000076293945,17.899999618530273,18.549999237060547,18.299999237060547,635500.0,15.62070369720459
2003-11-06,18.229999542236328,17.829999923706055,18.219999313354492,18.06999969482422,933500.0,15.42437744140625
2003-11-07,18.170000076293945,17.799999237060547,18.049999237060547,17.799999237060547,487900.0,15.193904876708984
2003-11-10,17.940000534057617,17.1200008392334,17.860000610351562,17.18000030517578,983300.0,14.664677619934082
2003-11-11,17.25,16.920000076293945,17.18000030517578,17.06999969482422,712200.0,14.570778846740723
2003-11-12,17.489999771118164,16.959999084472656,17.06999969482422,17.110000610351562,1727100.0,14.604931831359863
2003-11-13,17.459999084472656,16.979999542236328,17.200000762939453,17.280000686645508,1155700.0,14.75003719329834
2003-11-14,17.579999923706055,16.809999465942383,17.309999465942383,16.850000381469727,621800.0,14.382993698120117
2003-11-17,17.100000381469727,15.5,17.100000381469727,15.979999542236328,1242400.0,13.640373229980469
2003-11-18,16.280000686645508,15.789999961853027,16.079999923706055,15.829999923706055,1571400.0,13.512334823608398
2003-11-19,16.139999389648438,15.899999618530273,15.949999809265137,15.949999809265137,820400.0,13.614763259887695
2003-11-20,16.1200008392334,15.680000305175781,15.899999618530273,15.680000305175781,602800.0,13.384294509887695
2003-11-21,16.1200008392334,15.819999694824219,15.850000381469727,16.010000228881836,1204800.0,13.665979385375977
2003-11-24,16.260000228881836,16.040000915527344,16.100000381469727,16.239999771118164,746600.0,13.862303733825684
2003-11-25,16.5,16.209999084472656,16.239999771118164,16.31999969482422,566600.0,13.930588722229004
2003-11-26,16.899999618530273,16.329999923706055,16.329999923706055,16.84000015258789,679300.0,14.374458312988281
2003-11-28,16.979999542236328,16.6299991607666,16.700000762939453,16.90999984741211,227200.0,14.43421459197998
2003-12-01,16.829999923706055,16.219999313354492,16.65999984741211,16.329999923706055,910400.0,13.939129829406738
2003-12-02,16.709999084472656,16.260000228881836,16.440000534057617,16.3799991607666,699300.0,13.981809616088867
2003-12-03,16.93000030517578,16.329999923706055,16.350000381469727,16.719999313354492,733700.0,14.272029876708984
2003-12-04,16.6299991607666,16.170000076293945,16.549999237060547,16.5,427700.0,14.08423900604248
2003-12-05,16.350000381469727,15.9399995803833,16.200000762939453,16.049999237060547,426600.0,13.700122833251953
2003-12-08,16.229999542236328,15.800000190734863,16.0,15.970000267028809,388900.0,13.631834030151367
2003-12-09,16.31999969482422,15.630000114440918,16.059999465942383,15.699999809265137,476000.0,13.401369094848633
2003-12-10,15.760000228881836,15.270000457763672,15.649999618530273,15.40999984741211,497000.0,13.153822898864746
2003-12-11,16.110000610351562,15.489999771118164,15.539999961853027,16.09000015258789,312000.0,13.734265327453613
2003-12-12,16.299999237060547,16.0,16.18000030517578,16.25,436900.0,13.870843887329102
2003-12-15,16.489999771118164,15.770000457763672,16.450000762939453,15.8100004196167,607800.0,13.49526309967041
2003-12-16,16.399999618530273,15.859999656677246,16.0,16.360000610351562,643200.0,13.964734077453613
2003-12-17,16.1200008392334,15.800000190734863,16.110000610351562,15.920000076293945,634000.0,13.589157104492188
2003-12-18,16.829999923706055,15.920000076293945,15.930000305175781,16.829999923706055,722200.0,14.365920066833496
2003-12-19,16.899999618530273,16.520000457763672,16.899999618530273,16.739999771118164,768800.0,14.289092063903809
2003-12-22,17.030000686645508,16.469999313354492,16.549999237060547,16.8799991607666,538900.0,14.408607482910156
2003-12-23,17.190000534057617,16.799999237060547,16.799999237060547,17.1200008392334,557500.0,14.613469123840332
2003-12-24,17.149999618530273,16.760000228881836,16.920000076293945,16.989999771118164,306900.0,14.5024995803833
2003-12-26,17.139999389648438,16.790000915527344,16.899999618530273,16.829999923706055,100300.0,14.365920066833496
2003-12-29,17.190000534057617,16.770000457763672,16.770000457763672,16.950000762939453,612200.0,14.468352317810059
2003-12-30,17.270000457763672,16.850000381469727,16.899999618530273,17.219999313354492,417500.0,14.698827743530273
2003-12-31,17.459999084472656,17.06999969482422,17.3700008392334,17.06999969482422,427600.0,14.570778846740723
2004-01-02,17.8799991607666,17.25,17.25,17.549999237060547,458700.0,14.980506896972656
2004-01-05,17.639999389648438,17.299999237060547,17.5,17.56999969482422,626100.0,14.997581481933594
2004-01-06,18.270000457763672,17.459999084472656,17.56999969482422,18.239999771118164,832600.0,15.569487571716309
2004-01-07,18.729999542236328,18.25,18.299999237060547,18.65999984741211,1062900.0,15.927997589111328
2004-01-08,18.8700008392334,18.3799991607666,18.700000762939453,18.540000915527344,759600.0,15.82557201385498
2004-01-09,18.399999618530273,18.149999618530273,18.350000381469727,18.280000686645508,529400.0,15.603633880615234
2004-01-12,18.3700008392334,18.149999618530273,18.280000686645508,18.31999969482422,870000.0,15.637772560119629
2004-01-13,18.5,18.0,18.399999618530273,18.280000686645508,635200.0,15.603633880615234
2004-01-14,18.610000610351562,18.239999771118164,18.459999084472656,18.559999465942383,534100.0,15.903526306152344
2004-01-15,18.649999618530273,18.309999465942383,18.5,18.5,686700.0,15.852126121520996
2004-01-16,19.389999389648438,18.489999771118164,18.5,19.299999237060547,909500.0,16.537622451782227
2004-01-20,19.549999237060547,18.950000762939453,19.299999237060547,19.09000015258789,775400.0,16.357677459716797
2004-01-21,19.389999389648438,18.790000915527344,19.100000381469727,19.18000030517578,408100.0,16.434791564941406
2004-01-22,19.450000762939453,19.149999618530273,19.149999618530273,19.209999084472656,607900.0,16.46049690246582
2004-01-23,19.399999618530273,18.729999542236328,19.299999237060547,18.829999923706055,682300.0,16.134889602661133
2004-01-26,19.469999313354492,18.530000686645508,18.850000381469727,19.450000762939453,582000.0,16.666147232055664
2004-01-27,20.299999237060547,19.3799991607666,19.489999771118164,20.059999465942383,1520700.0,17.188840866088867
2004-01-28,21.600000381469727,20.149999618530273,20.25,21.0,3054300.0,17.994308471679688
2004-01-29,21.5,20.360000610351562,21.010000228881836,20.520000457763672,2101400.0,17.5830020904541
2004-01-30,20.979999542236328,20.239999771118164,20.520000457763672,20.649999618530273,922500.0,17.69439125061035
2004-02-02,21.3700008392334,20.84000015258789,20.93000030517578,21.059999465942383,865100.0,18.04570770263672
2004-02-03,21.209999084472656,20.700000762939453,20.75,21.0,819500.0,17.994308471679688
2004-02-04,21.049999237060547,20.290000915527344,21.010000228881836,20.489999771118164,651000.0,17.55729866027832
2004-02-05,20.610000610351562,20.110000610351562,20.299999237060547,20.399999618530273,623300.0,17.480175018310547
2004-02-06,21.219999313354492,20.549999237060547,20.549999237060547,21.219999313354492,377300.0,18.182809829711914
2004-02-09,22.079999923706055,21.219999313354492,21.299999237060547,21.649999618530273,728000.0,18.551271438598633
2004-02-10,21.229999542236328,20.799999237060547,20.899999618530273,21.190000534057617,1347800.0,18.157114028930664
2004-02-11,21.530000686645508,21.15999984741211,21.25,21.510000228881836,848500.0,18.431310653686523
2004-02-12,21.739999771118164,21.360000610351562,21.559999465942383,21.360000610351562,476900.0,18.30278205871582
2004-02-13,21.299999237060547,20.690000534057617,21.260000228881836,20.889999389648438,545800.0,17.900041580200195
2004-02-17,21.25,20.93000030517578,21.25,20.959999084472656,691400.0,17.96001625061035
2004-02-18,21.139999389648438,20.790000915527344,21.0,20.93000030517578,447200.0,17.934316635131836
2004-02-19,21.299999237060547,20.899999618530273,20.950000762939453,20.899999618530273,650400.0,17.90860366821289
2004-02-20,20.950000762939453,20.270000457763672,20.950000762939453,20.6200008392334,447100.0,17.668697357177734
2004-02-23,20.610000610351562,19.8700008392334,20.600000381469727,20.200000762939453,696200.0,17.308792114257812
2004-02-24,20.31999969482422,19.780000686645508,20.149999618530273,20.239999771118164,760100.0,17.343074798583984
2004-02-25,20.90999984741211,20.290000915527344,20.299999237060547,20.790000915527344,541900.0,17.814355850219727
2004-02-26,21.09000015258789,20.65999984741211,20.799999237060547,21.09000015258789,881100.0,18.0714168548584
2004-02-27,21.190000534057617,20.809999465942383,21.0,20.84000015258789,494300.0,17.857202529907227
2004-03-01,21.600000381469727,20.809999465942383,20.829999923706055,21.540000915527344,450000.0,18.457015991210938
2004-03-02,21.729999542236328,21.40999984741211,21.489999771118164,21.649999618530273,442400.0,18.551271438598633
2004-03-03,21.989999771118164,21.34000015258789,21.600000381469727,21.739999771118164,720600.0,18.628385543823242
2004-03-04,21.899999618530273,21.420000076293945,21.899999618530273,21.520000457763672,604600.0,18.43987274169922
2004-03-05,21.84000015258789,21.239999771118164,21.5,21.610000610351562,516200.0,18.516983032226562
2004-03-08,21.799999237060547,20.739999771118164,21.559999465942383,20.770000457763672,466400.0,17.797222137451172
2004-03-09,20.84000015258789,20.149999618530273,20.799999237060547,20.229999542236328,690300.0,17.334514617919922
2004-03-10,20.290000915527344,19.670000076293945,20.229999542236328,19.75,553400.0,16.923213958740234
2004-03-11,19.899999618530273,19.0,19.40999984741211,19.200000762939453,661300.0,16.45193099975586
2004-03-12,19.549999237060547,19.200000762939453,19.209999084472656,19.399999618530273,709900.0,16.62330436706543
2004-03-15,19.40999984741211,17.90999984741211,19.40999984741211,18.5,829600.0,15.852126121520996
2004-03-16,19.049999237060547,18.149999618530273,18.950000762939453,18.600000381469727,511900.0,15.937806129455566
2004-03-17,19.809999465942383,18.75,18.799999237060547,19.450000762939453,607900.0,16.666147232055664
2004-03-18,19.510000228881836,18.6299991607666,19.25,19.149999618530273,730400.0,16.40909194946289
2004-03-19,19.889999389648438,19.06999969482422,19.079999923706055,19.350000381469727,714800.0,16.58045768737793
2004-03-22,19.459999084472656,18.899999618530273,19.360000610351562,19.09000015258789,541900.0,16.357677459716797
2004-03-23,19.6299991607666,19.209999084472656,19.34000015258789,19.3799991607666,565800.0,16.606168746948242
2004-03-24,19.6299991607666,19.260000228881836,19.350000381469727,19.309999465942383,333600.0,16.54619026184082
2004-03-25,19.8700008392334,19.329999923706055,19.329999923706055,19.850000381469727,676600.0,17.008892059326172
2004-03-26,20.489999771118164,19.700000762939453,19.700000762939453,20.229999542236328,683300.0,17.334514617919922
2004-03-29,20.8799991607666,20.3700008392334,20.450000762939453,20.549999237060547,540400.0,17.608707427978516
2004-03-30,21.0,20.399999618530273,20.510000228881836,20.719999313354492,754600.0,17.754383087158203
2004-03-31,20.81999969482422,20.5,20.729999542236328,20.690000534057617,536300.0,17.728679656982422
2004-04-01,21.299999237060547,20.610000610351562,20.610000610351562,21.100000381469727,661300.0,18.07998275756836
2004-04-02,21.40999984741211,20.950000762939453,21.100000381469727,21.350000381469727,528000.0,18.29420280456543
2004-04-05,21.649999618530273,21.170000076293945,21.450000762939453,21.299999237060547,512600.0,18.251365661621094
2004-04-06,21.610000610351562,21.200000762939453,21.299999237060547,21.329999923706055,810100.0,18.277069091796875
2004-04-07,21.860000610351562,21.200000762939453,21.329999923706055,21.809999465942383,797800.0,18.688358306884766
2004-04-08,22.31999969482422,21.809999465942383,21.809999465942383,22.31999969482422,830500.0,19.12537384033203
2004-04-12,22.59000015258789,22.100000381469727,22.31999969482422,22.25,608600.0,19.065385818481445
2004-04-13,22.389999389648438,21.690000534057617,22.350000381469727,21.8700008392334,801500.0,18.73978042602539
2004-04-14,21.989999771118164,21.450000762939453,21.770000457763672,21.549999237060547,636700.0,18.465578079223633
2004-04-15,22.09000015258789,21.329999923706055,21.56999969482422,21.489999771118164,479800.0,18.414167404174805
2004-04-16,21.600000381469727,20.84000015258789,21.600000381469727,20.850000381469727,768800.0,17.865760803222656
2004-04-19,21.229999542236328,20.780000686645508,20.790000915527344,21.170000076293945,504500.0,18.139968872070312
2004-04-20,21.299999237060547,20.270000457763672,21.170000076293945,20.309999465942383,462100.0,17.40305519104004
2004-04-21,20.770000457763672,20.329999923706055,20.350000381469727,20.450000762939453,595600.0,17.5836238861084
2004-04-22,20.90999984741211,20.309999465942383,20.5,20.850000381469727,868900.0,17.92754554748535
2004-04-23,21.299999237060547,20.15999984741211,20.850000381469727,20.450000762939453,800000.0,17.5836238861084
2004-04-26,20.649999618530273,19.989999771118164,20.549999237060547,20.100000381469727,830900.0,17.28268051147461
2004-04-27,20.309999465942383,19.5,20.309999465942383,19.649999618530273,1853600.0,16.895763397216797
2004-04-28,19.65999984741211,18.950000762939453,19.6200008392334,19.100000381469727,737000.0,16.422853469848633
2004-04-29,19.540000915527344,18.920000076293945,19.18000030517578,19.450000762939453,1455200.0,16.72378921508789
2004-04-30,19.440000534057617,19.06999969482422,19.440000534057617,19.25,1094900.0,16.551822662353516
2004-05-03,19.860000610351562,19.18000030517578,19.219999313354492,19.860000610351562,1113000.0,17.076322555541992
2004-05-04,20.049999237060547,19.459999084472656,19.799999237060547,19.739999771118164,785800.0,16.9731388092041
2004-05-05,19.75,19.290000915527344,19.649999618530273,19.399999618530273,954000.0,16.680803298950195
2004-05-06,19.479999542236328,18.889999389648438,19.25,19.420000076293945,398700.0,16.698001861572266
2004-05-07,19.600000381469727,19.18000030517578,19.299999237060547,19.229999542236328,840500.0,16.534622192382812
2004-05-10,18.899999618530273,17.950000762939453,18.5,18.25,1051000.0,15.691981315612793
2004-05-11,18.799999237060547,18.309999465942383,18.479999542236328,18.59000015258789,517300.0,15.98433780670166
2004-05-12,18.59000015258789,17.899999618530273,18.59000015258789,18.3799991607666,664300.0,15.803765296936035
2004-05-13,18.559999465942383,18.06999969482422,18.18000030517578,18.399999618530273,538400.0,15.820966720581055
2004-05-14,18.5,18.010000228881836,18.399999618530273,18.329999923706055,430700.0,15.760777473449707
2004-05-17,18.200000762939453,17.600000381469727,18.0,17.81999969482422,473400.0,15.32225227355957
2004-05-18,18.18000030517578,17.8799991607666,17.920000076293945,17.940000534057617,420300.0,15.425440788269043
2004-05-19,18.899999618530273,18.18000030517578,18.190000534057617,18.270000457763672,922200.0,15.709183692932129
2004-05-20,18.600000381469727,18.18000030517578,18.350000381469727,18.350000381469727,619800.0,15.777973175048828
2004-05-21,18.579999923706055,18.170000076293945,18.5,18.260000228881836,421500.0,15.700584411621094
2004-05-24,18.600000381469727,18.170000076293945,18.5,18.489999771118164,525600.0,15.898344993591309
2004-05-25,19.229999542236328,18.34000015258789,18.5,19.209999084472656,765700.0,16.51742172241211
2004-05-26,19.700000762939453,19.170000076293945,19.209999084472656,19.700000762939453,673900.0,16.938749313354492
2004-05-27,19.950000762939453,19.3799991607666,19.850000381469727,19.479999542236328,555700.0,16.749584197998047
2004-05-28,19.6200008392334,19.25,19.549999237060547,19.510000228881836,272900.0,16.77538299560547
2004-06-01,19.510000228881836,19.06999969482422,19.510000228881836,19.299999237060547,647400.0,16.594820022583008
2004-06-02,19.399999618530273,19.06999969482422,19.399999618530273,19.190000534057617,360400.0,16.500228881835938
2004-06-03,20.09000015258789,19.09000015258789,19.5,19.860000610351562,1449900.0,17.076322555541992
2004-06-04,20.110000610351562,19.700000762939453,19.8700008392334,19.75,407700.0,16.98174285888672
2004-06-07,20.639999389648438,19.850000381469727,19.850000381469727,20.6200008392334,505800.0,17.729801177978516
2004-06-08,20.84000015258789,20.6200008392334,20.6299991607666,20.809999465942383,556600.0,17.893163681030273
2004-06-09,20.799999237060547,20.1200008392334,20.799999237060547,20.1200008392334,598100.0,17.299888610839844
2004-06-10,20.25,19.959999084472656,20.18000030517578,20.079999923706055,711000.0,17.265493392944336
2004-06-14,19.850000381469727,19.559999465942383,19.799999237060547,19.649999618530273,513700.0,16.895763397216797
2004-06-15,19.899999618530273,19.540000915527344,19.799999237060547,19.780000686645508,522800.0,17.007524490356445
2004-06-16,19.809999465942383,19.610000610351562,19.780000686645508,19.709999084472656,442000.0,16.947341918945312
2004-06-17,19.729999542236328,19.299999237060547,19.700000762939453,19.639999389648438,793900.0,16.887163162231445
2004-06-18,19.899999618530273,19.5,19.600000381469727,19.5,476700.0,16.766782760620117
2004-06-21,19.68000030517578,19.219999313354492,19.530000686645508,19.239999771118164,322600.0,16.543230056762695
2004-06-22,19.469999313354492,19.200000762939453,19.299999237060547,19.420000076293945,595700.0,16.698001861572266
2004-06-23,19.950000762939453,19.450000762939453,19.5,19.8799991607666,488800.0,17.0935115814209
2004-06-24,20.899999618530273,19.850000381469727,19.850000381469727,20.290000915527344,692500.0,17.446046829223633
2004-06-25,20.700000762939453,20.299999237060547,20.299999237060547,20.639999389648438,630500.0,17.746990203857422
2004-06-28,20.770000457763672,19.81999969482422,20.670000076293945,19.940000534057617,484500.0,17.145109176635742
2004-06-29,20.1299991607666,19.899999618530273,20.0,20.030000686645508,768100.0,17.22249412536621
2004-06-30,20.299999237060547,19.8799991607666,20.09000015258789,20.040000915527344,712500.0,17.231090545654297
2004-07-01,20.0,19.25,20.0,19.3700008392334,726300.0,16.65500259399414
2004-07-02,19.399999618530273,18.81999969482422,19.399999618530273,19.139999389648438,647600.0,16.457242965698242
2004-07-06,19.149999618530273,18.5,19.139999389648438,18.540000915527344,698000.0,15.9413423538208
2004-07-07,18.75,18.389999389648438,18.540000915527344,18.530000686645508,952500.0,15.932733535766602
2004-07-08,18.3700008392334,17.799999237060547,18.299999237060547,17.84000015258789,933400.0,15.339452743530273
2004-07-09,18.040000915527344,17.739999771118164,17.950000762939453,17.780000686645508,749900.0,15.287857055664062
2004-07-12,17.8799991607666,17.020000457763672,17.850000381469727,17.139999389648438,1268000.0,14.737566947937012
2004-07-13,17.3799991607666,17.030000686645508,17.18000030517578,17.149999618530273,901500.0,14.746169090270996
2004-07-14,17.299999237060547,16.8700008392334,17.100000381469727,16.989999771118164,701700.0,14.608598709106445
2004-07-15,17.389999389648438,16.920000076293945,17.100000381469727,17.239999771118164,1368000.0,14.82355785369873
2004-07-16,17.489999771118164,16.780000686645508,17.479999542236328,16.84000015258789,718300.0,14.479618072509766
2004-07-19,17.049999237060547,16.670000076293945,16.969999313354492,16.899999618530273,783700.0,14.53121280670166
2004-07-20,17.3700008392334,16.829999923706055,16.989999771118164,17.360000610351562,828200.0,14.926737785339355
2004-07-21,17.709999084472656,16.510000228881836,17.540000915527344,16.530000686645508,529300.0,14.270612716674805
2004-07-22,16.8799991607666,16.450000762939453,16.530000686645508,16.780000686645508,474300.0,14.48644733428955
2004-07-23,16.780000686645508,16.31999969482422,16.780000686645508,16.520000457763672,628900.0,14.261984825134277
2004-07-26,16.510000228881836,15.670000076293945,16.489999771118164,15.739999771118164,597000.0,13.58859634399414
2004-07-27,15.869999885559082,15.050000190734863,15.699999809265137,15.760000228881836,1573500.0,13.605860710144043
2004-07-28,17.309999465942383,15.75,15.800000190734863,17.139999389648438,1503500.0,14.797229766845703
2004-07-29,17.950000762939453,17.0,17.40999984741211,17.149999618530273,1027400.0,14.805871963500977
2004-07-30,17.579999923706055,17.149999618530273,17.200000762939453,17.579999923706055,647800.0,15.177090644836426
2004-08-02,17.489999771118164,17.229999542236328,17.399999618530273,17.399999618530273,501400.0,15.02169132232666
2004-08-03,17.3799991607666,17.09000015258789,17.3799991607666,17.1299991607666,447800.0,14.788596153259277
2004-08-04,17.700000762939453,16.959999084472656,17.1299991607666,17.65999984741211,761300.0,15.246156692504883
2004-08-05,17.649999618530273,16.920000076293945,17.579999923706055,16.969999313354492,645300.0,14.650468826293945
2004-08-06,16.950000762939453,16.209999084472656,16.899999618530273,16.309999465942383,782600.0,14.080683708190918
2004-08-09,16.610000610351562,16.100000381469727,16.260000228881836,16.309999465942383,521300.0,14.080683708190918
2004-08-10,17.049999237060547,16.440000534057617,16.479999542236328,17.040000915527344,538900.0,14.710907936096191
2004-08-11,16.979999542236328,16.440000534057617,16.979999542236328,16.639999389648438,672200.0,14.36557388305664
2004-08-12,16.709999084472656,16.389999389648438,16.649999618530273,16.420000076293945,682600.0,14.175649642944336
2004-08-13,16.600000381469727,15.979999542236328,16.450000762939453,16.1200008392334,528500.0,13.916653633117676
2004-08-16,16.68000030517578,16.079999923706055,16.1299991607666,16.6200008392334,940900.0,14.348310470581055
2004-08-17,17.059999465942383,16.6200008392334,16.6200008392334,16.979999542236328,394700.0,14.659107208251953
2004-08-18,17.75,16.850000381469727,16.850000381469727,17.739999771118164,741900.0,15.315232276916504
2004-08-19,17.700000762939453,17.389999389648438,17.600000381469727,17.5,516300.0,15.108036041259766
2004-08-20,17.969999313354492,17.420000076293945,17.420000076293945,17.889999389648438,535300.0,15.444725036621094
2004-08-23,18.100000381469727,17.479999542236328,17.850000381469727,17.649999618530273,707400.0,15.237530708312988
2004-08-24,17.979999542236328,17.68000030517578,17.690000534057617,17.729999542236328,477000.0,15.30659294128418
2004-08-25,18.100000381469727,17.5,17.829999923706055,18.079999923706055,500500.0,15.608755111694336
2004-08-26,18.049999237060547,17.65999984741211,17.979999542236328,17.829999923706055,422100.0,15.392924308776855
2004-08-27,17.959999084472656,17.700000762939453,17.799999237060547,17.940000534057617,193800.0,15.487890243530273
2004-08-30,17.860000610351562,17.510000228881836,17.709999084472656,17.549999237060547,420600.0,15.151192665100098
2004-08-31,17.610000610351562,17.229999542236328,17.479999542236328,17.479999542236328,393100.0,15.0907621383667
2004-09-01,17.84000015258789,17.43000030517578,17.489999771118164,17.549999237060547,293600.0,15.151192665100098
2004-09-02,17.889999389648438,17.43000030517578,17.549999237060547,17.889999389648438,210100.0,15.444725036621094
2004-09-03,17.899999618530273,17.43000030517578,17.850000381469727,17.540000915527344,325800.0,15.142561912536621
2004-09-07,17.690000534057617,17.3799991607666,17.540000915527344,17.579999923706055,424900.0,15.177090644836426
2004-09-08,17.75,17.329999923706055,17.579999923706055,17.3799991607666,399500.0,15.00442886352539
2004-09-09,18.139999389648438,17.280000686645508,17.3799991607666,18.030000686645508,806800.0,15.565587043762207
2004-09-10,18.450000762939453,17.850000381469727,18.030000686645508,18.43000030517578,515400.0,15.910911560058594
2004-09-13,18.670000076293945,18.18000030517578,18.399999618530273,18.670000076293945,658000.0,16.118101119995117
2004-09-14,18.8799991607666,18.600000381469727,18.670000076293945,18.729999542236328,390800.0,16.169918060302734
2004-09-15,18.799999237060547,18.149999618530273,18.739999771118164,18.170000076293945,797500.0,15.68645191192627
2004-09-16,18.40999984741211,18.09000015258789,18.200000762939453,18.1299991607666,406100.0,15.6519136428833
2004-09-17,18.420000076293945,18.0,18.049999237060547,18.239999771118164,714700.0,15.74688720703125
2004-09-20,18.25,17.829999923706055,18.25,17.8799991607666,784500.0,15.436083793640137
2004-09-21,18.170000076293945,17.829999923706055,17.950000762939453,18.030000686645508,948400.0,15.565587043762207
2004-09-22,18.059999465942383,17.329999923706055,18.010000228881836,17.350000381469727,766100.0,14.978532791137695
2004-09-23,17.479999542236328,17.18000030517578,17.43000030517578,17.190000534057617,698200.0,14.84040641784668
2004-09-24,17.299999237060547,16.8700008392334,17.190000534057617,16.889999389648438,1032800.0,14.581409454345703
2004-09-27,16.959999084472656,16.700000762939453,16.899999618530273,16.81999969482422,1031500.0,14.520976066589355
2004-09-28,17.059999465942383,16.700000762939453,16.75,17.059999465942383,1260900.0,14.728166580200195
2004-09-29,17.280000686645508,16.860000610351562,16.860000610351562,17.219999313354492,689300.0,14.86630916595459
2004-09-30,17.329999923706055,17.049999237060547,17.049999237060547,17.219999313354492,596400.0,14.86630916595459
2004-10-01,18.049999237060547,17.18000030517578,17.350000381469727,18.049999237060547,788000.0,15.582858085632324
2004-10-04,18.420000076293945,18.15999984741211,18.200000762939453,18.290000915527344,548700.0,15.790055274963379
2004-10-05,18.34000015258789,17.649999618530273,18.200000762939453,17.700000762939453,952700.0,15.280692100524902
2004-10-06,18.09000015258789,17.690000534057617,17.700000762939453,18.010000228881836,465800.0,15.548322677612305
2004-10-07,18.31999969482422,17.700000762939453,17.850000381469727,18.1299991607666,922800.0,15.6519136428833
2004-10-08,18.360000610351562,17.979999542236328,18.299999237060547,18.149999618530273,1573700.0,15.669183731079102
2004-10-11,18.290000915527344,17.969999313354492,18.200000762939453,18.010000228881836,306200.0,15.548322677612305
2004-10-12,18.09000015258789,17.799999237060547,17.989999771118164,17.850000381469727,521000.0,15.410194396972656
2004-10-13,18.049999237060547,17.559999465942383,17.899999618530273,17.56999969482422,416800.0,15.168464660644531
2004-10-14,17.549999237060547,17.170000076293945,17.510000228881836,17.260000228881836,529100.0,14.900835990905762
2004-10-15,17.75,17.209999084472656,17.299999237060547,17.68000030517578,624000.0,15.263427734375
2004-10-18,17.950000762939453,17.549999237060547,17.549999237060547,17.920000076293945,752200.0,15.470626831054688
2004-10-19,18.110000610351562,17.75,17.8799991607666,17.850000381469727,600200.0,15.410194396972656
2004-10-20,17.760000228881836,17.200000762939453,17.75,17.56999969482422,560700.0,15.228180885314941
2004-10-21,17.940000534057617,17.3700008392334,17.56999969482422,17.8799991607666,439000.0,15.496857643127441
2004-10-22,17.989999771118164,17.399999618530273,17.979999542236328,17.600000381469727,589100.0,15.254183769226074
2004-10-25,17.6200008392334,17.15999984741211,17.5,17.520000457763672,581300.0,15.18484115600586
2004-10-26,17.90999984741211,17.200000762939453,17.520000457763672,17.8799991607666,815200.0,15.496857643127441
2004-10-27,19.3700008392334,17.790000915527344,17.799999237060547,18.959999084472656,1234400.0,16.432910919189453
2004-10-28,19.329999923706055,18.799999237060547,18.899999618530273,19.200000762939453,1052400.0,16.640920639038086
2004-10-29,21.0,19.139999389648438,19.200000762939453,20.540000915527344,2828600.0,17.802324295043945
2004-11-01,21.15999984741211,19.989999771118164,20.0,20.719999313354492,2457200.0,17.958335876464844
2004-11-02,21.899999618530273,20.200000762939453,20.5,20.950000762939453,1950800.0,18.157676696777344
2004-11-03,22.239999771118164,20.950000762939453,21.5,21.049999237060547,2205100.0,18.244346618652344
2004-11-04,21.56999969482422,21.030000686645508,21.049999237060547,21.350000381469727,1368900.0,18.504358291625977
2004-11-05,21.700000762939453,21.010000228881836,21.399999618530273,21.309999465942383,1149300.0,18.469690322875977
2004-11-08,21.469999313354492,21.209999084472656,21.399999618530273,21.3700008392334,854000.0,18.52169418334961
2004-11-09,21.780000686645508,21.290000915527344,21.299999237060547,21.6299991607666,1006800.0,18.747041702270508
2004-11-10,21.8799991607666,21.579999923706055,21.850000381469727,21.649999618530273,784700.0,18.76438331604004
2004-11-11,21.93000030517578,21.440000534057617,21.600000381469727,21.860000610351562,1122600.0,18.946388244628906
2004-11-12,22.139999389648438,21.68000030517578,21.75,22.139999389648438,1017500.0,19.189069747924805
2004-11-15,22.309999465942383,22.06999969482422,22.139999389648438,22.190000534057617,486900.0,19.23240852355957
2004-11-16,22.139999389648438,21.690000534057617,22.0,21.799999237060547,587500.0,18.894380569458008
2004-11-17,22.18000030517578,21.6299991607666,21.950000762939453,21.790000915527344,536000.0,18.885713577270508
2004-11-18,21.850000381469727,21.209999084472656,21.790000915527344,21.450000762939453,745900.0,18.59103775024414
2004-11-19,21.450000762939453,20.969999313354492,21.440000534057617,21.049999237060547,580000.0,18.244346618652344
2004-11-22,21.0,20.790000915527344,21.0,20.799999237060547,1187300.0,18.027677536010742
2004-11-23,21.0,20.6200008392334,20.799999237060547,20.690000534057617,847000.0,17.932334899902344
2004-11-24,21.059999465942383,20.75,20.799999237060547,20.780000686645508,1500200.0,18.01033592224121
2004-11-26,21.020000457763672,20.649999618530273,20.850000381469727,20.81999969482422,446700.0,18.045005798339844
2004-11-29,21.260000228881836,20.639999389648438,20.850000381469727,21.190000534057617,845800.0,18.36568832397461
2004-11-30,21.399999618530273,21.1299991607666,21.200000762939453,21.329999923706055,688900.0,18.487024307250977
2004-12-01,21.8799991607666,21.450000762939453,21.549999237060547,21.850000381469727,744500.0,18.93771743774414
2004-12-02,22.059999465942383,21.549999237060547,21.850000381469727,21.760000228881836,481300.0,18.859718322753906
2004-12-03,22.09000015258789,21.709999084472656,21.850000381469727,21.920000076293945,441000.0,18.998390197753906
2004-12-06,22.209999084472656,21.770000457763672,22.0,22.1200008392334,562100.0,19.17173194885254
2004-12-07,22.190000534057617,21.350000381469727,22.100000381469727,21.350000381469727,672700.0,18.504358291625977
2004-12-08,21.649999618530273,21.360000610351562,21.450000762939453,21.610000610351562,446900.0,18.72970962524414
2004-12-09,21.729999542236328,21.34000015258789,21.399999618530273,21.649999618530273,555900.0,18.76438331604004
2004-12-10,21.790000915527344,21.440000534057617,21.600000381469727,21.6299991607666,741800.0,18.747041702270508
2004-12-13,21.899999618530273,21.520000457763672,21.75,21.889999389648438,657700.0,18.97239112854004
2004-12-14,22.780000686645508,21.75,21.75,22.700000762939453,1491400.0,19.674421310424805
2004-12-15,23.1299991607666,22.56999969482422,22.81999969482422,22.889999389648438,1478700.0,19.839107513427734
2004-12-16,23.280000686645508,22.610000610351562,22.899999618530273,22.690000534057617,871700.0,19.66575813293457
2004-12-17,22.68000030517578,21.8799991607666,22.389999389648438,21.8799991607666,1225900.0,18.963727951049805
2004-12-20,22.190000534057617,21.65999984741211,22.049999237060547,21.860000610351562,618700.0,18.946388244628906
2004-12-21,22.25,21.899999618530273,22.049999237060547,22.100000381469727,518500.0,19.154394149780273
2004-12-22,22.479999542236328,22.110000610351562,22.1200008392334,22.229999542236328,492500.0,19.267066955566406
2004-12-23,22.459999084472656,22.100000381469727,22.350000381469727,22.139999389648438,344000.0,19.189069747924805
2004-12-27,22.610000610351562,22.139999389648438,22.389999389648438,22.280000686645508,402800.0,19.310405731201172
2004-12-28,22.600000381469727,22.219999313354492,22.270000457763672,22.489999771118164,269400.0,19.492414474487305
2004-12-29,22.559999465942383,22.299999237060547,22.350000381469727,22.5,210300.0,19.501083374023438
2004-12-30,22.809999465942383,22.5,22.5,22.579999923706055,236400.0,19.57042121887207
2004-12-31,22.670000076293945,22.360000610351562,22.639999389648438,22.489999771118164,294200.0,19.492414474487305
2005-01-03,22.600000381469727,21.84000015258789,22.549999237060547,22.09000015258789,641200.0,19.145734786987305
2005-01-04,22.270000457763672,21.610000610351562,22.139999389648438,21.81999969482422,903000.0,18.911725997924805
2005-01-05,21.860000610351562,21.110000610351562,21.799999237060547,21.170000076293945,985400.0,18.348352432250977
2005-01-06,21.610000610351562,21.209999084472656,21.299999237060547,21.3799991607666,669400.0,18.530363082885742
2005-01-07,21.469999313354492,21.09000015258789,21.43000030517578,21.3700008392334,474300.0,18.52169418334961
2005-01-10,21.489999771118164,21.1200008392334,21.299999237060547,21.399999618530273,923800.0,18.54770278930664
2005-01-11,21.399999618530273,20.719999313354492,21.299999237060547,20.989999771118164,567300.0,18.192346572875977
2005-01-12,21.079999923706055,20.670000076293945,20.979999542236328,20.959999084472656,362200.0,18.16634178161621
2005-01-13,21.3700008392334,20.399999618530273,20.68000030517578,20.75,804400.0,17.98433494567871
2005-01-14,21.25,20.780000686645508,21.0,21.100000381469727,464700.0,18.287681579589844
2005-01-18,21.31999969482422,20.739999771118164,20.950000762939453,21.079999923706055,712700.0,18.270347595214844
2005-01-19,21.049999237060547,20.5,21.049999237060547,20.549999237060547,665100.0,17.870332717895508
2005-01-20,20.700000762939453,20.3700008392334,20.540000915527344,20.600000381469727,705500.0,17.9138126373291
2005-01-21,20.8799991607666,20.549999237060547,20.600000381469727,20.760000228881836,1082900.0,18.05295181274414
2005-01-24,20.920000076293945,20.649999618530273,20.799999237060547,20.760000228881836,756300.0,18.05295181274414
2005-01-25,21.200000762939453,20.81999969482422,20.850000381469727,21.020000457763672,672600.0,18.279043197631836
2005-01-26,21.510000228881836,20.850000381469727,21.260000228881836,21.5,801200.0,18.69645881652832
2005-01-27,21.75,21.0,21.450000762939453,21.549999237060547,2004100.0,18.73993492126465
2005-01-28,23.030000686645508,22.110000610351562,22.25,22.549999237060547,1920300.0,19.60953712463379
2005-01-31,23.09000015258789,22.540000915527344,22.600000381469727,22.989999771118164,983800.0,19.992164611816406
2005-02-01,22.989999771118164,22.239999771118164,22.899999618530273,22.889999389648438,1662400.0,19.90520477294922
2005-02-02,23.3799991607666,22.809999465942383,23.100000381469727,23.350000381469727,1015200.0,20.305219650268555
2005-02-03,23.399999618530273,22.770000457763672,23.350000381469727,22.8700008392334,712700.0,19.887819290161133
2005-02-04,23.579999923706055,22.81999969482422,22.899999618530273,23.510000228881836,738900.0,20.444358825683594
2005-02-07,23.850000381469727,23.360000610351562,23.549999237060547,23.65999984741211,1048900.0,20.574798583984375
2005-02-08,23.860000610351562,23.5,23.670000076293945,23.610000610351562,521900.0,20.531320571899414
2005-02-09,23.600000381469727,22.889999389648438,23.600000381469727,22.979999542236328,541000.0,19.983470916748047
2005-02-10,23.139999389648438,22.65999984741211,22.979999542236328,22.799999237060547,402000.0,19.826936721801758
2005-02-11,23.09000015258789,22.610000610351562,22.850000381469727,22.969999313354492,910900.0,19.97477149963379
2005-02-14,23.010000228881836,22.780000686645508,22.780000686645508,22.84000015258789,662300.0,19.861719131469727
2005-02-15,23.079999923706055,22.760000228881836,22.920000076293945,22.8799991607666,451300.0,19.896507263183594
2005-02-16,23.1299991607666,22.549999237060547,22.700000762939453,23.06999969482422,621600.0,20.061725616455078
2005-02-17,23.510000228881836,23.020000457763672,23.149999618530273,23.299999237060547,754100.0,20.26173973083496
2005-02-18,23.360000610351562,22.889999389648438,23.360000610351562,22.950000762939453,619400.0,19.95738410949707
2005-02-22,22.950000762939453,22.280000686645508,22.950000762939453,22.280000686645508,346200.0,19.374740600585938
2005-02-23,22.5,22.139999389648438,22.399999618530273,22.360000610351562,459700.0,19.44431495666504
2005-02-24,22.540000915527344,22.030000686645508,22.360000610351562,22.479999542236328,434500.0,19.548664093017578
2005-02-25,22.59000015258789,22.200000762939453,22.450000762939453,22.530000686645508,457600.0,19.592144012451172
2005-02-28,22.690000534057617,22.06999969482422,22.450000762939453,22.18000030517578,650300.0,19.28778839111328
2005-03-01,22.5,22.139999389648438,22.440000534057617,22.200000762939453,760800.0,19.305179595947266
2005-03-02,22.299999237060547,21.75,22.200000762939453,22.059999465942383,685100.0,19.183427810668945
2005-03-03,22.459999084472656,22.059999465942383,22.25,22.309999465942383,547300.0,19.400840759277344
2005-03-04,23.06999969482422,22.399999618530273,22.450000762939453,23.020000457763672,1016300.0,20.018247604370117
2005-03-07,23.360000610351562,22.760000228881836,23.049999237060547,22.760000228881836,878800.0,19.792160034179688
2005-03-08,23.139999389648438,22.75,22.850000381469727,23.010000228881836,820700.0,20.009557723999023
2005-03-09,23.200000762939453,22.530000686645508,23.020000457763672,22.56999969482422,605400.0,19.62693977355957
2005-03-10,22.75,22.139999389648438,22.700000762939453,22.459999084472656,321000.0,19.531274795532227
2005-03-11,22.75,21.950000762939453,22.600000381469727,22.079999923706055,380700.0,19.20082664489746
2005-03-14,22.299999237060547,21.940000534057617,22.200000762939453,22.0,547400.0,19.131258010864258
2005-03-15,22.239999771118164,21.84000015258789,22.0,21.899999618530273,474000.0,19.044300079345703
2005-03-16,21.90999984741211,21.399999618530273,21.889999389648438,21.420000076293945,676700.0,18.626893997192383
2005-03-17,21.469999313354492,21.1299991607666,21.420000076293945,21.299999237060547,557800.0,18.522541046142578
2005-03-18,21.700000762939453,21.420000076293945,21.479999542236328,21.530000686645508,1097900.0,18.72254753112793
2005-03-21,21.5,21.030000686645508,21.049999237060547,21.25,756100.0,18.47906494140625
2005-03-22,21.420000076293945,20.959999084472656,21.350000381469727,21.0,500100.0,18.261661529541016
2005-03-23,21.889999389648438,21.049999237060547,21.149999618530273,21.739999771118164,1074800.0,18.90516471862793
2005-03-24,22.1299991607666,21.75,21.790000915527344,22.09000015258789,829600.0,19.209522247314453
2005-03-28,22.18000030517578,21.8700008392334,22.149999618530273,21.920000076293945,491800.0,19.061689376831055
2005-03-29,21.969999313354492,21.100000381469727,21.959999084472656,21.149999618530273,888000.0,18.39208984375
2005-03-30,20.299999237060547,19.1200008392334,20.0,19.809999465942383,3568200.0,17.226829528808594
2005-03-31,20.639999389648438,19.84000015258789,19.950000762939453,20.6299991607666,1473300.0,17.939899444580078
2005-04-01,20.81999969482422,20.209999084472656,20.68000030517578,20.31999969482422,976900.0,17.670324325561523
2005-04-04,20.479999542236328,20.100000381469727,20.25,20.450000762939453,626700.0,17.783370971679688
2005-04-05,20.489999771118164,20.059999465942383,20.399999618530273,20.31999969482422,1101200.0,17.670324325561523
2005-04-06,20.8700008392334,20.309999465942383,20.309999465942383,20.799999237060547,657100.0,18.087739944458008
2005-04-07,21.0,20.700000762939453,20.799999237060547,20.790000915527344,437400.0,18.079044342041016
2005-04-08,20.799999237060547,20.540000915527344,20.799999237060547,20.6200008392334,340600.0,17.93121337890625
2005-04-11,20.729999542236328,20.40999984741211,20.600000381469727,20.40999984741211,257900.0,17.748592376708984
2005-04-12,20.420000076293945,19.850000381469727,20.420000076293945,20.399999618530273,936000.0,17.739892959594727
2005-04-13,20.649999618530273,20.09000015258789,20.450000762939453,20.270000457763672,631900.0,17.626846313476562
2005-04-14,20.43000030517578,19.84000015258789,20.200000762939453,20.0,1217900.0,17.392053604125977
2005-04-15,20.059999465942383,19.6299991607666,19.950000762939453,19.639999389648438,832200.0,17.07899284362793
2005-04-18,19.770000457763672,19.600000381469727,19.639999389648438,19.649999618530273,544100.0,17.087697982788086
2005-04-19,19.709999084472656,19.540000915527344,19.690000534057617,19.600000381469727,411000.0,17.044212341308594
2005-04-20,19.850000381469727,19.5,19.600000381469727,19.600000381469727,497400.0,17.105300903320312
2005-04-21,20.600000381469727,19.799999237060547,19.799999237060547,20.559999465942383,664300.0,17.943117141723633
2005-04-22,20.450000762939453,19.5,20.450000762939453,19.6200008392334,997200.0,17.122753143310547
2005-04-25,19.790000915527344,19.329999923706055,19.700000762939453,19.34000015258789,1386100.0,16.878389358520508
2005-04-26,20.34000015258789,19.399999618530273,19.399999618530273,19.8700008392334,1386500.0,17.340940475463867
2005-04-27,20.020000457763672,19.40999984741211,20.020000457763672,19.719999313354492,747300.0,17.210023880004883
2005-04-28,19.920000076293945,18.81999969482422,19.889999389648438,18.889999389648438,1515300.0,16.48567008972168
2005-04-29,18.920000076293945,18.399999618530273,18.889999389648438,18.5,1426500.0,16.145313262939453
2005-05-02,18.700000762939453,18.170000076293945,18.56999969482422,18.229999542236328,1821300.0,15.909672737121582
2005-05-03,18.579999923706055,18.010000228881836,18.309999465942383,18.010000228881836,1511400.0,15.71767807006836
2005-05-04,18.700000762939453,17.920000076293945,18.09000015258789,18.600000381469727,1373600.0,16.232574462890625
2005-05-05,18.889999389648438,18.549999237060547,18.65999984741211,18.829999923706055,1153300.0,16.43330955505371
2005-05-06,19.100000381469727,18.700000762939453,18.950000762939453,18.850000381469727,585300.0,16.450761795043945
2005-05-09,19.139999389648438,18.709999084472656,18.8799991607666,19.0,512400.0,16.581666946411133
2005-05-10,19.25,18.729999542236328,19.010000228881836,18.8799991607666,726600.0,16.47694206237793
2005-05-11,19.079999923706055,18.639999389648438,18.799999237060547,19.059999465942383,663500.0,16.634035110473633
2005-05-12,19.34000015258789,19.0,19.06999969482422,19.09000015258789,729900.0,16.66021728515625
2005-05-13,19.190000534057617,18.420000076293945,19.100000381469727,18.59000015258789,732600.0,16.223854064941406
2005-05-16,18.829999923706055,18.5,18.649999618530273,18.600000381469727,1002100.0,16.232574462890625
2005-05-17,18.549999237060547,18.209999084472656,18.549999237060547,18.399999618530273,738300.0,16.058046340942383
2005-05-18,18.81999969482422,18.3799991607666,18.3799991607666,18.739999771118164,788900.0,16.354764938354492
2005-05-19,19.049999237060547,18.709999084472656,18.719999313354492,19.049999237060547,398900.0,16.62530517578125
2005-05-20,19.239999771118164,18.899999618530273,19.079999923706055,19.190000534057617,446900.0,16.747482299804688
2005-05-23,19.3700008392334,19.079999923706055,19.190000534057617,19.260000228881836,582300.0,16.80858039855957
2005-05-24,19.31999969482422,19.030000686645508,19.200000762939453,19.200000762939453,298800.0,16.756208419799805
2005-05-25,19.200000762939453,18.940000534057617,19.200000762939453,19.030000686645508,362900.0,16.60785675048828
2005-05-26,19.31999969482422,19.1200008392334,19.1200008392334,19.260000228881836,744100.0,16.80858039855957
2005-05-27,19.450000762939453,19.149999618530273,19.299999237060547,19.149999618530273,816900.0,16.71257781982422
2005-05-31,19.34000015258789,19.110000610351562,19.200000762939453,19.1299991607666,1063300.0,16.69512367248535
2005-06-01,19.530000686645508,19.020000457763672,19.18000030517578,19.520000457763672,824900.0,17.035480499267578
2005-06-02,19.549999237060547,18.950000762939453,19.549999237060547,19.200000762939453,1207900.0,16.756208419799805
2005-06-03,19.420000076293945,18.979999542236328,19.299999237060547,19.0,869000.0,16.581666946411133
2005-06-06,19.309999465942383,19.030000686645508,19.049999237060547,19.309999465942383,855700.0,16.852214813232422
2005-06-07,19.860000610351562,19.3799991607666,19.399999618530273,19.549999237060547,1223500.0,17.061655044555664
2005-06-08,19.709999084472656,19.25,19.600000381469727,19.25,768800.0,16.79985237121582
2005-06-09,19.559999465942383,19.260000228881836,19.299999237060547,19.549999237060547,808900.0,17.061655044555664
2005-06-10,19.739999771118164,19.34000015258789,19.600000381469727,19.34000015258789,381100.0,16.878389358520508
2005-06-13,19.700000762939453,19.270000457763672,19.350000381469727,19.389999389648438,447800.0,16.922029495239258
2005-06-14,19.510000228881836,19.290000915527344,19.350000381469727,19.43000030517578,505300.0,16.956945419311523
2005-06-15,19.649999618530273,19.31999969482422,19.510000228881836,19.540000915527344,395200.0,17.052940368652344
2005-06-16,19.700000762939453,19.540000915527344,19.540000915527344,19.639999389648438,363900.0,17.140213012695312
2005-06-17,19.84000015258789,19.5,19.84000015258789,19.600000381469727,569200.0,17.105300903320312
2005-06-20,19.6200008392334,19.350000381469727,19.450000762939453,19.5,814800.0,17.018030166625977
2005-06-21,19.530000686645508,19.31999969482422,19.450000762939453,19.3700008392334,425300.0,16.90458106994629
2005-06-22,19.520000457763672,19.290000915527344,19.3799991607666,19.31999969482422,784300.0,16.860942840576172
2005-06-23,19.329999923706055,18.950000762939453,19.260000228881836,19.1200008392334,1709800.0,16.686397552490234
2005-06-24,19.100000381469727,18.520000457763672,19.09000015258789,18.600000381469727,1094400.0,16.232574462890625
2005-06-27,18.549999237060547,18.0,18.549999237060547,18.15999984741211,1382400.0,15.848587989807129
2005-06-28,18.899999618530273,18.25,18.350000381469727,18.75,1043600.0,16.363492965698242
2005-06-29,18.81999969482422,18.56999969482422,18.729999542236328,18.729999542236328,899600.0,16.34604263305664
2005-06-30,19.139999389648438,18.739999771118164,18.739999771118164,18.899999618530273,735400.0,16.49439811706543
2005-07-01,19.239999771118164,18.90999984741211,18.920000076293945,19.239999771118164,754100.0,16.791128158569336
2005-07-05,19.700000762939453,19.219999313354492,19.239999771118164,19.700000762939453,923000.0,17.19257926940918
2005-07-06,19.719999313354492,19.479999542236328,19.600000381469727,19.65999984741211,728400.0,17.15765953063965
2005-07-07,19.799999237060547,19.5,19.520000457763672,19.770000457763672,638100.0,17.253664016723633
2005-07-08,20.1200008392334,19.65999984741211,19.729999542236328,20.020000457763672,603200.0,17.471839904785156
2005-07-11,20.5,20.020000457763672,20.030000686645508,20.389999389648438,480800.0,17.79474639892578
2005-07-12,20.209999084472656,19.75,20.200000762939453,20.040000915527344,728000.0,17.489295959472656
2005-07-13,20.15999984741211,19.969999313354492,20.040000915527344,20.100000381469727,396200.0,17.541654586791992
2005-07-14,20.600000381469727,20.149999618530273,20.239999771118164,20.59000015258789,614400.0,17.96928596496582
2005-07-15,21.09000015258789,20.559999465942383,20.59000015258789,21.020000457763672,983500.0,18.34456443786621
2005-07-18,21.049999237060547,20.790000915527344,20.8700008392334,21.0,1124600.0,18.327110290527344
2005-07-19,21.200000762939453,21.010000228881836,21.010000228881836,21.149999618530273,1120400.0,18.458019256591797
2005-07-20,21.399999618530273,21.0,21.0,21.399999618530273,774000.0,18.738210678100586
2005-07-21,21.59000015258789,21.200000762939453,21.3700008392334,21.459999084472656,742700.0,18.790746688842773
2005-07-22,21.459999084472656,21.110000610351562,21.440000534057617,21.360000610351562,510600.0,18.70319175720215
2005-07-25,21.549999237060547,21.170000076293945,21.309999465942383,21.229999542236328,420800.0,18.58935546875
2005-07-26,21.600000381469727,21.200000762939453,21.239999771118164,21.549999237060547,873400.0,18.869550704956055
2005-07-27,21.280000686645508,20.260000228881836,21.209999084472656,20.940000534057617,2021900.0,18.33542823791504
2005-07-28,21.270000457763672,20.829999923706055,20.940000534057617,21.270000457763672,1176900.0,18.6243896484375
2005-07-29,21.299999237060547,20.889999389648438,21.200000762939453,20.979999542236328,500000.0,18.370452880859375
2005-08-01,21.139999389648438,20.84000015258789,21.0,20.889999389648438,495500.0,18.291650772094727
2005-08-02,20.950000762939453,20.65999984741211,20.84000015258789,20.75,659800.0,18.1690616607666
2005-08-03,20.780000686645508,20.549999237060547,20.719999313354492,20.649999618530273,464800.0,18.081499099731445
2005-08-04,20.6200008392334,20.280000686645508,20.600000381469727,20.280000686645508,481500.0,17.757524490356445
2005-08-05,20.270000457763672,20.049999237060547,20.229999542236328,20.170000076293945,310100.0,17.661205291748047
2005-08-08,20.260000228881836,20.010000228881836,20.1200008392334,20.149999618530273,440500.0,17.643695831298828
2005-08-09,20.5,20.200000762939453,20.239999771118164,20.31999969482422,777800.0,17.792543411254883
2005-08-10,20.540000915527344,20.149999618530273,20.329999923706055,20.31999969482422,876000.0,17.792543411254883
2005-08-11,20.530000686645508,20.34000015258789,20.34000015258789,20.530000686645508,460200.0,17.976425170898438
2005-08-12,20.59000015258789,20.40999984741211,20.530000686645508,20.450000762939453,566600.0,17.906381607055664
2005-08-15,20.549999237060547,20.3799991607666,20.5,20.450000762939453,423800.0,17.906381607055664
2005-08-16,20.5,20.270000457763672,20.459999084472656,20.309999465942383,407200.0,17.783784866333008
2005-08-17,20.479999542236328,20.200000762939453,20.329999923706055,20.43000030517578,365900.0,17.88886260986328
2005-08-18,20.510000228881836,20.34000015258789,20.43000030517578,20.34000015258789,500100.0,17.81005859375
2005-08-19,20.510000228881836,20.200000762939453,20.5,20.25,597400.0,17.73125457763672
2005-08-22,20.399999618530273,19.989999771118164,20.200000762939453,20.030000686645508,627300.0,17.538618087768555
2005-08-23,20.010000228881836,19.739999771118164,20.0,19.829999923706055,705600.0,17.363492965698242
2005-08-24,20.229999542236328,19.719999313354492,19.719999313354492,19.889999389648438,1114200.0,17.416038513183594
2005-08-25,20.040000915527344,19.75,20.0,20.010000228881836,834600.0,17.521106719970703
2005-08-26,20.030000686645508,19.56999969482422,20.030000686645508,19.68000030517578,353400.0,17.23215675354004
2005-08-29,20.65999984741211,20.0,20.040000915527344,20.649999618530273,762300.0,18.081499099731445
2005-08-30,20.729999542236328,20.200000762939453,20.65999984741211,20.420000076293945,605800.0,17.880109786987305
2005-08-31,20.700000762939453,20.270000457763672,20.420000076293945,20.700000762939453,530100.0,18.12527847290039
2005-09-01,20.700000762939453,20.0,20.700000762939453,20.100000381469727,1316800.0,17.599905014038086
2005-09-02,20.40999984741211,20.15999984741211,20.229999542236328,20.200000762939453,345900.0,17.68746566772461
2005-09-06,20.770000457763672,20.25,20.25,20.75,459500.0,18.1690616607666
2005-09-07,20.829999923706055,20.5,20.639999389648438,20.75,396500.0,18.1690616607666
2005-09-08,20.90999984741211,20.649999618530273,20.75,20.770000457763672,376000.0,18.186580657958984
2005-09-09,21.049999237060547,20.790000915527344,20.799999237060547,21.0,521000.0,18.387969970703125
2005-09-12,21.010000228881836,20.860000610351562,21.0,20.920000076293945,278200.0,18.317916870117188
2005-09-13,20.850000381469727,20.360000610351562,20.850000381469727,20.389999389648438,477500.0,17.853836059570312
2005-09-14,20.489999771118164,20.100000381469727,20.3799991607666,20.15999984741211,531000.0,17.65244483947754
2005-09-15,20.420000076293945,19.8700008392334,20.170000076293945,19.899999618530273,390000.0,17.424785614013672
2005-09-16,20.25,19.979999542236328,20.0,20.239999771118164,902800.0,17.722501754760742
2005-09-19,20.31999969482422,19.8799991607666,20.25,19.920000076293945,285000.0,17.442298889160156
2005-09-20,20.06999969482422,19.600000381469727,19.8700008392334,19.690000534057617,387700.0,17.240909576416016
2005-09-21,19.739999771118164,19.40999984741211,19.690000534057617,19.43000030517578,323200.0,17.01325225830078
2005-09-22,19.40999984741211,19.149999618530273,19.399999618530273,19.270000457763672,411400.0,16.873149871826172
2005-09-23,19.5,19.18000030517578,19.18000030517578,19.459999084472656,324200.0,17.039514541625977
2005-09-26,19.670000076293945,19.170000076293945,19.600000381469727,19.170000076293945,592300.0,16.785585403442383
2005-09-27,19.6299991607666,19.239999771118164,19.25,19.56999969482422,956100.0,17.13582992553711
2005-09-28,20.1200008392334,19.68000030517578,19.68000030517578,20.06999969482422,1181100.0,17.573640823364258
2005-09-29,20.18000030517578,19.969999313354492,20.020000457763672,20.149999618530273,510600.0,17.643695831298828
2005-09-30,20.489999771118164,20.149999618530273,20.190000534057617,20.3700008392334,610300.0,17.836328506469727
2005-10-03,20.8700008392334,20.299999237060547,20.3700008392334,20.770000457763672,799700.0,18.186580657958984
2005-10-04,20.940000534057617,20.549999237060547,20.850000381469727,20.649999618530273,456900.0,18.081499099731445
2005-10-05,20.799999237060547,20.450000762939453,20.6200008392334,20.600000381469727,956400.0,18.037723541259766
2005-10-06,20.850000381469727,20.440000534057617,20.549999237060547,20.6299991607666,954000.0,18.063989639282227
2005-10-07,22.299999237060547,21.649999618530273,21.899999618530273,22.06999969482422,2622500.0,19.32487678527832
2005-10-10,22.079999923706055,21.290000915527344,22.06999969482422,21.290000915527344,1390700.0,18.641897201538086
2005-10-11,21.530000686645508,21.059999465942383,21.299999237060547,21.079999923706055,1119000.0,18.45801544189453
2005-10-12,21.100000381469727,20.520000457763672,20.950000762939453,20.719999313354492,906300.0,18.142793655395508
2005-10-13,21.139999389648438,20.59000015258789,20.719999313354492,21.100000381469727,878400.0,18.475526809692383
2005-10-14,21.139999389648438,20.709999084472656,21.049999237060547,21.1299991607666,803200.0,18.501800537109375
2005-10-17,21.3700008392334,21.020000457763672,21.100000381469727,21.170000076293945,446300.0,18.536827087402344
2005-10-18,21.219999313354492,20.889999389648438,21.059999465942383,20.940000534057617,632200.0,18.33542823791504
2005-10-19,21.049999237060547,20.670000076293945,20.8799991607666,21.049999237060547,618500.0,18.493568420410156
2005-10-20,21.450000762939453,21.0,21.0,21.450000762939453,1247300.0,18.844989776611328
2005-10-21,21.600000381469727,20.739999771118164,21.5,20.770000457763672,854900.0,18.24757957458496
2005-10-24,21.25,20.520000457763672,20.780000686645508,21.209999084472656,650400.0,18.634138107299805
2005-10-25,21.1299991607666,20.6200008392334,21.1299991607666,20.81999969482422,708700.0,18.2914981842041
2005-10-26,22.649999618530273,21.299999237060547,21.5,22.40999984741211,2572300.0,19.68840217590332
2005-10-27,22.420000076293945,21.899999618530273,22.40999984741211,21.899999618530273,922400.0,19.240341186523438
2005-10-28,21.920000076293945,21.06999969482422,21.920000076293945,21.56999969482422,1701400.0,18.950416564941406
2005-10-31,22.149999618530273,21.700000762939453,21.700000762939453,22.06999969482422,845500.0,19.389694213867188
2005-11-01,22.299999237060547,22.059999465942383,22.110000610351562,22.1299991607666,537500.0,19.442415237426758
2005-11-02,23.0,22.290000915527344,22.299999237060547,22.760000228881836,956800.0,19.99590301513672
2005-11-03,22.670000076293945,22.149999618530273,22.649999618530273,22.350000381469727,1150100.0,19.635692596435547
2005-11-04,22.649999618530273,22.209999084472656,22.290000915527344,22.3700008392334,471800.0,19.653261184692383
2005-11-07,22.389999389648438,22.100000381469727,22.100000381469727,22.170000076293945,668100.0,19.477550506591797
2005-11-08,22.049999237060547,21.84000015258789,22.0,21.84000015258789,436200.0,19.187625885009766
2005-11-09,22.25,21.790000915527344,21.84000015258789,22.170000076293945,434300.0,19.477550506591797
2005-11-10,22.5,21.959999084472656,22.139999389648438,22.389999389648438,221800.0,19.67082977294922
2005-11-11,22.399999618530273,22.15999984741211,22.399999618530273,22.239999771118164,402800.0,19.539047241210938
2005-11-14,22.399999618530273,22.110000610351562,22.399999618530273,22.280000686645508,623300.0,19.574188232421875
2005-11-15,22.270000457763672,21.90999984741211,22.100000381469727,22.020000457763672,234400.0,19.345767974853516
2005-11-16,22.059999465942383,21.799999237060547,22.0,22.0,592500.0,19.32819366455078
2005-11-17,22.329999923706055,22.0,22.049999237060547,22.290000915527344,323600.0,19.582983016967773
2005-11-18,22.540000915527344,22.010000228881836,22.520000457763672,22.290000915527344,663800.0,19.582983016967773
2005-11-21,22.8799991607666,22.1299991607666,22.239999771118164,22.68000030517578,1620200.0,19.925615310668945
2005-11-22,22.709999084472656,22.209999084472656,22.5,22.709999084472656,630000.0,19.95196533203125
2005-11-23,22.75,22.600000381469727,22.600000381469727,22.670000076293945,447300.0,19.916824340820312
2005-11-25,22.700000762939453,22.5,22.700000762939453,22.549999237060547,77400.0,19.8114013671875
2005-11-28,22.610000610351562,22.360000610351562,22.510000228881836,22.489999771118164,438100.0,19.75868034362793
2005-11-29,22.780000686645508,22.489999771118164,22.639999389648438,22.729999542236328,411500.0,19.96953773498535
2005-11-30,23.0,22.65999984741211,22.65999984741211,22.809999465942383,521100.0,20.039817810058594
2005-12-01,23.09000015258789,22.8700008392334,22.90999984741211,22.93000030517578,396400.0,20.14525032043457
2005-12-02,23.0,22.579999923706055,22.829999923706055,22.950000762939453,219500.0,20.162826538085938
2005-12-05,22.8799991607666,22.520000457763672,22.860000610351562,22.649999618530273,569600.0,19.899259567260742
2005-12-06,23.200000762939453,22.65999984741211,22.770000457763672,23.059999465942383,506100.0,20.25946617126465
2005-12-07,23.420000076293945,22.969999313354492,23.030000686645508,23.299999237060547,1149900.0,20.47031021118164
2005-12-08,23.399999618530273,23.030000686645508,23.299999237060547,23.280000686645508,763200.0,20.452743530273438
2005-12-09,23.540000915527344,23.229999542236328,23.299999237060547,23.420000076293945,525900.0,20.57574462890625
2005-12-12,23.5,23.229999542236328,23.43000030517578,23.440000534057617,607700.0,20.593313217163086
2005-12-13,23.579999923706055,23.25,23.440000534057617,23.399999618530273,577800.0,20.55817222595215
2005-12-14,23.799999237060547,23.290000915527344,23.350000381469727,23.700000762939453,886500.0,20.821735382080078
2005-12-15,23.790000915527344,23.469999313354492,23.780000686645508,23.68000030517578,393500.0,20.804176330566406
2005-12-16,23.790000915527344,23.43000030517578,23.729999542236328,23.56999969482422,808100.0,20.707530975341797
2005-12-19,23.510000228881836,23.200000762939453,23.5,23.270000457763672,620800.0,20.443958282470703
2005-12-20,23.3700008392334,23.059999465942383,23.270000457763672,23.100000381469727,563100.0,20.29460334777832
2005-12-21,23.329999923706055,22.790000915527344,23.299999237060547,22.940000534057617,767400.0,20.154043197631836
2005-12-22,23.040000915527344,21.510000228881836,22.959999084472656,23.040000915527344,1773200.0,20.24188995361328
2005-12-23,23.299999237060547,22.979999542236328,23.040000915527344,23.25,627000.0,20.426382064819336
2005-12-27,23.489999771118164,23.239999771118164,23.25,23.3799991607666,1101900.0,20.54060935974121
2005-12-28,23.81999969482422,23.299999237060547,23.360000610351562,23.760000228881836,1008800.0,20.874454498291016
2005-12-29,24.020000457763672,23.770000457763672,23.799999237060547,23.860000610351562,843200.0,20.96230697631836
2005-12-30,23.75,23.43000030517578,23.719999313354492,23.559999465942383,528000.0,20.698740005493164
2006-01-03,24.1200008392334,23.450000762939453,23.760000228881836,23.989999771118164,1204000.0,21.076509475708008
2006-01-04,24.149999618530273,23.68000030517578,23.940000534057617,24.010000228881836,935300.0,21.094083786010742
2006-01-05,24.100000381469727,23.799999237060547,23.940000534057617,23.889999389648438,724000.0,20.988658905029297
2006-01-06,23.940000534057617,23.600000381469727,23.940000534057617,23.649999618530273,808000.0,20.777809143066406
2006-01-09,23.979999542236328,23.3799991607666,23.459999084472656,23.739999771118164,954700.0,20.85687828063965
2006-01-10,23.700000762939453,23.31999969482422,23.65999984741211,23.690000534057617,863100.0,20.81295394897461
2006-01-11,24.030000686645508,23.6299991607666,23.6299991607666,23.959999084472656,493400.0,21.0501651763916
2006-01-12,23.979999542236328,23.280000686645508,23.979999542236328,23.290000915527344,832300.0,20.461530685424805
2006-01-13,23.559999465942383,23.209999084472656,23.389999389648438,23.489999771118164,523900.0,20.63724136352539
2006-01-17,23.350000381469727,23.09000015258789,23.299999237060547,23.219999313354492,351800.0,20.4000301361084
2006-01-18,23.1299991607666,22.790000915527344,23.010000228881836,22.940000534057617,353700.0,20.214982986450195
2006-01-19,23.59000015258789,22.959999084472656,22.959999084472656,23.40999984741211,685500.0,20.6291446685791
2006-01-20,23.3799991607666,22.959999084472656,23.34000015258789,22.959999084472656,656900.0,20.232595443725586
2006-01-23,23.010000228881836,22.760000228881836,22.93000030517578,22.950000762939453,368100.0,20.223793029785156
2006-01-24,23.25,22.860000610351562,23.09000015258789,23.0,614600.0,20.267854690551758
2006-01-25,23.139999389648438,22.68000030517578,23.040000915527344,22.799999237060547,643400.0,20.091604232788086
2006-01-26,23.489999771118164,22.75,22.899999618530273,23.350000381469727,719900.0,20.576271057128906
2006-01-27,23.260000228881836,21.6299991607666,23.25,21.799999237060547,2557900.0,19.21039390563965
2006-01-30,23.030000686645508,21.950000762939453,21.950000762939453,22.780000686645508,1409000.0,20.073984146118164
2006-01-31,22.889999389648438,22.270000457763672,22.559999465942383,22.739999771118164,1096300.0,20.03873634338379
2006-02-01,23.170000076293945,22.200000762939453,22.700000762939453,23.09000015258789,1090800.0,20.347158432006836
2006-02-02,23.059999465942383,22.479999542236328,23.059999465942383,22.520000457763672,778300.0,19.844873428344727
2006-02-03,22.770000457763672,22.25,22.40999984741211,22.639999389648438,638000.0,19.95061492919922
2006-02-06,23.040000915527344,22.5,22.639999389648438,22.940000534057617,670600.0,20.214982986450195
2006-02-07,23.280000686645508,22.850000381469727,22.969999313354492,23.0,683700.0,20.267854690551758
2006-02-08,23.600000381469727,22.75,22.979999542236328,23.559999465942383,881900.0,20.761327743530273
2006-02-09,23.739999771118164,23.360000610351562,23.520000457763672,23.3700008392334,789000.0,20.593900680541992
2006-02-10,23.399999618530273,22.799999237060547,23.25,23.25,1939100.0,20.48814582824707
2006-02-13,23.25,22.549999237060547,22.899999618530273,22.989999771118164,889900.0,20.2590389251709
2006-02-14,23.309999465942383,22.920000076293945,23.049999237060547,23.200000762939453,1096700.0,20.444093704223633
2006-02-15,24.0,23.34000015258789,23.40999984741211,23.850000381469727,755400.0,21.016876220703125
2006-02-16,24.040000915527344,23.700000762939453,23.850000381469727,24.010000228881836,723800.0,21.157867431640625
2006-02-17,24.139999389648438,23.719999313354492,24.0,23.780000686645508,546700.0,20.9551944732666
2006-02-21,23.790000915527344,23.43000030517578,23.780000686645508,23.610000610351562,529500.0,20.80539321899414
2006-02-22,23.889999389648438,23.40999984741211,23.75,23.81999969482422,897400.0,20.990442276000977
2006-02-23,24.079999923706055,23.559999465942383,23.719999313354492,23.860000610351562,435800.0,21.025691986083984
2006-02-24,23.989999771118164,23.65999984741211,23.8700008392334,23.969999313354492,262400.0,21.12261962890625
2006-02-27,24.100000381469727,23.940000534057617,23.969999313354492,24.079999923706055,495400.0,21.219554901123047
2006-02-28,24.100000381469727,23.719999313354492,24.079999923706055,23.790000915527344,723400.0,20.96400260925293
2006-03-01,24.170000076293945,23.799999237060547,23.93000030517578,24.079999923706055,998000.0,21.219554901123047
2006-03-02,23.979999542236328,23.739999771118164,23.979999542236328,23.8799991607666,814400.0,21.043312072753906
2006-03-03,23.940000534057617,23.600000381469727,23.6299991607666,23.889999389648438,626900.0,21.0521240234375
2006-03-06,23.889999389648438,23.360000610351562,23.889999389648438,23.5,643600.0,20.708457946777344
2006-03-07,23.469999313354492,23.200000762939453,23.399999618530273,23.200000762939453,316200.0,20.444093704223633
2006-03-08,23.3799991607666,22.799999237060547,23.200000762939453,23.270000457763672,648800.0,20.505775451660156
2006-03-09,23.350000381469727,22.920000076293945,23.350000381469727,23.010000228881836,452600.0,20.27666664123535
2006-03-10,23.25,22.899999618530273,23.0,23.25,482200.0,20.48814582824707
2006-03-13,23.649999618530273,23.350000381469727,23.350000381469727,23.510000228881836,702500.0,20.717269897460938
2006-03-14,23.639999389648438,23.260000228881836,23.40999984741211,23.559999465942383,500400.0,20.761327743530273
2006-03-15,23.850000381469727,23.469999313354492,23.56999969482422,23.829999923706055,367300.0,20.999258041381836
2006-03-16,23.889999389648438,23.309999465942383,23.829999923706055,23.5,971300.0,20.708457946777344
2006-03-17,23.6200008392334,23.31999969482422,23.6200008392334,23.399999618530273,809500.0,20.62033462524414
2006-03-20,23.489999771118164,23.239999771118164,23.479999542236328,23.260000228881836,1159200.0,20.496967315673828
2006-03-21,23.209999084472656,22.920000076293945,23.18000030517578,23.059999465942383,695700.0,20.32072639465332
2006-03-22,23.170000076293945,22.780000686645508,23.06999969482422,23.1200008392334,556300.0,20.37359046936035
2006-03-23,23.1200008392334,22.920000076293945,23.030000686645508,23.06999969482422,615800.0,20.32953453063965
2006-03-24,23.219999313354492,22.989999771118164,23.010000228881836,23.200000762939453,372100.0,20.444093704223633
2006-03-27,23.219999313354492,23.010000228881836,23.079999923706055,23.190000534057617,637600.0,20.435283660888672
2006-03-28,23.239999771118164,23.040000915527344,23.190000534057617,23.149999618530273,797700.0,20.400033950805664
2006-03-29,23.440000534057617,22.959999084472656,23.110000610351562,23.40999984741211,677900.0,20.6291446685791
2006-03-30,23.600000381469727,23.229999542236328,23.3700008392334,23.270000457763672,453500.0,20.505775451660156
2006-03-31,23.530000686645508,23.229999542236328,23.530000686645508,23.469999313354492,416700.0,20.68201446533203
2006-04-03,23.860000610351562,23.420000076293945,23.479999542236328,23.670000076293945,1227300.0,20.85826301574707
2006-04-04,23.579999923706055,23.31999969482422,23.549999237060547,23.399999618530273,1253400.0,20.62033462524414
2006-04-05,23.399999618530273,23.030000686645508,23.399999618530273,23.110000610351562,887700.0,20.36478042602539
2006-04-06,23.18000030517578,22.969999313354492,23.030000686645508,23.049999237060547,929900.0,20.311904907226562
2006-04-07,23.100000381469727,22.68000030517578,22.950000762939453,22.850000381469727,713300.0,20.135665893554688
2006-04-10,22.809999465942383,22.540000915527344,22.799999237060547,22.6299991607666,1049100.0,19.941804885864258
2006-04-11,22.639999389648438,22.09000015258789,22.579999923706055,22.25,905200.0,19.606943130493164
2006-04-12,22.6299991607666,22.209999084472656,22.229999542236328,22.239999771118164,799600.0,19.598127365112305
2006-04-13,22.520000457763672,22.239999771118164,22.239999771118164,22.389999389648438,478700.0,19.730308532714844
2006-04-17,22.90999984741211,22.139999389648438,22.5,22.25,827300.0,19.606943130493164
2006-04-18,22.65999984741211,22.25,22.25,22.579999923706055,759400.0,19.897735595703125
2006-04-19,22.649999618530273,22.450000762939453,22.579999923706055,22.600000381469727,288000.0,19.977294921875
2006-04-20,22.8700008392334,22.489999771118164,22.729999542236328,22.520000457763672,737500.0,19.906585693359375
2006-04-21,22.790000915527344,22.440000534057617,22.670000076293945,22.610000610351562,600100.0,19.986135482788086
2006-04-24,22.600000381469727,22.139999389648438,22.549999237060547,22.200000762939453,587700.0,19.62371826171875
2006-04-25,22.15999984741211,21.670000076293945,22.15999984741211,21.739999771118164,1182500.0,19.21710205078125
2006-04-26,22.139999389648438,21.75,21.799999237060547,21.84000015258789,656300.0,19.305492401123047
2006-04-27,22.299999237060547,21.5,21.700000762939453,22.020000457763672,684400.0,19.46460723876953
2006-04-28,22.020000457763672,21.280000686645508,22.020000457763672,21.440000534057617,1489700.0,18.951913833618164
2006-05-01,21.8700008392334,21.5,21.5,21.56999969482422,1335700.0,19.06682586669922
2006-05-02,21.84000015258789,21.5,21.670000076293945,21.579999923706055,900400.0,19.075666427612305
2006-05-03,21.579999923706055,21.15999984741211,21.5,21.5,899600.0,19.004959106445312
2006-05-04,21.81999969482422,21.510000228881836,21.510000228881836,21.649999618530273,1278400.0,19.137548446655273
2006-05-05,21.760000228881836,21.549999237060547,21.649999618530273,21.690000534057617,566900.0,19.17290496826172
2006-05-08,21.969999313354492,21.670000076293945,21.809999465942383,21.670000076293945,778900.0,19.155216217041016
2006-05-09,21.68000030517578,21.450000762939453,21.670000076293945,21.5,639000.0,19.004959106445312
2006-05-10,21.5,21.290000915527344,21.469999313354492,21.389999389648438,423000.0,18.907718658447266
2006-05-11,21.309999465942383,20.950000762939453,21.309999465942383,20.989999771118164,2255700.0,18.554134368896484
2006-05-12,21.1200008392334,20.850000381469727,20.969999313354492,20.889999389648438,1054600.0,18.465742111206055
2006-05-15,21.0,20.639999389648438,20.899999618530273,20.899999618530273,1490400.0,18.474573135375977
2006-05-16,20.8799991607666,20.6299991607666,20.84000015258789,20.75,752800.0,18.34198570251465
2006-05-17,20.739999771118164,20.399999618530273,20.549999237060547,20.56999969482422,914900.0,18.18287467956543
2006-05-18,20.68000030517578,20.389999389648438,20.559999465942383,20.510000228881836,826000.0,18.129838943481445
2006-05-19,20.690000534057617,20.350000381469727,20.549999237060547,20.59000015258789,575600.0,18.200546264648438
2006-05-22,20.690000534057617,20.229999542236328,20.360000610351562,20.649999618530273,616000.0,18.25358772277832
2006-05-23,20.81999969482422,20.469999313354492,20.709999084472656,20.540000915527344,1094400.0,18.156356811523438
2006-05-24,20.75,20.170000076293945,20.56999969482422,20.280000686645508,665900.0,17.926532745361328
2006-05-25,20.350000381469727,20.0,20.31999969482422,20.100000381469727,1144300.0,17.767412185668945
2006-05-26,20.670000076293945,20.229999542236328,20.25,20.59000015258789,713400.0,18.200546264648438
2006-05-30,20.600000381469727,20.190000534057617,20.600000381469727,20.239999771118164,468700.0,17.891176223754883
2006-05-31,21.079999923706055,20.600000381469727,20.649999618530273,20.860000610351562,1240600.0,18.43922233581543
2006-06-01,21.219999313354492,20.8799991607666,20.90999984741211,21.209999084472656,571100.0,18.748605728149414
2006-06-02,21.280000686645508,20.8700008392334,21.170000076293945,20.950000762939453,516600.0,18.518779754638672
2006-06-05,20.959999084472656,20.280000686645508,20.850000381469727,20.31999969482422,545900.0,17.961885452270508
2006-06-06,20.3700008392334,20.020000457763672,20.31999969482422,20.149999618530273,487700.0,17.811622619628906
2006-06-07,20.450000762939453,20.040000915527344,20.149999618530273,20.229999542236328,794400.0,17.88233757019043
2006-06-08,20.530000686645508,19.770000457763672,20.219999313354492,20.309999465942383,1068200.0,17.953041076660156
2006-06-09,20.81999969482422,20.170000076293945,20.299999237060547,20.75,1100400.0,18.34198570251465
2006-06-12,20.780000686645508,20.479999542236328,20.75,20.479999542236328,925700.0,18.103317260742188
2006-06-13,20.979999542236328,20.479999542236328,20.479999542236328,20.549999237060547,1068200.0,18.16519546508789
2006-06-14,20.56999969482422,20.25,20.469999313354492,20.540000915527344,874700.0,18.156356811523438
2006-06-15,21.030000686645508,20.510000228881836,20.540000915527344,20.860000610351562,999400.0,18.43922233581543
2006-06-16,21.049999237060547,20.850000381469727,20.899999618530273,20.90999984741211,1310700.0,18.48341941833496
2006-06-19,20.959999084472656,20.329999923706055,20.90999984741211,20.3700008392334,669400.0,18.006086349487305
2006-06-20,20.690000534057617,20.360000610351562,20.3799991607666,20.399999618530273,747300.0,18.03260040283203
2006-06-21,20.489999771118164,20.200000762939453,20.290000915527344,20.399999618530273,1112000.0,18.03260040283203
2006-06-22,20.420000076293945,20.149999618530273,20.329999923706055,20.329999923706055,662000.0,17.970733642578125
2006-06-23,20.700000762939453,20.299999237060547,20.299999237060547,20.479999542236328,413800.0,18.103317260742188
2006-06-26,20.75,20.3799991607666,20.479999542236328,20.610000610351562,607100.0,18.21822738647461
2006-06-27,20.68000030517578,20.270000457763672,20.6200008392334,20.350000381469727,451900.0,17.988405227661133
2006-06-28,20.540000915527344,20.18000030517578,20.40999984741211,20.40999984741211,448300.0,18.04144287109375
2006-06-29,21.049999237060547,20.459999084472656,20.5,21.020000457763672,517400.0,18.580656051635742
2006-06-30,21.18000030517578,20.68000030517578,21.049999237060547,20.899999618530273,676400.0,18.474573135375977
2006-07-03,21.270000457763672,20.889999389648438,20.979999542236328,21.270000457763672,261900.0,18.801647186279297
2006-07-05,21.290000915527344,21.040000915527344,21.270000457763672,21.170000076293945,627300.0,18.7132511138916
2006-07-06,21.420000076293945,21.079999923706055,21.149999618530273,21.309999465942383,524200.0,18.836997985839844
2006-07-07,21.459999084472656,21.1299991607666,21.309999465942383,21.299999237060547,574900.0,18.828163146972656
2006-07-10,21.420000076293945,20.989999771118164,21.299999237060547,21.059999465942383,419500.0,18.616008758544922
2006-07-11,21.139999389648438,20.75,20.979999542236328,21.110000610351562,422200.0,18.66020965576172
2006-07-12,21.18000030517578,20.770000457763672,21.1200008392334,21.010000228881836,564600.0,18.57181167602539
2006-07-13,20.950000762939453,20.479999542236328,20.940000534057617,20.5,399000.0,18.12099838256836
2006-07-14,20.56999969482422,20.110000610351562,20.479999542236328,20.3799991607666,470400.0,18.014923095703125
2006-07-17,20.549999237060547,20.149999618530273,20.31999969482422,20.31999969482422,434900.0,17.961885452270508
2006-07-18,20.489999771118164,20.06999969482422,20.329999923706055,20.3799991607666,732900.0,18.014923095703125
2006-07-19,20.950000762939453,20.299999237060547,20.309999465942383,20.889999389648438,763000.0,18.52938461303711
2006-07-20,20.959999084472656,20.610000610351562,20.84000015258789,20.649999618530273,496100.0,18.31650161743164
2006-07-21,20.709999084472656,20.299999237060547,20.700000762939453,20.450000762939453,570900.0,18.139101028442383
2006-07-24,20.540000915527344,20.329999923706055,20.450000762939453,20.450000762939453,743900.0,18.139101028442383
2006-07-25,20.81999969482422,20.399999618530273,20.399999618530273,20.760000228881836,395300.0,18.414081573486328
2006-07-26,20.850000381469727,20.530000686645508,20.75,20.709999084472656,300600.0,18.36972427368164
2006-07-27,20.670000076293945,20.100000381469727,20.579999923706055,20.1200008392334,705500.0,17.846405029296875
2006-07-28,18.799999237060547,16.309999465942383,18.799999237060547,18.0,5349900.0,15.965957641601562
2006-07-31,18.100000381469727,17.690000534057617,17.850000381469727,18.030000686645508,1692800.0,15.992571830749512
2006-08-01,18.190000534057617,17.90999984741211,18.020000457763672,18.0,1272800.0,15.965957641601562
2006-08-02,18.209999084472656,17.860000610351562,17.950000762939453,17.889999389648438,1247600.0,15.86839771270752
2006-08-03,18.770000457763672,17.68000030517578,17.899999618530273,18.68000030517578,1732300.0,16.569129943847656
2006-08-04,19.040000915527344,18.290000915527344,18.760000228881836,18.360000610351562,1584800.0,16.2852840423584
2006-08-07,18.389999389648438,18.170000076293945,18.270000457763672,18.290000915527344,853100.0,16.22319221496582
2006-08-08,18.549999237060547,18.15999984741211,18.299999237060547,18.280000686645508,856200.0,16.21432113647461
2006-08-09,18.510000228881836,18.040000915527344,18.350000381469727,18.049999237060547,791600.0,16.01031494140625
2006-08-10,19.229999542236328,18.059999465942383,18.059999465942383,18.829999923706055,1423200.0,16.702171325683594
2006-08-11,18.809999465942383,18.549999237060547,18.719999313354492,18.719999313354492,705600.0,16.604595184326172
2006-08-14,19.020000457763672,18.760000228881836,18.84000015258789,18.84000015258789,793300.0,16.711040496826172
2006-08-15,19.15999984741211,18.850000381469727,18.969999313354492,19.15999984741211,1326900.0,16.9948787689209
2006-08-16,19.700000762939453,19.280000686645508,19.290000915527344,19.639999389648438,1346700.0,17.420637130737305
2006-08-17,20.020000457763672,19.600000381469727,19.639999389648438,19.850000381469727,1048700.0,17.60689926147461
2006-08-18,19.940000534057617,19.600000381469727,19.850000381469727,19.719999313354492,813300.0,17.49159812927246
2006-08-21,19.700000762939453,19.540000915527344,19.6200008392334,19.610000610351562,588200.0,17.394025802612305
2006-08-22,19.600000381469727,19.1200008392334,19.540000915527344,19.1299991607666,778700.0,16.9682674407959
2006-08-23,19.059999465942383,18.639999389648438,19.049999237060547,18.670000076293945,871800.0,16.560237884521484
2006-08-24,18.90999984741211,18.5,18.829999923706055,18.5,1145800.0,16.409461975097656
2006-08-25,18.639999389648438,18.360000610351562,18.399999618530273,18.549999237060547,908000.0,16.453811645507812
2006-08-28,18.8700008392334,18.399999618530273,18.469999313354492,18.739999771118164,579700.0,16.622343063354492
2006-08-29,18.84000015258789,18.469999313354492,18.809999465942383,18.559999465942383,815400.0,16.46267318725586
2006-08-30,18.700000762939453,18.43000030517578,18.6299991607666,18.459999084472656,829000.0,16.37397575378418
2006-08-31,18.75,18.43000030517578,18.530000686645508,18.43000030517578,1074600.0,16.347368240356445
2006-09-01,18.579999923706055,18.299999237060547,18.459999084472656,18.299999237060547,872400.0,16.232059478759766
2006-09-05,18.559999465942383,18.229999542236328,18.229999542236328,18.309999465942383,1120100.0,16.24092674255371
2006-09-06,18.459999084472656,18.219999313354492,18.31999969482422,18.25,887000.0,16.187707901000977
2006-09-07,18.299999237060547,18.030000686645508,18.170000076293945,18.030000686645508,451200.0,15.992571830749512
2006-09-08,18.40999984741211,18.09000015258789,18.1200008392334,18.31999969482422,699100.0,16.249797821044922
2006-09-11,18.43000030517578,18.219999313354492,18.350000381469727,18.3700008392334,451100.0,16.294151306152344
2006-09-12,18.729999542236328,18.40999984741211,18.43000030517578,18.690000534057617,808500.0,16.577991485595703
2006-09-13,18.700000762939453,18.479999542236328,18.639999389648438,18.579999923706055,408900.0,16.48041343688965
2006-09-14,18.829999923706055,18.5,18.520000457763672,18.81999969482422,517700.0,16.693300247192383
2006-09-15,19.040000915527344,18.700000762939453,18.969999313354492,18.969999313354492,788900.0,16.82634162902832
2006-09-18,18.93000030517578,18.6299991607666,18.8700008392334,18.780000686645508,581900.0,16.657814025878906
2006-09-19,18.799999237060547,18.43000030517578,18.719999313354492,18.450000762939453,1432700.0,16.3651065826416
2006-09-20,18.93000030517578,18.1200008392334,18.350000381469727,18.860000610351562,1933200.0,16.728776931762695
2006-09-21,19.0,18.649999618530273,18.809999465942383,19.0,1441500.0,16.852956771850586
2006-09-22,19.0,18.700000762939453,18.950000762939453,18.860000610351562,1384400.0,16.728776931762695
2006-09-25,19.399999618530273,18.899999618530273,19.0,19.170000076293945,984900.0,17.00374984741211
2006-09-26,19.219999313354492,18.90999984741211,19.139999389648438,18.969999313354492,2156700.0,16.82634162902832
2006-09-27,19.299999237060547,18.920000076293945,18.979999542236328,19.139999389648438,1080800.0,16.97713851928711
2006-09-28,19.280000686645508,18.920000076293945,19.110000610351562,18.969999313354492,625600.0,16.82634162902832
2006-09-29,19.079999923706055,18.899999618530273,19.030000686645508,18.93000030517578,813900.0,16.79087257385254
2006-10-02,19.299999237060547,18.979999542236328,19.100000381469727,19.0,801800.0,16.852956771850586
2006-10-03,19.020000457763672,18.829999923706055,18.90999984741211,18.829999923706055,578800.0,16.702171325683594
2006-10-04,19.190000534057617,18.799999237060547,18.829999923706055,19.1200008392334,306500.0,16.95940589904785
2006-10-05,19.219999313354492,19.0,19.079999923706055,19.139999389648438,732300.0,16.97713851928711
2006-10-06,19.770000457763672,19.1200008392334,19.1200008392334,19.639999389648438,919600.0,17.420637130737305
2006-10-09,19.93000030517578,19.450000762939453,19.56999969482422,19.850000381469727,979100.0,17.60689926147461
2006-10-10,19.979999542236328,19.520000457763672,19.950000762939453,19.65999984741211,1000000.0,17.438371658325195
2006-10-11,19.93000030517578,19.440000534057617,19.719999313354492,19.850000381469727,1188400.0,17.60689926147461
2006-10-12,20.1299991607666,19.899999618530273,19.969999313354492,20.1200008392334,887200.0,17.846405029296875
2006-10-13,20.270000457763672,19.989999771118164,20.200000762939453,20.06999969482422,1171300.0,17.802040100097656
2006-10-16,20.06999969482422,19.829999923706055,20.0,19.850000381469727,699500.0,17.60689926147461
2006-10-17,19.950000762939453,19.760000228881836,19.850000381469727,19.81999969482422,524600.0,17.58029556274414
2006-10-18,20.0,19.739999771118164,19.850000381469727,19.81999969482422,390100.0,17.642608642578125
2006-10-19,19.90999984741211,19.75,19.8799991607666,19.770000457763672,407000.0,17.598098754882812
2006-10-20,19.959999084472656,19.739999771118164,19.8799991607666,19.799999237060547,555400.0,17.624801635742188
2006-10-23,19.850000381469727,19.5,19.690000534057617,19.579999923706055,600600.0,17.428974151611328
2006-10-24,20.020000457763672,19.610000610351562,19.610000610351562,19.860000610351562,1092500.0,17.67821502685547
2006-10-25,20.079999923706055,19.799999237060547,19.959999084472656,20.020000457763672,673300.0,17.820629119873047
2006-10-26,20.469999313354492,19.850000381469727,20.049999237060547,20.290000915527344,2207900.0,18.060970306396484
2006-10-27,21.59000015258789,19.93000030517578,20.200000762939453,21.420000076293945,3146600.0,19.066829681396484
2006-10-30,21.790000915527344,21.31999969482422,21.469999313354492,21.690000534057617,1767300.0,19.307178497314453
2006-10-31,21.719999313354492,21.200000762939453,21.690000534057617,21.360000610351562,1280700.0,19.013427734375
2006-11-01,21.479999542236328,20.979999542236328,21.399999618530273,21.040000915527344,931700.0,18.72857666015625
2006-11-02,21.18000030517578,20.899999618530273,21.040000915527344,20.940000534057617,767600.0,18.63956069946289
2006-11-03,21.09000015258789,20.739999771118164,21.0,20.760000228881836,797500.0,18.479345321655273
2006-11-06,21.15999984741211,20.899999618530273,20.920000076293945,21.059999465942383,887000.0,18.74637794494629
2006-11-07,22.09000015258789,21.459999084472656,21.479999542236328,21.700000762939453,2501200.0,19.316070556640625
2006-11-08,21.75,21.479999542236328,21.700000762939453,21.489999771118164,1450500.0,19.12914276123047
2006-11-09,21.68000030517578,21.40999984741211,21.59000015258789,21.56999969482422,848300.0,19.200353622436523
2006-11-10,21.690000534057617,21.450000762939453,21.6200008392334,21.670000076293945,448400.0,19.289365768432617
2006-11-13,21.8700008392334,21.459999084472656,21.709999084472656,21.610000610351562,757500.0,19.2359619140625
2006-11-14,21.690000534057617,21.420000076293945,21.610000610351562,21.639999389648438,667700.0,19.262664794921875
2006-11-15,21.739999771118164,21.360000610351562,21.579999923706055,21.530000686645508,556700.0,19.164751052856445
2006-11-16,21.530000686645508,21.299999237060547,21.5,21.399999618530273,369600.0,19.049026489257812
2006-11-17,21.6200008392334,21.309999465942383,21.3799991607666,21.40999984741211,446200.0,19.057933807373047
2006-11-20,21.65999984741211,21.399999618530273,21.5,21.510000228881836,534800.0,19.146949768066406
2006-11-21,21.760000228881836,21.450000762939453,21.600000381469727,21.510000228881836,765400.0,19.146949768066406
2006-11-22,21.68000030517578,21.389999389648438,21.5,21.639999389648438,725000.0,19.262664794921875
2006-11-24,21.770000457763672,21.5,21.600000381469727,21.670000076293945,375900.0,19.289365768432617
2006-11-27,21.649999618530273,21.229999542236328,21.600000381469727,21.350000381469727,632900.0,19.004520416259766
2006-11-28,21.34000015258789,20.940000534057617,21.329999923706055,21.100000381469727,475500.0,18.78199005126953
2006-11-29,21.639999389648438,21.15999984741211,21.170000076293945,21.6299991607666,554800.0,19.25376319885254
2006-11-30,21.729999542236328,21.40999984741211,21.6299991607666,21.670000076293945,749900.0,19.289365768432617
2006-12-01,21.670000076293945,21.1200008392334,21.549999237060547,21.3700008392334,566100.0,19.022323608398438
2006-12-04,21.65999984741211,21.360000610351562,21.360000610351562,21.579999923706055,600100.0,19.209253311157227
2006-12-05,21.68000030517578,21.350000381469727,21.59000015258789,21.5,433500.0,19.13804817199707
2006-12-06,21.549999237060547,21.40999984741211,21.549999237060547,21.510000228881836,408200.0,19.146949768066406
2006-12-07,21.790000915527344,21.510000228881836,21.510000228881836,21.709999084472656,640100.0,19.324970245361328
2006-12-08,22.139999389648438,21.65999984741211,21.709999084472656,22.059999465942383,869200.0,19.636518478393555
2006-12-11,22.239999771118164,22.040000915527344,22.049999237060547,22.229999542236328,656900.0,19.7878475189209
2006-12-12,22.270000457763672,22.06999969482422,22.200000762939453,22.260000228881836,1409400.0,19.814556121826172
2006-12-13,22.3700008392334,22.100000381469727,22.350000381469727,22.219999313354492,573400.0,19.77895164489746
2006-12-14,22.389999389648438,22.149999618530273,22.190000534057617,22.309999465942383,300000.0,19.85906219482422
2006-12-15,22.399999618530273,22.110000610351562,22.31999969482422,22.260000228881836,675800.0,19.814556121826172
2006-12-18,22.34000015258789,22.15999984741211,22.219999313354492,22.219999313354492,600100.0,19.77895164489746
2006-12-19,22.239999771118164,22.0,22.110000610351562,22.209999084472656,656700.0,19.770044326782227
2006-12-20,22.31999969482422,22.190000534057617,22.190000534057617,22.25,353500.0,19.805648803710938
2006-12-21,22.270000457763672,21.979999542236328,22.170000076293945,22.229999542236328,651800.0,19.7878475189209
2006-12-22,22.260000228881836,22.049999237060547,22.200000762939453,22.1299991607666,359800.0,19.698837280273438
2006-12-26,22.299999237060547,22.040000915527344,22.1200008392334,22.260000228881836,166100.0,19.814556121826172
2006-12-27,22.5,22.25,22.309999465942383,22.479999542236328,310600.0,20.010379791259766
2006-12-28,22.579999923706055,22.25,22.469999313354492,22.270000457763672,361700.0,19.823455810546875
2006-12-29,22.360000610351562,22.149999618530273,22.270000457763672,22.229999542236328,406900.0,19.7878475189209
2007-01-03,22.360000610351562,21.860000610351562,22.200000762939453,21.889999389648438,1534600.0,19.485198974609375
2007-01-04,22.040000915527344,21.469999313354492,21.899999618530273,21.579999923706055,1724000.0,19.209253311157227
2007-01-05,21.649999618530273,21.399999618530273,21.5,21.559999465942383,1294500.0,19.191448211669922
2007-01-08,21.6200008392334,21.31999969482422,21.56999969482422,21.459999084472656,1795000.0,19.102434158325195
2007-01-09,21.559999465942383,21.31999969482422,21.459999084472656,21.43000030517578,628700.0,19.075740814208984
2007-01-10,21.450000762939453,21.280000686645508,21.450000762939453,21.399999618530273,698800.0,19.049026489257812
2007-01-11,21.860000610351562,21.34000015258789,21.389999389648438,21.850000381469727,720900.0,19.44959831237793
2007-01-12,22.25,21.850000381469727,21.860000610351562,22.170000076293945,762300.0,19.73444366455078
2007-01-16,23.239999771118164,22.600000381469727,22.899999618530273,22.65999984741211,1153900.0,20.17061424255371
2007-01-17,22.579999923706055,22.170000076293945,22.510000228881836,22.200000762939453,932200.0,19.8223819732666
2007-01-18,22.43000030517578,22.25,22.270000457763672,22.299999237060547,817100.0,19.911672592163086
2007-01-19,22.3799991607666,22.219999313354492,22.3799991607666,22.309999465942383,587500.0,19.920602798461914
2007-01-22,22.34000015258789,22.059999465942383,22.290000915527344,22.149999618530273,537000.0,19.777732849121094
2007-01-23,22.43000030517578,22.049999237060547,22.149999618530273,22.350000381469727,546000.0,19.956314086914062
2007-01-24,22.770000457763672,22.350000381469727,22.350000381469727,22.670000076293945,704300.0,20.242034912109375
2007-01-25,23.049999237060547,22.5,22.670000076293945,22.700000762939453,1527200.0,20.268827438354492
2007-01-26,23.489999771118164,22.729999542236328,23.350000381469727,23.100000381469727,1791200.0,20.62598991394043
2007-01-29,23.489999771118164,23.059999465942383,23.110000610351562,23.3799991607666,1392100.0,20.876007080078125
2007-01-30,23.559999465942383,23.34000015258789,23.3799991607666,23.479999542236328,583300.0,20.96528434753418
2007-01-31,23.940000534057617,23.399999618530273,23.489999771118164,23.8700008392334,644200.0,21.31351661682129
2007-02-01,24.010000228881836,23.770000457763672,23.8700008392334,24.010000228881836,486900.0,21.438522338867188
2007-02-02,24.139999389648438,23.90999984741211,24.010000228881836,23.969999313354492,1146900.0,21.402807235717773
2007-02-05,24.020000457763672,23.90999984741211,23.969999313354492,23.989999771118164,628500.0,21.420658111572266
2007-02-06,24.1200008392334,23.969999313354492,24.06999969482422,24.0,719700.0,21.429594039916992
2007-02-07,24.079999923706055,23.889999389648438,23.989999771118164,23.989999771118164,1102600.0,21.420658111572266
2007-02-08,24.100000381469727,23.889999389648438,23.989999771118164,24.079999923706055,832600.0,21.50102996826172
2007-02-09,24.25,24.010000228881836,24.149999618530273,24.15999984741211,540500.0,21.57245635986328
2007-02-12,24.239999771118164,24.010000228881836,24.09000015258789,24.200000762939453,594100.0,21.60817527770996
2007-02-13,24.25,24.049999237060547,24.149999618530273,24.25,458000.0,21.652830123901367
2007-02-14,24.450000762939453,24.229999542236328,24.25,24.420000076293945,535300.0,21.804615020751953
2007-02-15,24.479999542236328,24.31999969482422,24.43000030517578,24.34000015258789,434800.0,21.733177185058594
2007-02-16,24.440000534057617,23.940000534057617,24.239999771118164,24.270000457763672,506300.0,21.670684814453125
2007-02-20,24.56999969482422,24.190000534057617,24.200000762939453,24.540000915527344,749400.0,21.91176414489746
2007-02-21,24.65999984741211,24.3700008392334,24.5,24.450000762939453,634300.0,21.831403732299805
2007-02-22,24.579999923706055,24.34000015258789,24.43000030517578,24.559999465942383,844500.0,21.92962074279785
2007-02-23,24.600000381469727,24.350000381469727,24.59000015258789,24.540000915527344,480100.0,21.91176414489746
2007-02-26,24.559999465942383,24.239999771118164,24.510000228881836,24.43000030517578,402900.0,21.81354522705078
2007-02-27,24.3700008392334,23.350000381469727,24.360000610351562,23.6200008392334,702000.0,21.090295791625977
2007-02-28,23.809999465942383,23.3700008392334,23.6299991607666,23.739999771118164,873400.0,21.197439193725586
2007-03-01,23.639999389648438,22.770000457763672,23.510000228881836,23.559999465942383,797800.0,21.036724090576172
2007-03-02,23.600000381469727,23.25,23.559999465942383,23.260000228881836,476700.0,20.768857955932617
2007-03-05,23.34000015258789,22.8700008392334,23.219999313354492,22.8700008392334,1246400.0,20.42062759399414
2007-03-06,23.200000762939453,22.950000762939453,22.969999313354492,23.170000076293945,1092100.0,20.688495635986328
2007-03-07,23.25,23.06999969482422,23.149999618530273,23.170000076293945,830600.0,20.688495635986328
2007-03-08,23.329999923706055,23.139999389648438,23.239999771118164,23.219999313354492,1824900.0,20.733135223388672
2007-03-09,23.399999618530273,23.18000030517578,23.299999237060547,23.25,812300.0,20.759918212890625
2007-03-12,23.3799991607666,23.149999618530273,23.200000762939453,23.3700008392334,586600.0,20.867069244384766
2007-03-13,23.34000015258789,23.15999984741211,23.299999237060547,23.190000534057617,541300.0,20.70635223388672
2007-03-14,23.280000686645508,22.90999984741211,23.209999084472656,23.200000762939453,420300.0,20.715282440185547
2007-03-15,23.350000381469727,23.200000762939453,23.229999542236328,23.270000457763672,343200.0,20.77777862548828
2007-03-16,23.3700008392334,23.200000762939453,23.280000686645508,23.25,455500.0,20.759918212890625
2007-03-19,23.639999389648438,23.31999969482422,23.3700008392334,23.610000610351562,389000.0,21.081369400024414
2007-03-20,23.610000610351562,23.309999465942383,23.610000610351562,23.559999465942383,279000.0,21.036724090576172
2007-03-21,24.219999313354492,23.479999542236328,23.489999771118164,24.1299991607666,545800.0,21.545673370361328
2007-03-22,24.270000457763672,23.8799991607666,24.110000610351562,24.15999984741211,662700.0,21.57245635986328
2007-03-23,24.40999984741211,24.0,24.1200008392334,24.3799991607666,342000.0,21.768901824951172
2007-03-26,24.350000381469727,23.989999771118164,24.290000915527344,24.15999984741211,394400.0,21.57245635986328
2007-03-27,24.200000762939453,23.979999542236328,24.149999618530273,24.079999923706055,388200.0,21.50102996826172
2007-03-28,24.1200008392334,23.809999465942383,24.049999237060547,24.0,335700.0,21.429594039916992
2007-03-29,24.1200008392334,23.799999237060547,24.100000381469727,23.969999313354492,250600.0,21.402807235717773
2007-03-30,24.360000610351562,23.979999542236328,23.979999542236328,24.219999313354492,566200.0,21.62602996826172
2007-04-02,24.209999084472656,23.860000610351562,24.1299991607666,24.200000762939453,526200.0,21.60817527770996
2007-04-03,24.489999771118164,24.100000381469727,24.209999084472656,24.440000534057617,807600.0,21.822473526000977
2007-04-04,24.549999237060547,24.3700008392334,24.450000762939453,24.540000915527344,694000.0,21.91176414489746
2007-04-05,24.950000762939453,24.43000030517578,24.540000915527344,24.670000076293945,1286900.0,22.0278377532959
2007-04-09,24.790000915527344,24.6299991607666,24.670000076293945,24.68000030517578,1665700.0,22.036771774291992
2007-04-10,24.850000381469727,24.549999237060547,24.739999771118164,24.600000381469727,1437000.0,21.96533966064453
2007-04-11,24.709999084472656,24.399999618530273,24.56999969482422,24.43000030517578,648200.0,21.81354522705078
2007-04-12,24.690000534057617,24.34000015258789,24.440000534057617,24.65999984741211,1087300.0,22.01890754699707
2007-04-13,25.40999984741211,24.559999465942383,24.649999618530273,25.139999389648438,1633600.0,22.4475040435791
2007-04-16,25.229999542236328,25.0,25.1200008392334,25.079999923706055,869100.0,22.3939266204834
2007-04-17,25.25,24.889999389648438,25.020000457763672,24.989999771118164,877200.0,22.313566207885742
2007-04-18,24.979999542236328,24.829999923706055,24.93000030517578,24.950000762939453,578900.0,22.34043312072754
2007-04-19,25.5,24.579999923706055,25.5,24.719999313354492,748800.0,22.13448715209961
2007-04-20,26.440000534057617,24.239999771118164,24.239999771118164,24.93000030517578,1037200.0,22.322521209716797
2007-04-23,24.940000534057617,24.770000457763672,24.799999237060547,24.829999923706055,603800.0,22.232980728149414
2007-04-24,25.040000915527344,24.639999389648438,24.959999084472656,24.790000915527344,692100.0,22.197166442871094
2007-04-25,25.030000686645508,24.639999389648438,24.799999237060547,24.950000762939453,626900.0,22.34043312072754
2007-04-26,25.100000381469727,24.889999389648438,24.940000534057617,24.969999313354492,546600.0,22.358341217041016
2007-04-27,25.0,24.459999084472656,24.899999618530273,24.489999771118164,1172700.0,21.928543090820312
2007-04-30,24.549999237060547,24.1200008392334,24.549999237060547,24.200000762939453,1164500.0,21.66887092590332
2007-05-01,24.389999389648438,24.149999618530273,24.200000762939453,24.309999465942383,1011100.0,21.767364501953125
2007-05-02,25.200000762939453,24.329999923706055,24.329999923706055,25.020000457763672,1590300.0,22.403108596801758
2007-05-03,25.239999771118164,25.0,25.020000457763672,25.110000610351562,568700.0,22.48369026184082
2007-05-04,25.270000457763672,25.110000610351562,25.139999389648438,25.15999984741211,472600.0,22.528472900390625
2007-05-07,25.43000030517578,25.110000610351562,25.110000610351562,25.290000915527344,344100.0,22.64487075805664
2007-05-08,25.290000915527344,25.049999237060547,25.290000915527344,25.190000534057617,259400.0,22.555326461791992
2007-05-09,25.40999984741211,25.149999618530273,25.190000534057617,25.350000381469727,470300.0,22.698596954345703
2007-05-10,25.200000762939453,24.979999542236328,25.040000915527344,25.100000381469727,886200.0,22.47474479675293
2007-05-11,25.43000030517578,25.079999923706055,25.219999313354492,25.399999618530273,400600.0,22.74336051940918
2007-05-14,25.420000076293945,25.079999923706055,25.399999618530273,25.1299991607666,434300.0,22.501602172851562
2007-05-15,25.489999771118164,25.15999984741211,25.229999542236328,25.389999389648438,548700.0,22.73440933227539
2007-05-16,25.6299991607666,25.299999237060547,25.3799991607666,25.6299991607666,558900.0,22.949304580688477
2007-05-17,25.639999389648438,25.190000534057617,25.639999389648438,25.31999969482422,497400.0,22.67173194885254
2007-05-18,25.579999923706055,25.299999237060547,25.34000015258789,25.549999237060547,499900.0,22.877674102783203
2007-05-21,25.799999237060547,25.440000534057617,25.520000457763672,25.540000915527344,631600.0,22.868717193603516
2007-05-22,25.690000534057617,25.309999465942383,25.459999084472656,25.649999618530273,466400.0,22.96721839904785
2007-05-23,26.209999084472656,25.709999084472656,25.780000686645508,26.0,1471700.0,23.280609130859375
2007-05-24,26.290000915527344,25.93000030517578,26.0,26.0,795400.0,23.280609130859375
2007-05-25,26.110000610351562,25.8799991607666,26.059999465942383,26.020000457763672,270200.0,23.298513412475586
2007-05-29,26.270000457763672,26.010000228881836,26.010000228881836,26.100000381469727,427700.0,23.37015151977539
2007-05-30,26.43000030517578,25.889999389648438,26.030000686645508,26.360000610351562,632900.0,23.602964401245117
2007-05-31,26.600000381469727,26.350000381469727,26.3799991607666,26.510000228881836,928500.0,23.73727035522461
2007-06-01,26.950000762939453,26.510000228881836,26.510000228881836,26.90999984741211,770900.0,24.095436096191406
2007-06-04,27.110000610351562,26.790000915527344,26.809999465942383,26.90999984741211,1486500.0,24.095436096191406
2007-06-05,26.8700008392334,26.479999542236328,26.799999237060547,26.68000030517578,581000.0,23.889484405517578
2007-06-06,26.75,26.440000534057617,26.68000030517578,26.459999084472656,801500.0,23.69249153137207
2007-06-07,26.610000610351562,26.25,26.440000534057617,26.3799991607666,1018400.0,23.62086296081543
2007-06-08,26.639999389648438,26.309999465942383,26.399999618530273,26.639999389648438,609400.0,23.853670120239258
2007-06-11,26.639999389648438,26.34000015258789,26.639999389648438,26.479999542236328,699100.0,23.710405349731445
2007-06-12,26.489999771118164,26.219999313354492,26.3700008392334,26.360000610351562,515500.0,23.602964401245117
2007-06-13,26.649999618530273,26.200000762939453,26.530000686645508,26.649999618530273,508100.0,23.86261749267578
2007-06-14,26.790000915527344,26.610000610351562,26.649999618530273,26.68000030517578,265600.0,23.889484405517578
2007-06-15,27.079999923706055,26.770000457763672,26.899999618530273,26.829999923706055,586000.0,24.02379608154297
2007-06-18,26.889999389648438,26.649999618530273,26.84000015258789,26.65999984741211,466000.0,23.871580123901367
2007-06-19,26.75,26.510000228881836,26.65999984741211,26.65999984741211,572800.0,23.871580123901367
2007-06-20,26.739999771118164,26.389999389648438,26.700000762939453,26.389999389648438,429800.0,23.62981414794922
2007-06-21,26.549999237060547,26.31999969482422,26.389999389648438,26.440000534057617,774600.0,23.67458724975586
2007-06-22,26.440000534057617,26.09000015258789,26.440000534057617,26.139999389648438,752100.0,23.405969619750977
2007-06-25,26.209999084472656,25.780000686645508,26.149999618530273,25.8799991607666,630000.0,23.173158645629883
2007-06-26,26.110000610351562,25.790000915527344,25.8799991607666,25.790000915527344,817700.0,23.092578887939453
2007-06-27,25.780000686645508,25.40999984741211,25.700000762939453,25.639999389648438,1181700.0,22.958263397216797
2007-06-28,25.989999771118164,25.56999969482422,25.649999618530273,25.850000381469727,805600.0,23.14630126953125
2007-06-29,26.25,25.860000610351562,25.860000610351562,26.059999465942383,1280700.0,23.33432960510254
2007-07-02,26.520000457763672,26.06999969482422,26.1299991607666,26.459999084472656,1129200.0,23.69249153137207
2007-07-03,26.760000228881836,26.469999313354492,26.469999313354492,26.709999084472656,452400.0,23.916349411010742
2007-07-05,27.040000915527344,26.649999618530273,26.700000762939453,26.979999542236328,779600.0,24.158105850219727
2007-07-06,27.3700008392334,26.889999389648438,26.989999771118164,27.31999969482422,570200.0,24.462553024291992
2007-07-09,27.299999237060547,26.90999984741211,27.299999237060547,27.020000457763672,328900.0,24.193927764892578
2007-07-10,27.139999389648438,26.850000381469727,26.959999084472656,26.90999984741211,677700.0,24.095436096191406
2007-07-11,27.270000457763672,26.920000076293945,26.940000534057617,27.200000762939453,510000.0,24.355098724365234
2007-07-12,27.670000076293945,27.200000762939453,27.31999969482422,27.670000076293945,518400.0,24.775938034057617
2007-07-13,27.729999542236328,27.360000610351562,27.600000381469727,27.360000610351562,558100.0,24.498367309570312
2007-07-16,27.520000457763672,27.200000762939453,27.360000610351562,27.280000686645508,388200.0,24.426734924316406
2007-07-17,27.34000015258789,27.100000381469727,27.229999542236328,27.280000686645508,473300.0,24.426734924316406
2007-07-18,27.25,26.31999969482422,26.31999969482422,27.149999618530273,629400.0,24.372865676879883
2007-07-19,27.299999237060547,26.959999084472656,27.200000762939453,26.989999771118164,580500.0,24.22922706604004
2007-07-20,27.06999969482422,26.760000228881836,26.979999542236328,26.780000686645508,713200.0,24.04071617126465
2007-07-23,27.100000381469727,26.90999984741211,26.959999084472656,27.010000228881836,857600.0,24.2471923828125
2007-07-24,27.299999237060547,26.799999237060547,27.15999984741211,26.850000381469727,881100.0,24.103557586669922
2007-07-25,27.530000686645508,26.920000076293945,27.15999984741211,27.1299991607666,1005400.0,24.354907989501953
2007-07-26,27.239999771118164,26.200000762939453,27.0,26.209999084472656,1043000.0,23.52901840209961
2007-07-27,28.299999237060547,26.530000686645508,27.719999313354492,27.950000762939453,2968000.0,25.091035842895508
2007-07-30,28.520000457763672,27.81999969482422,28.09000015258789,28.479999542236328,1553800.0,25.56682586669922
2007-07-31,28.610000610351562,27.790000915527344,28.610000610351562,27.829999923706055,1240900.0,24.98331069946289
2007-08-01,28.299999237060547,27.6200008392334,27.850000381469727,28.100000381469727,1182400.0,25.225690841674805
2007-08-02,28.559999465942383,27.209999084472656,27.209999084472656,28.540000915527344,1160100.0,25.62068748474121
2007-08-03,28.670000076293945,27.649999618530273,27.649999618530273,28.049999237060547,1091500.0,25.180809020996094
2007-08-06,28.329999923706055,27.489999771118164,28.040000915527344,27.959999084472656,1383500.0,25.100017547607422
2007-08-07,27.799999237060547,26.969999313354492,27.75,27.030000686645508,2058900.0,24.265146255493164
2007-08-08,27.149999618530273,26.600000381469727,27.110000610351562,27.040000915527344,2080300.0,24.27411651611328
2007-08-09,27.93000030517578,25.649999618530273,27.93000030517578,26.829999923706055,2505600.0,24.085599899291992
2007-08-10,27.520000457763672,26.18000030517578,26.420000076293945,27.440000534057617,1551000.0,24.63320541381836
2007-08-13,27.90999984741211,27.049999237060547,27.329999923706055,27.670000076293945,942800.0,24.839677810668945
2007-08-14,28.43000030517578,27.530000686645508,27.850000381469727,27.530000686645508,917600.0,24.713998794555664
2007-08-15,27.709999084472656,26.420000076293945,27.56999969482422,26.520000457763672,544300.0,23.807308197021484
2007-08-16,26.850000381469727,25.950000762939453,26.3799991607666,26.799999237060547,1412500.0,24.058671951293945
2007-08-17,27.8799991607666,27.0,27.149999618530273,27.8799991607666,1135200.0,25.028202056884766
2007-08-20,28.170000076293945,27.56999969482422,27.8700008392334,28.020000457763672,691600.0,25.15387535095215
2007-08-21,28.149999618530273,27.639999389648438,27.90999984741211,27.739999771118164,720300.0,24.902523040771484
2007-08-22,27.940000534057617,27.459999084472656,27.809999465942383,27.739999771118164,472700.0,24.902523040771484
2007-08-23,27.950000762939453,27.68000030517578,27.84000015258789,27.739999771118164,529300.0,24.902523040771484
2007-08-24,27.920000076293945,27.700000762939453,27.75,27.889999389648438,523900.0,25.037166595458984
2007-08-27,27.860000610351562,27.639999389648438,27.850000381469727,27.639999389648438,392200.0,24.812746047973633
2007-08-28,27.670000076293945,27.049999237060547,27.579999923706055,27.059999465942383,597300.0,24.29207992553711
2007-08-29,27.700000762939453,27.270000457763672,27.270000457763672,27.700000762939453,857700.0,24.86661148071289
2007-08-30,27.950000762939453,27.510000228881836,27.559999465942383,27.719999313354492,510100.0,24.88456916809082
2007-08-31,27.81999969482422,27.0,27.75,27.40999984741211,1055000.0,24.606271743774414
2007-09-04,27.5,27.239999771118164,27.270000457763672,27.479999542236328,908300.0,24.669109344482422
2007-09-05,27.579999923706055,27.18000030517578,27.360000610351562,27.5,987800.0,24.687070846557617
2007-09-06,27.93000030517578,27.5,27.510000228881836,27.93000030517578,786800.0,25.073087692260742
2007-09-07,27.780000686645508,27.079999923706055,27.549999237060547,27.1200008392334,494100.0,24.345937728881836
2007-09-10,27.3799991607666,27.0,27.25,27.149999618530273,607500.0,24.372865676879883
2007-09-11,27.469999313354492,27.15999984741211,27.209999084472656,27.420000076293945,426800.0,24.61525535583496
2007-09-12,27.670000076293945,27.030000686645508,27.270000457763672,27.549999237060547,625200.0,24.73195457458496
2007-09-13,27.809999465942383,27.479999542236328,27.610000610351562,27.739999771118164,399600.0,24.902523040771484
2007-09-14,28.100000381469727,27.549999237060547,27.549999237060547,28.059999465942383,516500.0,25.189783096313477
2007-09-17,28.049999237060547,27.81999969482422,27.920000076293945,27.889999389648438,583900.0,25.037166595458984
2007-09-18,28.649999618530273,27.93000030517578,27.93000030517578,28.59000015258789,1210600.0,25.665571212768555
2007-09-19,29.479999542236328,28.75,28.899999618530273,29.350000381469727,861300.0,26.34783935546875
2007-09-20,30.0,29.15999984741211,29.3700008392334,29.299999237060547,1434800.0,26.302947998046875
2007-09-21,29.6299991607666,28.979999542236328,29.6299991607666,28.979999542236328,975600.0,26.015670776367188
2007-09-24,29.06999969482422,28.290000915527344,29.06999969482422,28.479999542236328,746600.0,25.56682586669922
2007-09-25,28.739999771118164,28.309999465942383,28.540000915527344,28.489999771118164,752200.0,25.575807571411133
2007-09-26,29.18000030517578,28.510000228881836,28.65999984741211,29.15999984741211,887600.0,26.17726707458496
2007-09-27,29.329999923706055,28.950000762939453,29.329999923706055,29.100000381469727,515500.0,26.123403549194336
2007-09-28,29.389999389648438,29.1200008392334,29.18000030517578,29.209999084472656,596000.0,26.222156524658203
2007-10-01,29.989999771118164,29.200000762939453,29.25,29.860000610351562,674600.0,26.805665969848633
2007-10-02,29.989999771118164,27.5,29.989999771118164,28.90999984741211,1762900.0,25.952842712402344
2007-10-03,29.0,28.3799991607666,28.920000076293945,28.610000610351562,944500.0,25.683530807495117
2007-10-04,28.940000534057617,28.6200008392334,28.6200008392334,28.81999969482422,479700.0,25.872053146362305
2007-10-05,29.260000228881836,28.649999618530273,29.059999465942383,29.049999237060547,439800.0,26.07851791381836
2007-10-08,29.149999618530273,28.709999084472656,29.149999618530273,28.940000534057617,709300.0,25.979768753051758
2007-10-09,29.200000762939453,28.709999084472656,28.969999313354492,29.170000076293945,556100.0,26.18624496459961
2007-10-10,29.239999771118164,28.3700008392334,29.15999984741211,28.540000915527344,923600.0,25.62068748474121
2007-10-11,28.84000015258789,28.139999389648438,28.6200008392334,28.209999084472656,554700.0,25.324445724487305
2007-10-12,28.68000030517578,28.229999542236328,28.280000686645508,28.639999389648438,405900.0,25.710466384887695
2007-10-15,28.780000686645508,28.059999465942383,28.719999313354492,28.209999084472656,476500.0,25.324445724487305
2007-10-16,28.790000915527344,28.100000381469727,28.25,28.65999984741211,717800.0,25.728408813476562
2007-10-17,28.969999313354492,28.469999313354492,28.729999542236328,28.899999618530273,804700.0,26.007383346557617
2007-10-18,29.299999237060547,28.8700008392334,28.889999389648438,29.190000534057617,412700.0,26.268356323242188
2007-10-19,29.260000228881836,28.549999237060547,29.15999984741211,28.549999237060547,878300.0,25.69241714477539
2007-10-22,28.59000015258789,28.239999771118164,28.469999313354492,28.549999237060547,595500.0,25.69241714477539
2007-10-23,29.520000457763672,28.389999389648438,28.780000686645508,29.5,1085300.0,26.54733657836914
2007-10-24,29.639999389648438,28.729999542236328,29.31999969482422,29.540000915527344,1041300.0,26.583330154418945
2007-10-25,29.540000915527344,28.18000030517578,29.469999313354492,29.270000457763672,1154500.0,26.340349197387695
2007-10-26,29.139999389648438,27.420000076293945,29.0,27.81999969482422,1688300.0,25.03548240661621
2007-10-29,28.049999237060547,27.790000915527344,27.860000610351562,27.93000030517578,1224600.0,25.134477615356445
2007-10-30,27.93000030517578,27.790000915527344,27.90999984741211,27.829999923706055,910200.0,25.04448127746582
2007-10-31,27.889999389648438,27.100000381469727,27.739999771118164,27.520000457763672,1737600.0,24.765512466430664
2007-11-01,27.420000076293945,26.700000762939453,27.3700008392334,26.739999771118164,902800.0,24.063579559326172
2007-11-02,27.600000381469727,26.670000076293945,27.579999923706055,26.950000762939453,1433900.0,24.2525634765625
2007-11-05,27.829999923706055,26.899999618530273,27.0,27.729999542236328,1627100.0,24.95448875427246
2007-11-06,28.139999389648438,27.489999771118164,27.790000915527344,28.079999923706055,1079600.0,25.269454956054688
2007-11-07,28.559999465942383,27.84000015258789,27.8700008392334,27.84000015258789,1137900.0,25.05348014831543
2007-11-08,28.170000076293945,27.639999389648438,27.790000915527344,28.100000381469727,1136400.0,25.287450790405273
2007-11-09,28.18000030517578,27.530000686645508,27.8700008392334,27.530000686645508,784200.0,24.774511337280273
2007-11-12,27.610000610351562,26.860000610351562,27.5,26.860000610351562,1263600.0,24.171567916870117
2007-11-13,27.040000915527344,26.440000534057617,26.989999771118164,27.030000686645508,1016300.0,24.324560165405273
2007-11-14,27.200000762939453,26.950000762939453,27.09000015258789,26.979999542236328,727000.0,24.279560089111328
2007-11-15,27.229999542236328,26.649999618530273,26.860000610351562,26.780000686645508,594200.0,24.099576950073242
2007-11-16,27.1299991607666,26.75,26.969999313354492,27.020000457763672,686100.0,24.315549850463867
2007-11-19,26.899999618530273,26.520000457763672,26.899999618530273,26.639999389648438,916000.0,23.973590850830078
2007-11-20,26.959999084472656,26.3700008392334,26.600000381469727,26.760000228881836,1330200.0,24.081573486328125
2007-11-21,26.850000381469727,26.469999313354492,26.59000015258789,26.559999465942383,953700.0,23.90159797668457
2007-11-23,26.940000534057617,26.469999313354492,26.65999984741211,26.940000534057617,227700.0,24.24356460571289
2007-11-26,26.940000534057617,26.3799991607666,26.760000228881836,26.3799991607666,991700.0,23.739614486694336
2007-11-27,26.90999984741211,26.329999923706055,26.459999084472656,26.8700008392334,1493100.0,24.180566787719727
2007-11-28,27.56999969482422,26.780000686645508,26.8700008392334,27.559999465942383,756100.0,24.801504135131836
2007-11-29,27.639999389648438,27.100000381469727,27.420000076293945,27.190000534057617,1038100.0,24.468536376953125
2007-11-30,27.520000457763672,27.09000015258789,27.489999771118164,27.280000686645508,731200.0,24.549535751342773
2007-12-03,27.309999465942383,27.0,27.209999084472656,27.18000030517578,435800.0,24.45954704284668
2007-12-04,27.06999969482422,26.420000076293945,27.06999969482422,26.43000030517578,922800.0,23.784608840942383
2007-12-05,26.829999923706055,26.520000457763672,26.56999969482422,26.770000457763672,902900.0,24.0905818939209
2007-12-06,27.079999923706055,26.649999618530273,26.760000228881836,27.06999969482422,1015700.0,24.360551834106445
2007-12-07,27.139999389648438,26.479999542236328,27.06999969482422,26.510000228881836,851300.0,23.856597900390625
2007-12-10,26.719999313354492,26.510000228881836,26.540000915527344,26.59000015258789,644800.0,23.928592681884766
2007-12-11,26.6299991607666,25.100000381469727,26.530000686645508,25.15999984741211,2634100.0,22.641721725463867
2007-12-12,25.579999923706055,24.290000915527344,25.579999923706055,24.729999542236328,2377600.0,22.25476837158203
2007-12-13,24.68000030517578,24.170000076293945,24.530000686645508,24.6200008392334,1956000.0,22.15577507019043
2007-12-14,26.190000534057617,25.139999389648438,25.239999771118164,25.65999984741211,2236000.0,23.0916748046875
2007-12-17,25.649999618530273,24.979999542236328,25.649999618530273,24.979999542236328,1141400.0,22.4797420501709
2007-12-18,25.079999923706055,24.610000610351562,25.040000915527344,24.6299991607666,1245600.0,22.164766311645508
2007-12-19,25.18000030517578,24.56999969482422,24.68000030517578,25.100000381469727,917100.0,22.587732315063477
2007-12-20,25.3700008392334,25.030000686645508,25.229999542236328,25.260000228881836,781600.0,22.731708526611328
2007-12-21,25.8799991607666,25.469999313354492,25.479999542236328,25.8799991607666,1298200.0,23.289653778076172
2007-12-24,26.100000381469727,25.770000457763672,26.100000381469727,25.920000076293945,174500.0,23.325651168823242
2007-12-26,26.09000015258789,25.809999465942383,25.809999465942383,26.030000686645508,379800.0,23.424638748168945
2007-12-27,26.1299991607666,25.850000381469727,25.889999389648438,25.969999313354492,776900.0,23.370656967163086
2007-12-28,26.25,26.010000228881836,26.18000030517578,26.1299991607666,732100.0,23.514633178710938
2007-12-31,26.209999084472656,25.959999084472656,25.979999542236328,26.020000457763672,684800.0,23.415651321411133
2008-01-02,26.010000228881836,25.239999771118164,25.799999237060547,25.530000686645508,1253600.0,22.974693298339844
2008-01-03,25.790000915527344,25.059999465942383,25.790000915527344,25.18000030517578,1671500.0,22.65971565246582
2008-01-04,24.989999771118164,24.43000030517578,24.8700008392334,24.489999771118164,1657800.0,22.038787841796875
2008-01-07,24.850000381469727,24.450000762939453,24.59000015258789,24.780000686645508,1553500.0,22.29975700378418
2008-01-08,25.190000534057617,24.700000762939453,24.700000762939453,24.8799991607666,1580100.0,22.389747619628906
2008-01-09,25.549999237060547,24.770000457763672,24.959999084472656,25.43000030517578,1105500.0,22.88470458984375
2008-01-10,26.049999237060547,25.200000762939453,25.200000762939453,25.739999771118164,1631100.0,23.163665771484375
2008-01-11,25.559999465942383,25.270000457763672,25.440000534057617,25.350000381469727,729900.0,22.81270980834961
2008-01-14,25.829999923706055,25.280000686645508,25.469999313354492,25.790000915527344,852400.0,23.208675384521484
2008-01-15,25.770000457763672,25.479999542236328,25.520000457763672,25.520000457763672,1052900.0,22.965696334838867
2008-01-16,25.979999542236328,25.489999771118164,25.5,25.649999618530273,777400.0,23.146169662475586
2008-01-17,25.780000686645508,24.959999084472656,25.68000030517578,25.0,1230500.0,22.559616088867188
2008-01-18,24.989999771118164,24.079999923706055,24.950000762939453,24.34000015258789,1379600.0,21.964038848876953
2008-01-22,23.860000610351562,23.049999237060547,23.440000534057617,23.270000457763672,1614200.0,20.998493194580078
2008-01-23,23.06999969482422,21.8799991607666,22.350000381469727,23.0,2011000.0,20.75484848022461
2008-01-24,23.68000030517578,22.700000762939453,22.84000015258789,22.700000762939453,1478600.0,20.484132766723633
2008-01-25,27.25,24.950000762939453,26.989999771118164,26.68000030517578,3957000.0,24.07562828063965
2008-01-28,27.209999084472656,25.579999923706055,27.100000381469727,25.700000762939453,2345900.0,23.1912899017334
2008-01-29,25.68000030517578,24.360000610351562,25.639999389648438,24.860000610351562,1822100.0,22.43328857421875
2008-01-30,25.110000610351562,24.510000228881836,24.829999923706055,24.549999237060547,1105900.0,22.153541564941406
2008-01-31,25.110000610351562,24.040000915527344,24.530000686645508,24.81999969482422,2083800.0,22.397186279296875
2008-02-01,25.459999084472656,24.739999771118164,24.950000762939453,25.360000610351562,1087700.0,22.884475708007812
2008-02-04,25.850000381469727,25.270000457763672,25.290000915527344,25.690000534057617,1508200.0,23.182254791259766
2008-02-05,25.950000762939453,25.31999969482422,25.540000915527344,25.530000686645508,1240600.0,23.037883758544922
2008-02-06,26.0,25.290000915527344,25.600000381469727,25.40999984741211,1100000.0,22.92959213256836
2008-02-07,25.709999084472656,25.110000610351562,25.229999542236328,25.670000076293945,877700.0,23.164215087890625
2008-02-08,25.700000762939453,25.219999313354492,25.510000228881836,25.31999969482422,1187700.0,22.848390579223633
2008-02-11,25.719999313354492,25.149999618530273,25.229999542236328,25.65999984741211,649400.0,23.15519142150879
2008-02-12,25.809999465942383,25.110000610351562,25.75,25.520000457763672,941200.0,23.028858184814453
2008-02-13,25.8799991607666,25.229999542236328,25.709999084472656,25.829999923706055,979300.0,23.308589935302734
2008-02-14,25.989999771118164,25.25,25.729999542236328,25.3799991607666,676900.0,22.90251922607422
2008-02-15,25.450000762939453,25.149999618530273,25.209999084472656,25.399999618530273,459800.0,22.920560836791992
2008-02-19,25.75,25.389999389648438,25.579999923706055,25.440000534057617,604100.0,22.956668853759766
2008-02-20,25.610000610351562,25.049999237060547,25.440000534057617,25.610000610351562,569600.0,23.110074996948242
2008-02-21,25.65999984741211,24.84000015258789,25.600000381469727,24.979999542236328,1050400.0,22.54157066345215
2008-02-22,25.09000015258789,24.549999237060547,24.920000076293945,24.979999542236328,583500.0,22.54157066345215
2008-02-25,25.200000762939453,24.860000610351562,25.200000762939453,25.0,841200.0,22.559616088867188
2008-02-26,25.139999389648438,24.8799991607666,24.940000534057617,24.979999542236328,994700.0,22.54157066345215
2008-02-27,25.25,24.889999389648438,24.899999618530273,25.010000228881836,978100.0,22.568632125854492
2008-02-28,24.989999771118164,24.469999313354492,24.969999313354492,24.81999969482422,769300.0,22.397186279296875
2008-02-29,25.219999313354492,24.549999237060547,24.610000610351562,24.81999969482422,1046200.0,22.397186279296875
2008-03-03,24.8799991607666,24.389999389648438,24.690000534057617,24.579999923706055,602700.0,22.180618286132812
2008-03-04,24.799999237060547,24.350000381469727,24.389999389648438,24.760000228881836,740600.0,22.34303855895996
2008-03-05,25.049999237060547,24.729999542236328,24.920000076293945,25.010000228881836,1125100.0,22.568632125854492
2008-03-06,25.170000076293945,24.860000610351562,24.860000610351562,25.030000686645508,1220700.0,22.586698532104492
2008-03-07,24.90999984741211,23.920000076293945,24.90999984741211,24.010000228881836,1498100.0,21.666259765625
2008-03-10,24.049999237060547,23.020000457763672,23.959999084472656,23.020000457763672,1422300.0,20.77289581298828
2008-03-11,23.6299991607666,23.219999313354492,23.329999923706055,23.579999923706055,1097000.0,21.278226852416992
2008-03-12,23.809999465942383,23.440000534057617,23.790000915527344,23.559999465942383,859100.0,21.260183334350586
2008-03-13,24.209999084472656,23.1299991607666,23.3700008392334,24.1299991607666,1073200.0,21.774547576904297
2008-03-14,24.360000610351562,23.18000030517578,24.110000610351562,23.350000381469727,969200.0,21.070682525634766
2008-03-17,23.360000610351562,22.860000610351562,23.290000915527344,22.959999084472656,921300.0,20.718748092651367
2008-03-18,23.389999389648438,22.829999923706055,23.3700008392334,23.360000610351562,941500.0,21.07970428466797
2008-03-19,23.639999389648438,23.18000030517578,23.600000381469727,23.18000030517578,1027600.0,20.917280197143555
2008-03-20,24.649999618530273,22.950000762939453,24.649999618530273,23.290000915527344,1228500.0,21.016538619995117
2008-03-24,23.760000228881836,23.239999771118164,23.34000015258789,23.68000030517578,908300.0,21.368473052978516
2008-03-25,23.950000762939453,23.649999618530273,23.799999237060547,23.809999465942383,650200.0,21.485782623291016
2008-03-26,24.700000762939453,23.290000915527344,24.700000762939453,24.0,1231000.0,21.6572322845459
2008-03-27,24.25,23.790000915527344,23.969999313354492,24.030000686645508,685300.0,21.68430519104004
2008-03-28,24.459999084472656,23.940000534057617,24.15999984741211,24.139999389648438,926500.0,21.783567428588867
2008-03-31,24.3799991607666,23.790000915527344,24.18000030517578,24.25,1023600.0,21.88283348083496
2008-04-01,25.059999465942383,24.25,24.360000610351562,25.059999465942383,1000600.0,22.61375617980957
2008-04-02,25.40999984741211,24.81999969482422,25.149999618530273,25.270000457763672,1105000.0,22.803260803222656
2008-04-03,25.68000030517578,25.170000076293945,25.209999084472656,25.489999771118164,1535400.0,23.001789093017578
2008-04-04,25.65999984741211,25.25,25.420000076293945,25.530000686645508,671000.0,23.037883758544922
2008-04-07,25.670000076293945,25.290000915527344,25.6200008392334,25.479999542236328,852300.0,22.992759704589844
2008-04-08,25.350000381469727,25.09000015258789,25.299999237060547,25.31999969482422,947200.0,22.848390579223633
2008-04-09,25.479999542236328,25.010000228881836,25.25,25.260000228881836,835900.0,22.794235229492188
2008-04-10,25.360000610351562,25.010000228881836,25.360000610351562,25.25,580400.0,22.78521156311035
2008-04-11,25.350000381469727,24.610000610351562,25.010000228881836,24.700000762939453,711200.0,22.288902282714844
2008-04-14,24.969999313354492,24.510000228881836,24.639999389648438,24.809999465942383,496700.0,22.38816261291504
2008-04-15,24.770000457763672,23.690000534057617,24.700000762939453,24.09000015258789,1317700.0,21.73845100402832
2008-04-16,24.65999984741211,24.010000228881836,24.239999771118164,24.649999618530273,2090800.0,22.308610916137695
2008-04-17,24.75,24.420000076293945,24.719999313354492,24.579999923706055,665100.0,22.245262145996094
2008-04-18,25.290000915527344,24.729999542236328,25.030000686645508,25.1200008392334,909500.0,22.73396110534668
2008-04-21,25.229999542236328,24.780000686645508,25.0,25.1200008392334,819500.0,22.73396110534668
2008-04-22,25.020000457763672,24.489999771118164,24.950000762939453,24.530000686645508,755700.0,22.20000648498535
2008-04-23,25.510000228881836,24.479999542236328,24.729999542236328,25.350000381469727,1368900.0,22.942121505737305
2008-04-24,25.270000457763672,24.389999389648438,25.270000457763672,25.030000686645508,1277200.0,22.65252113342285
2008-04-25,28.5,26.260000228881836,26.81999969482422,27.479999542236328,3714800.0,24.869794845581055
2008-04-28,27.549999237060547,26.899999618530273,27.549999237060547,27.010000228881836,1324500.0,24.444438934326172
2008-04-29,27.0,25.979999542236328,27.0,26.739999771118164,1698800.0,24.200084686279297
2008-04-30,27.0,26.40999984741211,26.6299991607666,26.559999465942383,1195100.0,24.037185668945312
2008-05-01,27.079999923706055,26.270000457763672,26.3799991607666,27.030000686645508,1924300.0,24.462547302246094
2008-05-02,27.489999771118164,26.719999313354492,27.3700008392334,26.790000915527344,1140300.0,24.245342254638672
2008-05-05,27.280000686645508,26.420000076293945,26.920000076293945,27.079999923706055,1288200.0,24.50779151916504
2008-05-06,27.600000381469727,26.799999237060547,26.8799991607666,27.549999237060547,1275200.0,24.933147430419922
2008-05-07,27.780000686645508,26.959999084472656,27.690000534057617,27.049999237060547,759100.0,24.48064613342285
2008-05-08,27.219999313354492,26.8700008392334,27.010000228881836,27.190000534057617,537300.0,24.607341766357422
2008-05-09,27.229999542236328,26.860000610351562,27.139999389648438,27.09000015258789,637400.0,24.5168399810791
2008-05-12,27.3799991607666,26.780000686645508,27.200000762939453,27.34000015258789,620900.0,24.74309539794922
2008-05-13,27.709999084472656,27.030000686645508,27.510000228881836,27.299999237060547,919600.0,24.706897735595703
2008-05-14,28.440000534057617,27.299999237060547,27.559999465942383,28.219999313354492,2174900.0,25.53950309753418
2008-05-15,28.420000076293945,27.950000762939453,28.260000228881836,28.260000228881836,709500.0,25.575712203979492
2008-05-16,28.350000381469727,27.860000610351562,28.209999084472656,27.950000762939453,773600.0,25.295156478881836
2008-05-19,28.739999771118164,27.809999465942383,28.06999969482422,28.459999084472656,1171900.0,25.7567138671875
2008-05-20,28.739999771118164,27.969999313354492,28.3700008392334,28.110000610351562,1163500.0,25.439952850341797
2008-05-21,28.360000610351562,27.729999542236328,28.110000610351562,27.809999465942383,965000.0,25.168447494506836
2008-05-22,28.030000686645508,27.59000015258789,27.790000915527344,27.989999771118164,694700.0,25.331356048583984
2008-05-23,28.559999465942383,27.899999618530273,28.0,28.40999984741211,1471000.0,25.711456298828125
2008-05-27,28.8799991607666,28.3700008392334,28.3700008392334,28.829999923706055,1015500.0,26.09156608581543
2008-05-28,28.959999084472656,28.040000915527344,28.850000381469727,28.309999465942383,1602300.0,25.620962142944336
2008-05-29,28.510000228881836,27.989999771118164,28.510000228881836,28.239999771118164,1344600.0,25.557615280151367
2008-05-30,28.3799991607666,27.899999618530273,28.209999084472656,28.280000686645508,913500.0,25.593809127807617
2008-06-02,28.579999923706055,28.18000030517578,28.43000030517578,28.350000381469727,786900.0,25.65715980529785
2008-06-03,28.719999313354492,28.299999237060547,28.510000228881836,28.610000610351562,1108200.0,25.892457962036133
2008-06-04,29.170000076293945,28.5,28.600000381469727,28.950000762939453,1396600.0,26.200172424316406
2008-06-05,29.239999771118164,28.719999313354492,28.940000534057617,29.149999618530273,1171900.0,26.381168365478516
2008-06-06,28.969999313354492,28.239999771118164,28.959999084472656,28.239999771118164,840900.0,25.557615280151367
2008-06-09,28.350000381469727,27.700000762939453,28.350000381469727,27.8700008392334,915800.0,25.222759246826172
2008-06-10,27.760000228881836,27.489999771118164,27.540000915527344,27.690000534057617,930500.0,25.059852600097656
2008-06-11,28.360000610351562,27.479999542236328,27.530000686645508,27.690000534057617,1712900.0,25.059852600097656
2008-06-12,28.979999542236328,27.84000015258789,27.93000030517578,28.5,1444100.0,25.79292106628418
2008-06-13,29.020000457763672,28.3799991607666,28.579999923706055,28.700000762939453,1267800.0,25.97391700744629
2008-06-16,29.049999237060547,28.399999618530273,28.600000381469727,29.030000686645508,690300.0,26.27256965637207
2008-06-17,29.450000762939453,28.90999984741211,29.229999542236328,29.0,1344600.0,26.24541473388672
2008-06-18,29.09000015258789,28.670000076293945,28.989999771118164,28.670000076293945,921700.0,25.946758270263672
2008-06-19,29.0,28.670000076293945,28.670000076293945,28.8700008392334,561500.0,26.127771377563477
2008-06-20,29.110000610351562,27.790000915527344,28.0,28.40999984741211,751800.0,25.711456298828125
2008-06-23,28.600000381469727,28.299999237060547,28.469999313354492,28.459999084472656,860500.0,25.7567138671875
2008-06-24,28.479999542236328,27.969999313354492,28.40999984741211,28.40999984741211,914000.0,25.711456298828125
2008-06-25,28.90999984741211,28.200000762939453,28.420000076293945,28.780000686645508,980300.0,26.046316146850586
2008-06-26,28.65999984741211,27.860000610351562,28.520000457763672,27.860000610351562,764600.0,25.213712692260742
2008-06-27,27.959999084472656,27.219999313354492,27.959999084472656,27.709999084472656,1108500.0,25.077951431274414
2008-06-30,28.079999923706055,27.399999618530273,27.639999389648438,27.850000381469727,767800.0,25.20465087890625
2008-07-01,27.700000762939453,27.020000457763672,27.59000015258789,27.5,1085100.0,24.887895584106445
2008-07-02,28.040000915527344,27.360000610351562,27.56999969482422,27.979999542236328,1294100.0,25.322303771972656
2008-07-03,28.170000076293945,27.809999465942383,28.0,28.079999923706055,800600.0,25.412809371948242
2008-07-07,28.389999389648438,27.809999465942383,28.190000534057617,28.110000610351562,1519700.0,25.439952850341797
2008-07-08,28.520000457763672,27.93000030517578,28.059999465942383,28.520000457763672,880500.0,25.811010360717773
2008-07-09,28.690000534057617,28.31999969482422,28.540000915527344,28.31999969482422,969700.0,25.6300106048584
2008-07-10,29.020000457763672,28.149999618530273,28.420000076293945,28.989999771118164,2313300.0,26.236370086669922
2008-07-11,28.739999771118164,28.100000381469727,28.739999771118164,28.270000457763672,2188800.0,25.58476448059082
2008-07-14,28.459999084472656,27.520000457763672,28.350000381469727,27.549999237060547,1569400.0,24.933147430419922
2008-07-15,27.579999923706055,27.030000686645508,27.3799991607666,27.329999923706055,1642000.0,24.734039306640625
2008-07-16,27.649999618530273,27.110000610351562,27.329999923706055,27.649999618530273,1103300.0,25.08790397644043
2008-07-17,27.780000686645508,27.309999465942383,27.739999771118164,27.709999084472656,1178500.0,25.142351150512695
2008-07-18,27.690000534057617,27.40999984741211,27.579999923706055,27.549999237060547,1584700.0,24.997173309326172
2008-07-21,27.829999923706055,27.450000762939453,27.610000610351562,27.65999984741211,921400.0,25.096981048583984
2008-07-22,29.1200008392334,27.479999542236328,27.579999923706055,29.110000610351562,1487000.0,26.412622451782227
2008-07-23,29.239999771118164,28.540000915527344,29.100000381469727,28.649999618530273,1800900.0,25.995243072509766
2008-07-24,29.06999969482422,28.219999313354492,28.799999237060547,28.3700008392334,1425200.0,25.74118995666504
2008-07-25,29.809999465942383,28.93000030517578,29.59000015258789,29.360000610351562,3167000.0,26.63945198059082
2008-07-28,29.670000076293945,29.100000381469727,29.5,29.209999084472656,1441400.0,26.50335693359375
2008-07-29,29.360000610351562,28.329999923706055,29.360000610351562,28.68000030517578,2021100.0,26.022464752197266
2008-07-30,29.360000610351562,28.829999923706055,28.829999923706055,29.09000015258789,1279200.0,26.394481658935547
2008-07-31,29.510000228881836,28.760000228881836,28.979999542236328,29.100000381469727,669900.0,26.40355110168457
2008-08-01,29.290000915527344,28.579999923706055,29.1299991607666,28.600000381469727,923000.0,25.949878692626953
2008-08-04,28.709999084472656,28.110000610351562,28.520000457763672,28.219999313354492,808300.0,25.60509490966797
2008-08-05,28.979999542236328,28.1200008392334,28.299999237060547,28.979999542236328,980900.0,26.29466438293457
2008-08-06,29.5,28.770000457763672,28.8799991607666,29.440000534057617,1173400.0,26.712038040161133
2008-08-07,29.299999237060547,28.93000030517578,29.030000686645508,28.969999313354492,1251500.0,26.285598754882812
2008-08-08,29.600000381469727,28.979999542236328,29.049999237060547,29.5,1223300.0,26.766489028930664
2008-08-11,29.950000762939453,29.34000015258789,29.540000915527344,29.670000076293945,1012200.0,26.920738220214844
2008-08-12,29.719999313354492,29.079999923706055,29.719999313354492,29.239999771118164,775800.0,26.53057861328125
2008-08-13,29.200000762939453,28.68000030517578,29.079999923706055,28.959999084472656,814300.0,26.27652359008789
2008-08-14,29.43000030517578,28.700000762939453,28.790000915527344,29.399999618530273,730400.0,26.675748825073242
2008-08-15,29.75,29.399999618530273,29.399999618530273,29.690000534057617,658000.0,26.938875198364258
2008-08-18,29.790000915527344,29.309999465942383,29.690000534057617,29.389999389648438,461700.0,26.666677474975586
2008-08-19,29.329999923706055,28.920000076293945,29.290000915527344,29.030000686645508,626200.0,26.34003257751465
2008-08-20,29.049999237060547,28.610000610351562,29.040000915527344,28.729999542236328,599700.0,26.067829132080078
2008-08-21,28.670000076293945,28.290000915527344,28.31999969482422,28.579999923706055,616600.0,25.931734085083008
2008-08-22,29.3700008392334,28.610000610351562,28.690000534057617,29.280000686645508,802100.0,26.56687355041504
2008-08-25,29.280000686645508,28.75,29.200000762939453,28.850000381469727,567000.0,26.176715850830078
2008-08-26,28.81999969482422,28.3799991607666,28.81999969482422,28.59000015258789,609700.0,25.94080352783203
2008-08-27,28.6200008392334,28.209999084472656,28.3799991607666,28.56999969482422,640200.0,25.92266273498535
2008-08-28,28.790000915527344,28.520000457763672,28.690000534057617,28.690000534057617,650700.0,26.031539916992188
2008-08-29,28.75,28.399999618530273,28.56999969482422,28.40999984741211,496800.0,25.777488708496094
2008-09-02,29.25,28.530000686645508,28.75,28.579999923706055,627000.0,25.931734085083008
2008-09-03,28.6299991607666,27.770000457763672,28.5,27.860000610351562,956600.0,25.278453826904297
2008-09-04,27.959999084472656,26.149999618530273,27.530000686645508,26.959999084472656,3060500.0,24.46184730529785
2008-09-05,26.90999984741211,26.06999969482422,26.90999984741211,26.229999542236328,1627700.0,23.799488067626953
2008-09-08,27.030000686645508,26.149999618530273,26.84000015258789,26.540000915527344,1023400.0,24.080764770507812
2008-09-09,26.770000457763672,26.049999237060547,26.700000762939453,26.049999237060547,765100.0,23.636165618896484
2008-09-10,26.389999389648438,25.889999389648438,26.290000915527344,26.059999465942383,926100.0,23.645238876342773
2008-09-11,25.889999389648438,25.350000381469727,25.780000686645508,25.719999313354492,1315000.0,23.33674430847168
2008-09-12,25.610000610351562,24.780000686645508,25.600000381469727,25.360000610351562,2433800.0,23.010101318359375
2008-09-15,25.6200008392334,24.649999618530273,24.770000457763672,25.219999313354492,1192000.0,22.883075714111328
2008-09-16,25.790000915527344,24.6299991607666,24.84000015258789,25.510000228881836,1434000.0,23.146202087402344
2008-09-17,25.729999542236328,24.540000915527344,24.93000030517578,24.540000915527344,1545800.0,22.26608657836914
2008-09-18,25.889999389648438,23.479999542236328,24.649999618530273,25.8799991607666,2556800.0,23.481918334960938
2008-09-19,28.68000030517578,25.530000686645508,26.170000076293945,26.43000030517578,3622100.0,23.980953216552734
2008-09-22,26.479999542236328,25.8799991607666,26.329999923706055,26.100000381469727,2083000.0,23.681529998779297
2008-09-23,26.5,25.799999237060547,26.290000915527344,26.040000915527344,973100.0,23.62708854675293
2008-09-24,26.190000534057617,25.59000015258789,25.989999771118164,25.81999969482422,1058900.0,23.42747688293457
2008-09-25,26.290000915527344,25.739999771118164,26.030000686645508,26.079999923706055,684700.0,23.663379669189453
2008-09-26,26.360000610351562,25.700000762939453,25.799999237060547,26.280000686645508,562900.0,23.8448543548584
2008-09-29,26.270000457763672,24.3799991607666,26.0,24.600000381469727,1555600.0,22.320524215698242
2008-09-30,25.030000686645508,23.799999237060547,24.969999313354492,24.969999313354492,1269700.0,22.656240463256836
2008-10-01,24.90999984741211,24.1200008392334,24.719999313354492,24.479999542236328,1072400.0,22.21163558959961
2008-10-02,24.420000076293945,23.3700008392334,24.31999969482422,23.489999771118164,1173100.0,21.313383102416992
2008-10-03,24.600000381469727,23.719999313354492,23.850000381469727,23.90999984741211,1033500.0,21.694461822509766
2008-10-06,23.84000015258789,22.079999923706055,23.56999969482422,23.020000457763672,1637500.0,20.886934280395508
2008-10-07,24.049999237060547,23.010000228881836,23.15999984741211,23.25,2256200.0,21.09562110900879
2008-10-08,23.649999618530273,22.81999969482422,22.8700008392334,22.860000610351562,2525200.0,20.741756439208984
2008-10-09,23.68000030517578,21.40999984741211,22.75,21.40999984741211,2379000.0,19.42611312866211
2008-10-10,20.780000686645508,19.309999465942383,20.780000686645508,19.959999084472656,3644200.0,18.1104679107666
2008-10-13,23.06999969482422,20.139999389648438,20.530000686645508,23.06999969482422,2712800.0,20.932302474975586
2008-10-14,25.899999618530273,22.059999465942383,23.770000457763672,22.510000228881836,1006300.0,20.424190521240234
2008-10-15,22.06999969482422,20.530000686645508,21.90999984741211,20.530000686645508,1498100.0,18.685762405395508
2008-10-16,21.219999313354492,20.0,20.459999084472656,21.06999969482422,2465700.0,19.1772518157959
2008-10-17,21.940000534057617,20.040000915527344,21.940000534057617,21.059999465942383,1204800.0,19.168153762817383
2008-10-20,22.239999771118164,20.799999237060547,20.799999237060547,22.200000762939453,1229700.0,20.205747604370117
2008-10-21,22.1299991607666,21.030000686645508,21.469999313354492,21.040000915527344,879900.0,19.149951934814453
2008-10-22,20.719999313354492,19.59000015258789,20.299999237060547,20.030000686645508,1348400.0,18.23067855834961
2008-10-23,20.0,17.299999237060547,19.969999313354492,17.790000915527344,2751800.0,16.19190216064453
2008-10-24,17.850000381469727,15.420000076293945,16.90999984741211,17.459999084472656,3234900.0,15.891551971435547
2008-10-27,17.209999084472656,16.190000534057617,17.049999237060547,16.190000534057617,1943600.0,14.735635757446289
2008-10-28,16.93000030517578,15.619999885559082,16.5,16.93000030517578,1493800.0,15.409158706665039
2008-10-29,17.5,16.360000610351562,16.90999984741211,16.809999465942383,1647400.0,15.29994010925293
2008-10-30,17.81999969482422,17.149999618530273,17.229999542236328,17.649999618530273,1935200.0,16.064483642578125
2008-10-31,18.100000381469727,17.110000610351562,17.649999618530273,17.940000534057617,2580000.0,16.32843589782715
2008-11-03,18.459999084472656,17.850000381469727,17.93000030517578,18.389999389648438,1049200.0,16.73799705505371
2008-11-04,19.450000762939453,18.6200008392334,18.739999771118164,19.420000076293945,1532000.0,17.675479888916016
2008-11-05,19.440000534057617,18.719999313354492,19.219999313354492,18.75,1391200.0,17.06566619873047
2008-11-06,18.829999923706055,17.950000762939453,18.459999084472656,18.030000686645508,1578400.0,16.41033935546875
2008-11-07,18.75,18.0,18.170000076293945,18.549999237060547,1198800.0,16.883625030517578
2008-11-10,19.18000030517578,18.229999542236328,18.950000762939453,18.450000762939453,1090800.0,16.792613983154297
2008-11-11,18.43000030517578,17.469999313354492,18.270000457763672,17.84000015258789,1428600.0,16.23741340637207
2008-11-12,17.860000610351562,16.469999313354492,17.530000686645508,16.489999771118164,1246000.0,15.008685111999512
2008-11-13,17.40999984741211,15.739999771118164,16.610000610351562,17.40999984741211,2266900.0,15.846033096313477
2008-11-14,18.020000457763672,16.479999542236328,17.1200008392334,16.799999237060547,872900.0,15.290838241577148
2008-11-17,16.889999389648438,16.219999313354492,16.549999237060547,16.690000534057617,1177500.0,15.190715789794922
2008-11-18,17.079999923706055,16.1200008392334,16.65999984741211,17.079999923706055,2002400.0,15.545687675476074
2008-11-19,17.020000457763672,16.34000015258789,16.899999618530273,16.350000381469727,2346300.0,14.881256103515625
2008-11-20,16.450000762939453,15.109999656677246,16.270000457763672,15.260000228881836,1393300.0,13.889175415039062
2008-11-21,16.219999313354492,14.90999984741211,15.539999961853027,16.200000762939453,1396700.0,14.744731903076172
2008-11-24,17.739999771118164,16.200000762939453,16.450000762939453,17.450000762939453,1225300.0,15.882447242736816
2008-11-25,17.799999237060547,16.6299991607666,17.739999771118164,17.200000762939453,1462100.0,15.65490436553955
2008-11-26,17.68000030517578,16.520000457763672,16.969999313354492,17.65999984741211,812000.0,16.073585510253906
2008-11-28,18.06999969482422,17.389999389648438,17.65999984741211,18.059999465942383,390200.0,16.437650680541992
2008-12-01,17.59000015258789,16.559999465942383,17.5,16.559999465942383,1441500.0,15.0723876953125
2008-12-02,16.860000610351562,16.010000228881836,16.729999542236328,16.59000015258789,1438500.0,15.099700927734375
2008-12-03,16.8799991607666,15.779999732971191,16.200000762939453,16.850000381469727,1690900.0,15.336344718933105
2008-12-04,16.809999465942383,15.630000114440918,16.520000457763672,15.880000114440918,1343600.0,14.453478813171387
2008-12-05,16.229999542236328,15.210000038146973,15.670000076293945,16.200000762939453,1448400.0,14.744731903076172
2008-12-08,17.06999969482422,16.5,16.600000381469727,16.690000534057617,1424400.0,15.190715789794922
2008-12-09,16.790000915527344,16.139999389648438,16.540000915527344,16.34000015258789,1809400.0,14.872161865234375
2008-12-10,16.899999618530273,16.190000534057617,16.649999618530273,16.420000076293945,1237400.0,14.944973945617676
2008-12-11,16.68000030517578,15.930000305175781,16.56999969482422,16.290000915527344,1589300.0,14.826648712158203
2008-12-12,15.430000305175781,13.100000381469727,14.4399995803833,13.289999961853027,7112300.0,12.09614086151123
2008-12-15,13.449999809265137,12.699999809265137,13.380000114440918,13.140000343322754,3259000.0,11.959619522094727
2008-12-16,13.680000305175781,12.880000114440918,13.329999923706055,13.600000381469727,2997900.0,12.378294944763184
2008-12-17,13.640000343322754,13.180000305175781,13.1899995803833,13.5,2170400.0,12.287276268005371
2008-12-18,14.010000228881836,13.079999923706055,13.670000076293945,13.569999694824219,2737400.0,12.350995063781738
2008-12-19,14.0600004196167,13.600000381469727,13.699999809265137,13.920000076293945,2461900.0,12.669548988342285
2008-12-22,13.789999961853027,13.0,13.729999542236328,13.380000114440918,1759000.0,12.178058624267578
2008-12-23,13.539999961853027,12.9399995803833,13.40999984741211,13.149999618530273,1589700.0,11.968721389770508
2008-12-24,13.460000038146973,12.989999771118164,13.039999961853027,13.390000343322754,447800.0,12.187156677246094
2008-12-26,13.40999984741211,13.0600004196167,13.329999923706055,13.369999885559082,719600.0,12.16895580291748
2008-12-29,13.430000305175781,13.0,13.430000305175781,13.390000343322754,1436700.0,12.187156677246094
2008-12-30,13.579999923706055,13.350000381469727,13.449999809265137,13.579999923706055,1333900.0,12.360095024108887
2008-12-31,14.0,13.369999885559082,13.420000076293945,13.90999984741211,913600.0,12.660444259643555
2009-01-02,14.210000038146973,13.550000190734863,13.930000305175781,14.170000076293945,2272800.0,12.897090911865234
2009-01-05,14.819999694824219,14.09000015258789,14.199999809265137,14.729999542236328,1817600.0,13.40678882598877
2009-01-06,15.3100004196167,14.640000343322754,14.84000015258789,14.9399995803833,1380400.0,13.597921371459961
2009-01-07,14.739999771118164,14.319999694824219,14.649999618530273,14.539999961853027,1173400.0,13.233853340148926
2009-01-08,14.369999885559082,14.0600004196167,14.350000381469727,14.199999809265137,912600.0,12.924394607543945
2009-01-09,14.149999618530273,13.720000267028809,14.149999618530273,13.84000015258789,1061700.0,12.596736907958984
2009-01-12,13.859999656677246,13.449999809265137,13.829999923706055,13.520000457763672,979800.0,12.305485725402832
2009-01-13,14.300000190734863,13.399999618530273,13.460000038146973,14.15999984741211,2637800.0,12.887992858886719
2009-01-14,14.109999656677246,13.619999885559082,14.039999961853027,13.670000076293945,2074400.0,12.503820419311523
2009-01-15,14.5,13.199999809265137,13.6899995803833,14.300000190734863,2563900.0,13.080078125
2009-01-16,14.880000114440918,14.390000343322754,14.460000038146973,14.789999961853027,1995900.0,13.528273582458496
2009-01-20,15.050000190734863,14.279999732971191,14.9399995803833,14.3100004196167,2436600.0,13.089223861694336
2009-01-21,14.84000015258789,14.239999771118164,14.479999542236328,14.819999694824219,1302100.0,13.55571460723877
2009-01-22,14.800000190734863,14.239999771118164,14.609999656677246,14.420000076293945,1908900.0,13.189839363098145
2009-01-23,14.34000015258789,13.8100004196167,14.1899995803833,14.210000038146973,1278400.0,12.99775218963623
2009-01-26,14.260000228881836,13.670000076293945,14.079999923706055,13.850000381469727,1787300.0,12.668466567993164
2009-01-27,14.239999771118164,13.850000381469727,13.90999984741211,14.100000381469727,1928900.0,12.897137641906738
2009-01-28,15.130000114440918,14.329999923706055,14.329999923706055,15.020000457763672,1670000.0,13.738653182983398
2009-01-29,15.119999885559082,14.510000228881836,15.100000381469727,14.619999885559082,1294000.0,13.372777938842773
2009-01-30,13.710000038146973,12.25,13.300000190734863,12.619999885559082,5263300.0,11.543397903442383
2009-02-02,13.029999732971191,11.760000228881836,12.430000305175781,12.899999618530273,2851900.0,11.799507141113281
2009-02-03,13.170000076293945,12.720000267028809,13.0,13.039999961853027,1506900.0,11.927560806274414
2009-02-04,13.760000228881836,13.010000228881836,13.140000343322754,13.369999885559082,1850500.0,12.229414939880371
2009-02-05,13.619999885559082,13.079999923706055,13.260000228881836,13.539999961853027,1549800.0,12.384906768798828
2009-02-06,14.180000305175781,13.520000457763672,13.529999732971191,14.109999656677246,2586900.0,12.906285285949707
2009-02-09,14.34000015258789,13.970000267028809,14.029999732971191,14.300000190734863,1466300.0,13.080078125
2009-02-10,14.5,13.920000076293945,14.119999885559082,13.9399995803833,3347900.0,12.750788688659668
2009-02-11,14.119999885559082,13.819999694824219,14.0,14.050000190734863,2005400.0,12.851401329040527
2009-02-12,14.350000381469727,13.630000114440918,13.869999885559082,14.300000190734863,1875800.0,13.080078125
2009-02-13,14.729999542236328,14.229999542236328,14.399999618530273,14.460000038146973,1362500.0,13.226424217224121
2009-02-17,14.210000038146973,13.479999542236328,13.699999809265137,13.850000381469727,1837400.0,12.668466567993164
2009-02-18,14.050000190734863,13.119999885559082,13.90999984741211,13.420000076293945,2658300.0,12.275146484375
2009-02-19,13.729999542236328,13.319999694824219,13.5,13.510000228881836,1751200.0,12.35747241973877
2009-02-20,13.529999732971191,13.130000114440918,13.149999618530273,13.369999885559082,1704900.0,12.229414939880371
2009-02-23,13.569999694824219,13.069999694824219,13.25,13.149999618530273,1768700.0,12.028183937072754
2009-02-24,13.550000190734863,13.1899995803833,13.329999923706055,13.449999809265137,1870100.0,12.302586555480957
2009-02-25,13.5,13.0600004196167,13.449999809265137,13.260000228881836,1346400.0,12.128798484802246
2009-02-26,13.4399995803833,12.949999809265137,13.220000267028809,13.0,1648200.0,11.890976905822754
2009-02-27,13.239999771118164,12.569999694824219,12.75,12.880000114440918,2655200.0,11.78121566772461
2009-03-02,12.739999771118164,11.899999618530273,12.609999656677246,11.899999618530273,1348900.0,10.884819030761719
2009-03-03,12.300000190734863,11.630000114440918,12.020000457763672,11.819999694824219,2114700.0,10.811641693115234
2009-03-04,12.520000457763672,11.739999771118164,11.949999809265137,12.350000381469727,1915000.0,11.296429634094238
2009-03-05,12.319999694824219,11.579999923706055,12.300000190734863,11.699999809265137,1370500.0,10.701878547668457
2009-03-06,11.970000267028809,11.260000228881836,11.970000267028809,11.520000457763672,1305700.0,10.537236213684082
2009-03-09,11.609999656677246,10.880000114440918,11.390000343322754,11.0,1999400.0,10.061596870422363
2009-03-10,11.640000343322754,11.079999923706055,11.239999771118164,11.640000343322754,1702000.0,10.646997451782227
2009-03-11,12.020000457763672,11.329999923706055,11.890000343322754,11.390000343322754,1242800.0,10.418323516845703
2009-03-12,11.539999961853027,10.9399995803833,11.25,11.510000228881836,1532800.0,10.528088569641113
2009-03-13,11.779999732971191,11.359999656677246,11.529999732971191,11.729999542236328,984800.0,10.729317665100098
2009-03-16,11.989999771118164,11.710000038146973,11.789999961853027,11.729999542236328,985000.0,10.729317665100098
2009-03-17,12.010000228881836,11.649999618530273,11.890000343322754,12.010000228881836,611000.0,10.985434532165527
2009-03-18,12.270000457763672,11.850000381469727,12.050000190734863,12.09000015258789,858900.0,11.058612823486328
2009-03-19,12.15999984741211,11.800000190734863,12.079999923706055,12.0,1109000.0,10.976285934448242
2009-03-20,12.109999656677246,11.640000343322754,12.050000190734863,11.779999732971191,1577800.0,10.775056838989258
2009-03-23,12.6899995803833,11.979999542236328,11.979999542236328,12.6899995803833,1173200.0,11.60742473602295
2009-03-24,12.600000381469727,12.109999656677246,12.529999732971191,12.3100004196167,1176300.0,11.259839057922363
2009-03-25,12.90999984741211,12.289999961853027,12.380000114440918,12.649999618530273,1773400.0,11.570838928222656
2009-03-26,13.1899995803833,12.619999885559082,12.829999923706055,13.170000076293945,1141500.0,12.046475410461426
2009-03-27,13.09000015258789,12.739999771118164,12.989999771118164,12.90999984741211,1487500.0,11.80865478515625
2009-03-30,12.739999771118164,12.130000114440918,12.680000305175781,12.380000114440918,1350000.0,11.323867797851562
2009-03-31,12.989999771118164,12.319999694824219,12.430000305175781,12.770000457763672,1226600.0,11.680598258972168
2009-04-01,12.979999542236328,12.4399995803833,12.579999923706055,12.899999618530273,1976600.0,11.799507141113281
2009-04-02,13.850000381469727,13.130000114440918,13.140000343322754,13.40999984741211,1547600.0,12.26600456237793
2009-04-03,13.489999771118164,13.1899995803833,13.399999618530273,13.329999923706055,780900.0,12.192827224731445
2009-04-06,13.550000190734863,13.170000076293945,13.239999771118164,13.380000114440918,1680100.0,12.238561630249023
2009-04-07,13.550000190734863,13.130000114440918,13.140000343322754,13.229999542236328,1095000.0,12.10135555267334
2009-04-08,13.529999732971191,13.1899995803833,13.25,13.520000457763672,842700.0,12.366617202758789
2009-04-09,14.270000457763672,13.569999694824219,13.949999809265137,14.0600004196167,1781600.0,12.860551834106445
2009-04-13,14.220000267028809,13.859999656677246,13.979999542236328,14.109999656677246,1067500.0,12.906285285949707
2009-04-14,14.210000038146973,13.800000190734863,13.949999809265137,13.890000343322754,1246700.0,12.705050468444824
2009-04-15,13.869999885559082,13.5,13.800000190734863,13.640000343322754,1326300.0,12.53957462310791
2009-04-16,14.010000228881836,13.550000190734863,13.619999885559082,13.949999809265137,1386500.0,12.82456111907959
2009-04-17,14.149999618530273,13.84000015258789,14.010000228881836,14.039999961853027,1861500.0,12.907301902770996
2009-04-20,13.949999809265137,13.25,13.789999961853027,13.430000305175781,1518600.0,12.346516609191895
2009-04-21,13.699999809265137,13.220000267028809,13.300000190734863,13.649999618530273,1202800.0,12.548766136169434
2009-04-22,13.880000114440918,13.329999923706055,13.470000267028809,13.619999885559082,1032500.0,12.52118968963623
2009-04-23,13.520000457763672,12.539999961853027,13.520000457763672,13.0600004196167,1924400.0,12.006367683410645
2009-04-24,13.510000228881836,13.069999694824219,13.239999771118164,13.399999618530273,1669500.0,12.318937301635742
2009-04-27,13.380000114440918,12.90999984741211,13.210000038146973,13.020000457763672,1929000.0,11.969593048095703
2009-04-28,13.380000114440918,12.890000343322754,12.960000038146973,13.239999771118164,1458700.0,12.171846389770508
2009-04-29,13.970000267028809,12.5,13.319999694824219,13.930000305175781,3765400.0,12.80617618560791
2009-04-30,14.84000015258789,13.930000305175781,14.050000190734863,14.569999694824219,3304200.0,13.394545555114746
2009-05-01,17.56999969482422,15.300000190734863,15.619999885559082,17.469999313354492,7065600.0,16.06058120727539
2009-05-04,17.760000228881836,17.229999542236328,17.729999542236328,17.43000030517578,3293200.0,16.023807525634766
2009-05-05,17.65999984741211,17.139999389648438,17.399999618530273,17.270000457763672,2042300.0,15.876720428466797
2009-05-06,17.479999542236328,16.899999618530273,17.3700008392334,17.030000686645508,1480800.0,15.656081199645996
2009-05-07,17.40999984741211,16.829999923706055,17.40999984741211,16.850000381469727,1791700.0,15.490607261657715
2009-05-08,17.56999969482422,16.84000015258789,16.860000610351562,17.239999771118164,1832600.0,15.849138259887695
2009-05-11,17.110000610351562,16.600000381469727,17.110000610351562,16.860000610351562,1088500.0,15.499796867370605
2009-05-12,17.06999969482422,16.65999984741211,16.90999984741211,16.93000030517578,1127300.0,15.5641450881958
2009-05-13,16.700000762939453,16.25,16.670000076293945,16.350000381469727,1294000.0,15.030938148498535
2009-05-14,16.450000762939453,16.1200008392334,16.34000015258789,16.239999771118164,1013200.0,14.929818153381348
2009-05-15,16.270000457763672,15.949999809265137,16.209999084472656,16.219999313354492,1068600.0,14.911429405212402
2009-05-18,16.360000610351562,16.049999237060547,16.290000915527344,16.309999465942383,2116600.0,14.994168281555176
2009-05-19,17.010000228881836,16.309999465942383,16.399999618530273,16.889999389648438,1354100.0,15.527374267578125
2009-05-20,17.299999237060547,16.940000534057617,17.040000915527344,17.010000228881836,1615200.0,15.637686729431152
2009-05-21,16.90999984741211,16.299999237060547,16.84000015258789,16.450000762939453,972100.0,15.122872352600098
2009-05-22,16.56999969482422,16.270000457763672,16.450000762939453,16.31999969482422,650300.0,15.003360748291016
2009-05-26,16.700000762939453,16.020000457763672,16.149999618530273,16.68000030517578,679900.0,15.334317207336426
2009-05-27,16.700000762939453,16.219999313354492,16.700000762939453,16.239999771118164,922800.0,14.929818153381348
2009-05-28,16.420000076293945,15.989999771118164,16.31999969482422,16.31999969482422,977000.0,15.003360748291016
2009-05-29,16.40999984741211,16.010000228881836,16.09000015258789,16.270000457763672,808600.0,14.957392692565918
2009-06-01,16.860000610351562,16.43000030517578,16.520000457763672,16.549999237060547,1432000.0,15.21480655670166
2009-06-02,17.030000686645508,16.440000534057617,16.530000686645508,16.8700008392334,1080500.0,15.508990287780762
2009-06-03,16.899999618530273,16.489999771118164,16.780000686645508,16.65999984741211,767300.0,15.315932273864746
2009-06-04,16.860000610351562,16.389999389648438,16.709999084472656,16.610000610351562,695700.0,15.269966125488281
2009-06-05,16.950000762939453,16.40999984741211,16.719999313354492,16.700000762939453,996100.0,15.352704048156738
2009-06-08,16.690000534057617,16.149999618530273,16.649999618530273,16.479999542236328,586500.0,15.15045166015625
2009-06-09,17.15999984741211,16.299999237060547,16.579999923706055,17.06999969482422,1658600.0,15.692855834960938
2009-06-10,17.309999465942383,16.899999618530273,16.93000030517578,17.059999465942383,1296900.0,15.683658599853516
2009-06-11,17.559999465942383,16.8799991607666,17.059999465942383,17.31999969482422,909500.0,15.922686576843262
2009-06-12,17.420000076293945,16.959999084472656,16.959999084472656,17.31999969482422,766100.0,15.922686576843262
2009-06-15,17.200000762939453,16.59000015258789,17.149999618530273,16.780000686645508,1469700.0,15.42624568939209
2009-06-16,17.110000610351562,16.6299991607666,16.81999969482422,17.049999237060547,1786400.0,15.674466133117676
2009-06-17,17.399999618530273,16.829999923706055,17.049999237060547,17.280000686645508,1079900.0,15.885909080505371
2009-06-18,18.229999542236328,17.209999084472656,17.350000381469727,17.950000762939453,2441800.0,16.50185775756836
2009-06-19,18.3700008392334,17.959999084472656,18.100000381469727,17.989999771118164,1775000.0,16.53863525390625
2009-06-22,17.899999618530273,17.43000030517578,17.760000228881836,17.469999313354492,1386100.0,16.06058120727539
2009-06-23,17.229999542236328,16.329999923706055,16.639999389648438,16.959999084472656,2613000.0,15.591720581054688
2009-06-24,17.229999542236328,16.93000030517578,17.100000381469727,17.020000457763672,1198300.0,15.64688777923584
2009-06-25,17.280000686645508,16.8700008392334,17.0,17.200000762939453,1754400.0,15.812365531921387
2009-06-26,17.280000686645508,16.760000228881836,17.18000030517578,17.010000228881836,2736100.0,15.637686729431152
2009-06-29,17.360000610351562,16.850000381469727,17.030000686645508,17.290000915527344,984600.0,15.895113945007324
2009-06-30,17.469999313354492,17.15999984741211,17.290000915527344,17.399999618530273,1692800.0,15.99622917175293
2009-07-01,17.649999618530273,17.360000610351562,17.459999084472656,17.530000686645508,1340500.0,16.115741729736328
2009-07-02,17.350000381469727,16.799999237060547,17.350000381469727,16.799999237060547,967800.0,15.444640159606934
2009-07-06,16.8700008392334,16.549999237060547,16.68000030517578,16.799999237060547,882000.0,15.444640159606934
2009-07-07,16.8799991607666,16.399999618530273,16.790000915527344,16.40999984741211,937600.0,15.086100578308105
2009-07-08,16.530000686645508,15.819999694824219,16.469999313354492,16.040000915527344,1459500.0,14.745948791503906
2009-07-09,16.139999389648438,15.789999961853027,16.139999389648438,15.970000267028809,653300.0,14.681597709655762
2009-07-10,16.8799991607666,16.1200008392334,16.43000030517578,16.729999542236328,1405400.0,15.38028621673584
2009-07-13,16.989999771118164,16.56999969482422,16.75,16.90999984741211,1289600.0,15.54576301574707
2009-07-14,17.229999542236328,16.770000457763672,16.860000610351562,17.149999618530273,1274400.0,15.766401290893555
2009-07-15,17.520000457763672,17.149999618530273,17.280000686645508,17.5,795100.0,16.154088973999023
2009-07-16,17.600000381469727,17.3799991607666,17.5,17.459999084472656,1467700.0,16.117172241210938
2009-07-17,17.549999237060547,17.239999771118164,17.43000030517578,17.5,877800.0,16.154088973999023
2009-07-20,17.729999542236328,17.510000228881836,17.600000381469727,17.700000762939453,603900.0,16.338712692260742
2009-07-21,18.049999237060547,17.690000534057617,17.950000762939453,17.790000915527344,747900.0,16.421794891357422
2009-07-22,17.829999923706055,17.440000534057617,17.780000686645508,17.489999771118164,1632600.0,16.144865036010742
2009-07-23,18.040000915527344,17.479999542236328,17.56999969482422,17.790000915527344,2654300.0,16.421794891357422
2009-07-24,18.18000030517578,17.700000762939453,17.709999084472656,18.18000030517578,1542200.0,16.781795501708984
2009-07-27,18.719999313354492,18.260000228881836,18.360000610351562,18.420000076293945,1128300.0,17.003339767456055
2009-07-28,18.719999313354492,18.31999969482422,18.389999389648438,18.649999618530273,1709300.0,17.215646743774414
2009-07-29,18.829999923706055,18.399999618530273,18.6200008392334,18.799999237060547,1719600.0,17.354116439819336
2009-07-30,19.479999542236328,18.899999618530273,19.09000015258789,19.09000015258789,2536300.0,17.621816635131836
2009-07-31,17.829999923706055,15.670000076293945,16.639999389648438,17.6299991607666,7938100.0,16.27409553527832
2009-08-03,18.15999984741211,17.190000534057617,17.829999923706055,17.540000915527344,3385200.0,16.191022872924805
2009-08-04,17.850000381469727,17.219999313354492,17.389999389648438,17.450000762939453,2626400.0,16.107942581176758
2009-08-05,17.559999465942383,17.15999984741211,17.40999984741211,17.299999237060547,2207900.0,15.969481468200684
2009-08-06,17.3700008392334,16.950000762939453,17.329999923706055,17.0,1351000.0,15.692549705505371
2009-08-07,17.309999465942383,16.969999313354492,17.18000030517578,17.15999984741211,1345700.0,15.840249061584473
2009-08-10,17.389999389648438,17.049999237060547,17.059999465942383,17.170000076293945,1174600.0,15.849475860595703
2009-08-11,17.229999542236328,16.8799991607666,17.170000076293945,16.940000534057617,1100600.0,15.637165069580078
2009-08-12,17.06999969482422,16.770000457763672,16.889999389648438,16.860000610351562,2200500.0,15.563322067260742
2009-08-13,17.829999923706055,17.139999389648438,17.420000076293945,17.799999237060547,2833500.0,16.431028366088867
2009-08-14,17.8700008392334,17.25,17.8700008392334,17.59000015258789,1567900.0,16.237173080444336
2009-08-17,17.530000686645508,17.1299991607666,17.530000686645508,17.200000762939453,1158100.0,15.877165794372559
2009-08-18,17.360000610351562,17.110000610351562,17.209999084472656,17.239999771118164,1418200.0,15.914097785949707
2009-08-19,17.389999389648438,16.969999313354492,17.06999969482422,17.31999969482422,1681000.0,15.987947463989258
2009-08-20,17.81999969482422,17.280000686645508,17.420000076293945,17.75,1523800.0,16.384876251220703
2009-08-21,18.260000228881836,17.75,17.799999237060547,18.209999084472656,1218200.0,16.809494018554688
2009-08-24,18.459999084472656,18.139999389648438,18.290000915527344,18.260000228881836,892300.0,16.85564422607422
2009-08-25,18.450000762939453,18.010000228881836,18.309999465942383,18.010000228881836,916000.0,16.6248722076416
2009-08-26,18.25,17.90999984741211,17.959999084472656,18.139999389648438,1667700.0,16.744871139526367
2009-08-27,18.43000030517578,17.959999084472656,18.149999618530273,18.3700008392334,1004400.0,16.95718765258789
2009-08-28,18.600000381469727,18.059999465942383,18.420000076293945,18.200000762939453,647200.0,16.800254821777344
2009-08-31,18.280000686645508,17.90999984741211,18.100000381469727,18.25,963100.0,16.84641456604004
2009-09-01,18.649999618530273,17.829999923706055,18.170000076293945,17.8799991607666,1141100.0,16.504865646362305
2009-09-02,17.90999984741211,17.479999542236328,17.799999237060547,17.559999465942383,885600.0,16.209484100341797
2009-09-03,17.729999542236328,17.3799991607666,17.59000015258789,17.489999771118164,1029900.0,16.144865036010742
2009-09-04,18.1200008392334,17.459999084472656,17.510000228881836,18.06999969482422,912100.0,16.68025779724121
2009-09-08,18.260000228881836,17.889999389648438,18.170000076293945,18.170000076293945,831200.0,16.772558212280273
2009-09-09,18.709999084472656,18.149999618530273,18.149999618530273,18.600000381469727,647100.0,17.169490814208984
2009-09-10,19.450000762939453,18.399999618530273,18.579999923706055,19.399999618530273,1501100.0,17.90797996520996
2009-09-11,19.690000534057617,19.239999771118164,19.5,19.25,939700.0,17.769506454467773
2009-09-14,19.43000030517578,19.170000076293945,19.190000534057617,19.309999465942383,892900.0,17.824892044067383
2009-09-15,19.3700008392334,18.950000762939453,19.25,19.280000686645508,764900.0,17.79720115661621
2009-09-16,20.079999923706055,19.219999313354492,19.350000381469727,20.06999969482422,819400.0,18.526445388793945
2009-09-17,20.260000228881836,20.0,20.0,20.059999465942383,2063100.0,18.5172119140625
2009-09-18,20.25,19.989999771118164,20.15999984741211,20.149999618530273,1860400.0,18.600290298461914
2009-09-21,20.079999923706055,19.600000381469727,19.959999084472656,19.799999237060547,1431500.0,18.27720832824707
2009-09-22,19.93000030517578,19.6299991607666,19.84000015258789,19.81999969482422,1702500.0,18.29566764831543
2009-09-23,20.0,19.489999771118164,19.93000030517578,19.649999618530273,1527800.0,18.138751983642578
2009-09-24,19.84000015258789,18.959999084472656,19.65999984741211,19.139999389648438,1655700.0,17.667959213256836
2009-09-25,19.350000381469727,18.979999542236328,19.170000076293945,19.309999465942383,1068200.0,17.824892044067383
2009-09-28,19.639999389648438,19.309999465942383,19.350000381469727,19.3799991607666,1106900.0,17.889503479003906
2009-09-29,19.540000915527344,19.219999313354492,19.450000762939453,19.420000076293945,985400.0,17.926429748535156
2009-09-30,19.450000762939453,18.829999923706055,19.450000762939453,19.239999771118164,1480400.0,17.76027488708496
2009-10-01,19.18000030517578,18.770000457763672,19.139999389648438,18.770000457763672,1225300.0,17.326425552368164
2009-10-02,19.030000686645508,18.600000381469727,18.600000381469727,18.780000686645508,1768000.0,17.33565330505371
2009-10-05,19.229999542236328,18.6200008392334,18.979999542236328,19.190000534057617,1101100.0,17.7141170501709
2009-10-06,19.6200008392334,18.670000076293945,19.280000686645508,19.329999923706055,1054900.0,17.843358993530273
2009-10-07,19.450000762939453,19.1299991607666,19.25,19.43000030517578,688300.0,17.935665130615234
2009-10-08,19.829999923706055,19.459999084472656,19.540000915527344,19.559999465942383,808200.0,18.055665969848633
2009-10-09,19.700000762939453,19.479999542236328,19.59000015258789,19.6299991607666,538200.0,18.120277404785156
2009-10-12,19.719999313354492,19.43000030517578,19.649999618530273,19.510000228881836,415800.0,18.00950813293457
2009-10-13,19.739999771118164,19.479999542236328,19.520000457763672,19.709999084472656,703800.0,18.194129943847656
2009-10-14,20.549999237060547,19.81999969482422,19.84000015258789,20.549999237060547,1461100.0,18.969526290893555
2009-10-15,21.09000015258789,20.479999542236328,20.530000686645508,20.90999984741211,3124600.0,19.30183982849121
2009-10-16,20.889999389648438,20.56999969482422,20.780000686645508,20.6299991607666,1464600.0,19.043371200561523
2009-10-19,21.049999237060547,20.540000915527344,20.700000762939453,20.989999771118164,1174900.0,19.37567901611328
2009-10-20,20.940000534057617,20.100000381469727,20.940000534057617,20.209999084472656,1941300.0,18.65567398071289
2009-10-21,20.389999389648438,19.969999313354492,20.079999923706055,19.989999771118164,1559500.0,18.51673126220703
2009-10-22,20.079999923706055,19.739999771118164,20.06999969482422,19.799999237060547,2254800.0,18.340734481811523
2009-10-23,19.969999313354492,19.649999618530273,19.799999237060547,19.729999542236328,1030200.0,18.275890350341797
2009-10-26,19.950000762939453,19.31999969482422,19.729999542236328,19.329999923706055,1158900.0,17.905376434326172
2009-10-27,19.489999771118164,19.020000457763672,19.489999771118164,19.229999542236328,1466900.0,17.81273651123047
2009-10-28,19.229999542236328,18.440000534057617,19.219999313354492,18.450000762939453,1247000.0,17.090227127075195
2009-10-29,19.049999237060547,18.40999984741211,18.540000915527344,18.969999313354492,2205500.0,17.5718994140625
2009-10-30,20.5,18.5,19.3799991607666,18.610000610351562,3189600.0,17.238435745239258
2009-11-02,18.989999771118164,18.559999465942383,18.670000076293945,18.700000762939453,1943500.0,17.321805953979492
2009-11-03,18.6299991607666,18.219999313354492,18.6299991607666,18.510000228881836,1941700.0,17.145811080932617
2009-11-04,18.75,18.459999084472656,18.639999389648438,18.479999542236328,1635500.0,17.11801528930664
2009-11-05,18.989999771118164,18.600000381469727,18.600000381469727,18.920000076293945,773000.0,17.525585174560547
2009-11-06,19.06999969482422,18.690000534057617,18.780000686645508,18.940000534057617,783600.0,17.544116973876953
2009-11-09,19.440000534057617,18.889999389648438,19.139999389648438,19.40999984741211,977300.0,17.979480743408203
2009-11-10,19.6200008392334,19.360000610351562,19.479999542236328,19.600000381469727,1075100.0,18.15547752380371
2009-11-11,19.68000030517578,19.389999389648438,19.65999984741211,19.600000381469727,979500.0,18.15547752380371
2009-11-12,19.68000030517578,19.280000686645508,19.610000610351562,19.34000015258789,516800.0,17.914634704589844
2009-11-13,19.6299991607666,19.209999084472656,19.350000381469727,19.43000030517578,731400.0,17.998003005981445
2009-11-16,19.8700008392334,19.43000030517578,19.469999313354492,19.760000228881836,881900.0,18.303682327270508
2009-11-17,20.1200008392334,19.670000076293945,19.729999542236328,19.899999618530273,1845300.0,18.433368682861328
2009-11-18,19.90999984741211,19.530000686645508,19.90999984741211,19.790000915527344,989400.0,18.33146858215332
2009-11-19,19.75,19.260000228881836,19.65999984741211,19.360000610351562,746600.0,17.93316078186035
2009-11-20,19.270000457763672,18.8700008392334,19.200000762939453,19.040000915527344,1335700.0,17.63674545288086
2009-11-23,19.479999542236328,19.049999237060547,19.260000228881836,19.170000076293945,1125700.0,17.75716209411621
2009-11-24,19.329999923706055,18.950000762939453,19.170000076293945,19.239999771118164,633000.0,17.822004318237305
2009-11-25,19.420000076293945,19.149999618530273,19.270000457763672,19.420000076293945,541200.0,17.98873519897461
2009-11-27,19.209999084472656,18.739999771118164,18.739999771118164,18.989999771118164,416500.0,17.590429306030273
2009-11-30,19.0,18.530000686645508,19.0,18.8700008392334,1280900.0,17.479272842407227
2009-12-01,19.290000915527344,18.8700008392334,19.010000228881836,19.170000076293945,827100.0,17.75716209411621
2009-12-02,19.450000762939453,19.079999923706055,19.229999542236328,19.43000030517578,826300.0,17.998003005981445
2009-12-03,19.600000381469727,19.229999542236328,19.43000030517578,19.239999771118164,706600.0,17.822004318237305
2009-12-04,19.700000762939453,19.389999389648438,19.56999969482422,19.690000534057617,976500.0,18.23883628845215
2009-12-07,19.81999969482422,19.56999969482422,19.65999984741211,19.670000076293945,384300.0,18.220314025878906
2009-12-08,19.649999618530273,19.360000610351562,19.579999923706055,19.440000534057617,645200.0,18.00727081298828
2009-12-09,19.43000030517578,19.18000030517578,19.389999389648438,19.40999984741211,470400.0,17.979480743408203
2009-12-10,19.75,19.520000457763672,19.579999923706055,19.65999984741211,521900.0,18.211057662963867
2009-12-11,19.93000030517578,19.6200008392334,19.6200008392334,19.920000076293945,691500.0,18.451889038085938
2009-12-14,20.389999389648438,19.979999542236328,19.979999542236328,20.34000015258789,946000.0,18.8409366607666
2009-12-15,20.5,20.209999084472656,20.219999313354492,20.5,1063500.0,18.989145278930664
2009-12-16,20.600000381469727,20.360000610351562,20.5,20.399999618530273,811300.0,18.89651107788086
2009-12-17,20.360000610351562,20.149999618530273,20.350000381469727,20.190000534057617,801200.0,18.701997756958008
2009-12-18,20.3700008392334,19.959999084472656,20.31999969482422,20.1200008392334,976800.0,18.637149810791016
2009-12-21,20.5,20.040000915527344,20.190000534057617,20.260000228881836,959500.0,18.766830444335938
2009-12-22,20.399999618530273,20.079999923706055,20.270000457763672,20.290000915527344,913500.0,18.79461669921875
2009-12-23,20.520000457763672,20.280000686645508,20.389999389648438,20.510000228881836,317000.0,18.998411178588867
2009-12-24,20.6299991607666,20.5,20.5,20.579999923706055,254900.0,19.063249588012695
2009-12-28,20.68000030517578,20.549999237060547,20.579999923706055,20.65999984741211,381100.0,19.13735008239746
2009-12-29,20.84000015258789,20.6200008392334,20.75,20.790000915527344,616700.0,19.25777244567871
2009-12-30,20.81999969482422,20.700000762939453,20.75,20.729999542236328,443700.0,19.202190399169922
2009-12-31,20.829999923706055,20.59000015258789,20.770000457763672,20.59000015258789,433100.0,19.072505950927734
2010-01-04,20.809999465942383,20.280000686645508,20.760000228881836,20.639999389648438,1880200.0,19.11882209777832
2010-01-05,21.059999465942383,20.489999771118164,20.65999984741211,20.889999389648438,1568200.0,19.350400924682617
2010-01-06,21.40999984741211,20.799999237060547,20.81999969482422,21.299999237060547,1245300.0,19.730178833007812
2010-01-07,22.0,21.200000762939453,21.799999237060547,21.239999771118164,2581900.0,19.67460060119629
2010-01-08,21.510000228881836,21.209999084472656,21.31999969482422,21.43000030517578,2273200.0,19.850595474243164
2010-01-11,21.65999984741211,21.399999618530273,21.559999465942383,21.459999084472656,2347600.0,19.878387451171875
2010-01-12,21.440000534057617,21.040000915527344,21.399999618530273,21.15999984741211,2656900.0,19.600505828857422
2010-01-13,21.440000534057617,21.040000915527344,21.270000457763672,21.40999984741211,1352600.0,19.832077026367188
2010-01-14,21.670000076293945,21.31999969482422,21.34000015258789,21.649999618530273,1147700.0,20.05438232421875
2010-01-15,21.889999389648438,21.280000686645508,21.719999313354492,21.40999984741211,1239100.0,19.832077026367188
2010-01-19,21.75,21.010000228881836,21.40999984741211,21.440000534057617,2235000.0,19.859859466552734
2010-01-20,21.3799991607666,20.920000076293945,21.3799991607666,21.15999984741211,1301600.0,19.664709091186523
2010-01-21,21.18000030517578,20.40999984741211,21.139999389648438,20.479999542236328,1668900.0,19.032756805419922
2010-01-22,21.170000076293945,20.3700008392334,20.530000686645508,20.3700008392334,2016100.0,18.93053436279297
2010-01-25,20.700000762939453,20.399999618530273,20.479999542236328,20.520000457763672,796300.0,19.069931030273438
2010-01-26,20.770000457763672,20.219999313354492,20.489999771118164,20.56999969482422,879200.0,19.116403579711914
2010-01-27,20.600000381469727,20.200000762939453,20.489999771118164,20.389999389648438,1135200.0,18.94911003112793
2010-01-28,20.549999237060547,20.059999465942383,20.420000076293945,20.06999969482422,1114100.0,18.6517333984375
2010-01-29,20.489999771118164,20.030000686645508,20.139999389648438,20.139999389648438,1939600.0,18.71677589416504
2010-02-01,20.350000381469727,19.979999542236328,20.299999237060547,20.190000534057617,1740800.0,18.763256072998047
2010-02-02,20.889999389648438,20.1299991607666,20.229999542236328,20.81999969482422,1358000.0,19.348731994628906
2010-02-03,21.18000030517578,20.639999389648438,20.84000015258789,20.68000030517578,1190200.0,19.218616485595703
2010-02-04,20.489999771118164,19.729999542236328,20.450000762939453,19.81999969482422,1678300.0,18.419395446777344
2010-02-05,22.059999465942383,20.1200008392334,21.5,20.520000457763672,6012000.0,19.069931030273438
2010-02-08,21.290000915527344,20.43000030517578,20.459999084472656,20.950000762939453,2804000.0,19.469545364379883
2010-02-09,21.190000534057617,20.81999969482422,21.190000534057617,20.889999389648438,2224300.0,19.41378402709961
2010-02-10,21.0,20.600000381469727,20.899999618530273,20.700000762939453,1458100.0,19.23720932006836
2010-02-11,20.90999984741211,20.530000686645508,20.670000076293945,20.8700008392334,1542700.0,19.39519500732422
2010-02-12,21.020000457763672,20.5,20.709999084472656,21.0,1706800.0,19.516010284423828
2010-02-16,21.600000381469727,20.899999618530273,21.100000381469727,21.59000015258789,1879200.0,20.064311981201172
2010-02-17,21.780000686645508,21.549999237060547,21.729999542236328,21.59000015258789,1321900.0,20.064311981201172
2010-02-18,21.979999542236328,21.59000015258789,21.600000381469727,21.920000076293945,1537800.0,20.371000289916992
2010-02-19,22.059999465942383,21.65999984741211,21.8700008392334,21.790000915527344,985600.0,20.250185012817383
2010-02-22,22.729999542236328,21.780000686645508,21.850000381469727,22.3799991607666,4185600.0,20.79848861694336
2010-02-23,22.5,22.149999618530273,22.3799991607666,22.31999969482422,1983700.0,20.74273109436035
2010-02-24,22.5,22.229999542236328,22.479999542236328,22.350000381469727,1331500.0,20.770605087280273
2010-02-25,22.43000030517578,21.899999618530273,22.100000381469727,22.40999984741211,1302800.0,20.826370239257812
2010-02-26,22.489999771118164,22.030000686645508,22.489999771118164,22.209999084472656,945300.0,20.640504837036133
2010-03-01,23.540000915527344,22.260000228881836,22.3799991607666,23.260000228881836,3154400.0,21.616310119628906
2010-03-02,23.690000534057617,23.239999771118164,23.239999771118164,23.43000030517578,1398800.0,21.774293899536133
2010-03-03,23.540000915527344,23.200000762939453,23.440000534057617,23.34000015258789,866800.0,21.690650939941406
2010-03-04,23.450000762939453,22.950000762939453,23.329999923706055,23.1200008392334,775700.0,21.486202239990234
2010-03-05,23.790000915527344,23.15999984741211,23.190000534057617,23.790000915527344,1550400.0,22.108848571777344
2010-03-08,23.81999969482422,23.479999542236328,23.68000030517578,23.68000030517578,1490800.0,22.006624221801758
2010-03-09,23.709999084472656,23.440000534057617,23.520000457763672,23.520000457763672,1059700.0,21.85793685913086
2010-03-10,23.579999923706055,23.299999237060547,23.579999923706055,23.5,1226000.0,21.839345932006836
2010-03-11,23.56999969482422,23.280000686645508,23.5,23.459999084472656,1005000.0,21.802173614501953
2010-03-12,23.600000381469727,23.239999771118164,23.600000381469727,23.3700008392334,885000.0,21.71853256225586
2010-03-15,23.670000076293945,23.3700008392334,23.670000076293945,23.5,656600.0,21.839345932006836
2010-03-16,23.670000076293945,23.3799991607666,23.489999771118164,23.6299991607666,1046700.0,21.960161209106445
2010-03-17,24.09000015258789,23.6299991607666,23.690000534057617,24.0,1109800.0,22.30401039123535
2010-03-18,24.280000686645508,23.989999771118164,24.049999237060547,24.110000610351562,981100.0,22.406240463256836
2010-03-19,24.450000762939453,23.600000381469727,23.610000610351562,23.610000610351562,1714500.0,21.941566467285156
2010-03-22,24.09000015258789,23.420000076293945,23.549999237060547,24.059999465942383,1017600.0,22.359771728515625
2010-03-23,24.239999771118164,23.81999969482422,24.049999237060547,24.190000534057617,683400.0,22.48058319091797
2010-03-24,24.18000030517578,23.90999984741211,24.09000015258789,23.979999542236328,849400.0,22.28542709350586
2010-03-25,24.209999084472656,23.860000610351562,24.110000610351562,23.899999618530273,1186900.0,22.211076736450195
2010-03-26,24.1299991607666,23.81999969482422,23.950000762939453,24.0,1114000.0,22.30401039123535
2010-03-29,24.299999237060547,24.059999465942383,24.09000015258789,24.229999542236328,737800.0,22.517763137817383
2010-03-30,24.440000534057617,24.139999389648438,24.229999542236328,24.309999465942383,602900.0,22.592100143432617
2010-03-31,24.299999237060547,23.8799991607666,24.260000228881836,23.899999618530273,863400.0,22.211076736450195
2010-04-01,24.149999618530273,23.920000076293945,24.0,24.149999618530273,1344900.0,22.44341468811035
2010-04-05,24.350000381469727,24.030000686645508,24.290000915527344,24.200000762939453,1191900.0,22.489883422851562
2010-04-06,24.170000076293945,23.899999618530273,24.100000381469727,24.010000228881836,966700.0,22.313308715820312
2010-04-07,24.06999969482422,23.809999465942383,24.020000457763672,23.8799991607666,917000.0,22.192485809326172
2010-04-08,23.81999969482422,23.5,23.729999542236328,23.670000076293945,1367900.0,21.997329711914062
2010-04-09,23.8700008392334,23.65999984741211,23.65999984741211,23.799999237060547,2262500.0,22.118141174316406
2010-04-12,23.940000534057617,23.75,23.84000015258789,23.760000228881836,407400.0,22.08097267150879
2010-04-13,23.81999969482422,23.59000015258789,23.760000228881836,23.739999771118164,637600.0,22.0623836517334
2010-04-14,23.899999618530273,23.239999771118164,23.450000762939453,23.81999969482422,965100.0,22.202194213867188
2010-04-15,23.950000762939453,23.770000457763672,23.809999465942383,23.8700008392334,938900.0,22.248796463012695
2010-04-16,24.040000915527344,23.459999084472656,23.790000915527344,23.5,1475100.0,21.903932571411133
2010-04-19,23.649999618530273,23.329999923706055,23.469999313354492,23.440000534057617,1433800.0,21.848005294799805
2010-04-20,23.989999771118164,23.520000457763672,23.530000686645508,23.989999771118164,1527900.0,22.360647201538086
2010-04-21,24.030000686645508,23.739999771118164,23.920000076293945,23.940000534057617,1279200.0,22.31405258178711
2010-04-22,24.0,23.479999542236328,23.729999542236328,23.8799991607666,1726300.0,22.258119583129883
2010-04-23,23.959999084472656,23.639999389648438,23.93000030517578,23.829999923706055,1796700.0,22.21152114868164
2010-04-26,23.959999084472656,23.709999084472656,23.850000381469727,23.739999771118164,1330300.0,22.12763214111328
2010-04-27,24.020000457763672,23.43000030517578,23.6299991607666,23.450000762939453,2192800.0,21.857328414916992
2010-04-28,24.760000228881836,23.59000015258789,23.639999389648438,24.610000610351562,3567900.0,22.938541412353516
2010-04-29,25.219999313354492,24.719999313354492,24.860000610351562,25.1200008392334,2816600.0,23.41390609741211
2010-04-30,25.450000762939453,24.940000534057617,25.15999984741211,25.049999237060547,1971700.0,23.34865379333496
2010-05-03,25.329999923706055,25.010000228881836,25.09000015258789,25.190000534057617,1927600.0,23.479141235351562
2010-05-04,24.950000762939453,24.270000457763672,24.950000762939453,24.329999923706055,2066400.0,22.677560806274414
2010-05-05,24.34000015258789,23.920000076293945,24.18000030517578,24.0,2050000.0,22.36997413635254
2010-05-06,24.100000381469727,21.760000228881836,23.940000534057617,23.020000457763672,2918100.0,21.456533432006836
2010-05-07,23.6200008392334,21.31999969482422,23.510000228881836,22.229999542236328,5277700.0,20.720186233520508
2010-05-10,23.6200008392334,22.790000915527344,23.1200008392334,23.459999084472656,2027300.0,21.866641998291016
2010-05-11,23.670000076293945,23.040000915527344,23.219999313354492,23.059999465942383,2114400.0,21.493812561035156
2010-05-12,23.610000610351562,23.040000915527344,23.06999969482422,23.549999237060547,1566800.0,21.95052719116211
2010-05-13,23.760000228881836,23.25,23.549999237060547,23.309999465942383,1300800.0,21.726831436157227
2010-05-14,23.190000534057617,22.5,23.190000534057617,22.709999084472656,1847900.0,21.167579650878906
2010-05-17,22.90999984741211,22.290000915527344,22.75,22.780000686645508,1361400.0,21.232830047607422
2010-05-18,23.100000381469727,22.690000534057617,22.889999389648438,22.729999542236328,2621200.0,21.18622589111328
2010-05-19,23.18000030517578,22.520000457763672,22.56999969482422,23.059999465942383,3763700.0,21.493812561035156
2010-05-20,22.719999313354492,21.969999313354492,22.59000015258789,22.030000686645508,3621400.0,20.53377914428711
2010-05-21,22.200000762939453,21.3799991607666,21.760000228881836,22.010000228881836,2400800.0,20.5151309967041
2010-05-24,22.200000762939453,21.809999465942383,21.8700008392334,21.84000015258789,1818300.0,20.356672286987305
2010-05-25,21.780000686645508,21.0,21.350000381469727,21.760000228881836,3169400.0,20.282106399536133
2010-05-26,22.399999618530273,21.81999969482422,21.889999389648438,21.969999313354492,2328800.0,20.477842330932617
2010-05-27,23.100000381469727,22.290000915527344,22.34000015258789,23.079999923706055,1573500.0,21.512454986572266
2010-05-28,23.040000915527344,22.610000610351562,23.020000457763672,22.690000534057617,1412700.0,21.148944854736328
2010-06-01,22.809999465942383,22.170000076293945,22.3700008392334,22.219999313354492,1162500.0,20.710865020751953
2010-06-02,22.729999542236328,22.040000915527344,22.34000015258789,22.729999542236328,1395400.0,21.18622589111328
2010-06-03,23.06999969482422,22.760000228881836,22.850000381469727,23.0,1016500.0,21.43788719177246
2010-06-04,22.510000228881836,21.649999618530273,22.350000381469727,21.719999313354492,2149300.0,20.24482536315918
2010-06-07,21.889999389648438,21.290000915527344,21.809999465942383,21.309999465942383,1326700.0,19.862667083740234
2010-06-08,21.469999313354492,21.190000534057617,21.31999969482422,21.360000610351562,2716100.0,19.90927505493164
2010-06-09,22.360000610351562,21.520000457763672,21.549999237060547,21.790000915527344,3786500.0,20.310068130493164
2010-06-10,22.549999237060547,22.0,22.09000015258789,22.479999542236328,1036200.0,20.953205108642578
2010-06-11,22.649999618530273,22.200000762939453,22.270000457763672,22.579999923706055,767900.0,21.046419143676758
2010-06-14,22.90999984741211,22.43000030517578,22.700000762939453,22.450000762939453,1435500.0,20.925247192382812
2010-06-15,22.889999389648438,22.530000686645508,22.65999984741211,22.850000381469727,1473300.0,21.298076629638672
2010-06-16,23.059999465942383,22.56999969482422,22.700000762939453,22.959999084472656,1480200.0,21.400609970092773
2010-06-17,23.09000015258789,22.649999618530273,23.030000686645508,22.940000534057617,782200.0,21.381967544555664
2010-06-18,23.010000228881836,22.65999984741211,22.8799991607666,22.719999313354492,1193500.0,21.176910400390625
2010-06-21,23.209999084472656,22.780000686645508,22.93000030517578,22.899999618530273,1185300.0,21.34468650817871
2010-06-22,23.079999923706055,22.459999084472656,22.959999084472656,22.530000686645508,1432700.0,20.999814987182617
2010-06-23,22.540000915527344,22.100000381469727,22.520000457763672,22.239999771118164,700300.0,20.72949981689453
2010-06-24,22.149999618530273,21.360000610351562,22.100000381469727,21.43000030517578,2975900.0,19.974519729614258
2010-06-25,21.989999771118164,21.31999969482422,21.459999084472656,21.899999618530273,3739400.0,20.412601470947266
2010-06-28,22.020000457763672,21.579999923706055,21.8700008392334,21.81999969482422,1050300.0,20.338035583496094
2010-06-29,21.5,20.760000228881836,21.5,20.8700008392334,1131000.0,19.45254898071289
2010-06-30,21.040000915527344,20.610000610351562,20.75,20.670000076293945,921400.0,19.266141891479492
2010-07-01,20.690000534057617,19.690000534057617,20.690000534057617,19.809999465942383,2632500.0,18.464550018310547
2010-07-02,19.959999084472656,19.549999237060547,19.940000534057617,19.649999618530273,1853000.0,18.315418243408203
2010-07-06,20.200000762939453,19.34000015258789,19.979999542236328,19.549999237060547,1865000.0,18.222206115722656
2010-07-07,19.6299991607666,19.170000076293945,19.6299991607666,19.530000686645508,2686400.0,18.203567504882812
2010-07-08,19.739999771118164,19.450000762939453,19.68000030517578,19.729999542236328,2460400.0,18.38998031616211
2010-07-09,19.790000915527344,19.469999313354492,19.790000915527344,19.59000015258789,2088500.0,18.25948715209961
2010-07-12,19.579999923706055,19.219999313354492,19.579999923706055,19.469999313354492,1449900.0,18.147640228271484
2010-07-13,20.0,19.489999771118164,19.6200008392334,19.65999984741211,1880600.0,18.324735641479492
2010-07-14,19.690000534057617,19.200000762939453,19.649999618530273,19.520000457763672,1902100.0,18.19424057006836
2010-07-15,19.670000076293945,19.270000457763672,19.549999237060547,19.5,1569900.0,18.17560386657715
2010-07-16,19.520000457763672,19.0,19.360000610351562,19.059999465942383,1907600.0,17.765480041503906
2010-07-19,19.170000076293945,18.969999313354492,19.110000610351562,19.139999389648438,1800200.0,17.840045928955078
2010-07-20,19.260000228881836,18.690000534057617,18.899999618530273,19.229999542236328,2137000.0,17.923934936523438
2010-07-21,19.34000015258789,18.8799991607666,19.209999084472656,18.889999389648438,1531300.0,17.671354293823242
2010-07-22,19.780000686645508,19.170000076293945,19.260000228881836,19.6200008392334,2349700.0,18.354265213012695
2010-07-23,19.799999237060547,19.399999618530273,19.6200008392334,19.6200008392334,1359100.0,18.354265213012695
2010-07-26,20.170000076293945,19.510000228881836,19.649999618530273,19.989999771118164,1773700.0,18.700393676757812
2010-07-27,19.979999542236328,19.25,19.979999542236328,19.350000381469727,2023900.0,18.1016788482666
2010-07-28,19.600000381469727,19.280000686645508,19.389999389648438,19.479999542236328,2469200.0,18.22330093383789
2010-07-29,19.670000076293945,18.90999984741211,19.59000015258789,19.239999771118164,2569400.0,17.9987735748291
2010-07-30,19.540000915527344,18.989999771118164,19.06999969482422,19.459999084472656,1755600.0,18.204586029052734
2010-08-02,20.079999923706055,19.649999618530273,19.700000762939453,20.040000915527344,1821400.0,18.747173309326172
2010-08-03,20.010000228881836,19.459999084472656,19.780000686645508,19.75,1000300.0,18.475879669189453
2010-08-04,20.149999618530273,19.719999313354492,19.760000228881836,20.09000015258789,1492900.0,18.793941497802734
2010-08-05,20.139999389648438,19.940000534057617,19.979999542236328,20.049999237060547,1693700.0,18.756521224975586
2010-08-06,22.450000762939453,21.020000457763672,21.1200008392334,22.290000915527344,5146500.0,20.85201644897461
2010-08-09,22.540000915527344,22.040000915527344,22.399999618530273,22.200000762939453,2340100.0,20.767824172973633
2010-08-10,22.389999389648438,21.739999771118164,22.059999465942383,22.18000030517578,1874500.0,20.749113082885742
2010-08-11,21.809999465942383,21.280000686645508,21.75,21.520000457763672,1636300.0,20.131689071655273
2010-08-12,21.600000381469727,21.1200008392334,21.170000076293945,21.510000228881836,2129000.0,20.122337341308594
2010-08-13,21.610000610351562,21.329999923706055,21.469999313354492,21.440000534057617,1028900.0,20.05685043334961
2010-08-16,21.639999389648438,21.1299991607666,21.270000457763672,21.350000381469727,923900.0,19.972660064697266
2010-08-17,22.170000076293945,21.459999084472656,21.5,22.010000228881836,1539000.0,20.5900821685791
2010-08-18,22.149999618530273,21.75,21.979999542236328,22.059999465942383,735000.0,20.63684844970703
2010-08-19,22.020000457763672,21.31999969482422,21.889999389648438,21.549999237060547,1227300.0,20.15974998474121
2010-08-20,21.489999771118164,20.770000457763672,21.3700008392334,21.06999969482422,1799900.0,19.710725784301758
2010-08-23,21.489999771118164,21.1200008392334,21.15999984741211,21.270000457763672,881400.0,19.897817611694336
2010-08-24,21.010000228881836,20.56999969482422,20.979999542236328,20.579999923706055,1133800.0,19.252336502075195
2010-08-25,21.100000381469727,20.31999969482422,20.489999771118164,21.059999465942383,1396600.0,19.70136070251465
2010-08-26,21.559999465942383,21.15999984741211,21.15999984741211,21.270000457763672,2040200.0,19.897817611694336
2010-08-27,21.690000534057617,20.969999313354492,21.350000381469727,21.670000076293945,1391800.0,20.272014617919922
2010-08-30,21.75,21.040000915527344,21.65999984741211,21.040000915527344,1010000.0,19.682666778564453
2010-08-31,21.309999465942383,20.829999923706055,20.940000534057617,21.010000228881836,1047200.0,19.65459442138672
2010-09-01,22.290000915527344,21.299999237060547,21.299999237060547,22.06999969482422,3789800.0,20.646209716796875
2010-09-02,22.209999084472656,21.950000762939453,22.06999969482422,22.200000762939453,1181400.0,20.767824172973633
2010-09-03,22.59000015258789,22.239999771118164,22.399999618530273,22.399999618530273,953900.0,20.954919815063477
2010-09-07,22.40999984741211,22.1299991607666,22.25,22.15999984741211,1414200.0,20.730405807495117
2010-09-08,22.139999389648438,21.809999465942383,22.100000381469727,21.829999923706055,1167500.0,20.421693801879883
2010-09-09,22.200000762939453,21.899999618530273,22.200000762939453,22.030000686645508,827700.0,20.60879898071289
2010-09-10,22.1299991607666,21.780000686645508,22.030000686645508,22.0,774200.0,20.580724716186523
2010-09-13,22.270000457763672,22.059999465942383,22.15999984741211,22.239999771118164,734100.0,20.805234909057617
2010-09-14,22.639999389648438,22.15999984741211,22.229999542236328,22.579999923706055,1174400.0,21.12331199645996
2010-09-15,22.799999237060547,22.329999923706055,22.530000686645508,22.75,764700.0,21.2823429107666
2010-09-16,22.809999465942383,22.31999969482422,22.690000534057617,22.31999969482422,1211600.0,20.880077362060547
2010-09-17,22.469999313354492,22.18000030517578,22.270000457763672,22.229999542236328,1267800.0,20.795886993408203
2010-09-20,22.510000228881836,22.200000762939453,22.34000015258789,22.420000076293945,1862700.0,20.973634719848633
2010-09-21,22.760000228881836,22.31999969482422,22.399999618530273,22.709999084472656,1317200.0,21.244915008544922
2010-09-22,22.850000381469727,22.360000610351562,22.690000534057617,22.450000762939453,1070300.0,21.001697540283203
2010-09-23,22.649999618530273,22.15999984741211,22.270000457763672,22.479999542236328,789600.0,21.029756546020508
2010-09-24,23.3700008392334,22.799999237060547,22.889999389648438,23.170000076293945,1755600.0,21.675243377685547
2010-09-27,23.209999084472656,22.940000534057617,23.170000076293945,23.09000015258789,696800.0,21.60040283203125
2010-09-28,23.260000228881836,22.950000762939453,23.149999618530273,23.18000030517578,1627300.0,21.684598922729492
2010-09-29,23.200000762939453,22.8799991607666,23.110000610351562,23.020000457763672,1711300.0,21.534923553466797
2010-09-30,23.350000381469727,22.979999542236328,23.059999465942383,23.139999389648438,1752500.0,21.64717674255371
2010-10-01,23.34000015258789,22.780000686645508,23.18000030517578,23.020000457763672,2043400.0,21.534923553466797
2010-10-04,23.1200008392334,22.489999771118164,22.90999984741211,22.639999389648438,2250400.0,21.179433822631836
2010-10-05,23.360000610351562,22.8799991607666,22.920000076293945,23.329999923706055,1271800.0,21.82492446899414
2010-10-06,23.309999465942383,22.600000381469727,23.299999237060547,22.770000457763672,1099400.0,21.301050186157227
2010-10-07,23.010000228881836,22.610000610351562,22.920000076293945,22.670000076293945,1828100.0,21.20750617980957
2010-10-08,23.0,22.670000076293945,22.670000076293945,22.8799991607666,2016500.0,21.403953552246094
2010-10-11,23.479999542236328,23.09000015258789,23.280000686645508,23.270000457763672,1743800.0,21.768795013427734
2010-10-12,23.239999771118164,22.899999618530273,23.219999313354492,23.139999389648438,2537200.0,21.64717674255371
2010-10-13,23.739999771118164,23.239999771118164,23.280000686645508,23.520000457763672,1368200.0,22.002668380737305
2010-10-14,23.600000381469727,23.190000534057617,23.530000686645508,23.299999237060547,725100.0,21.796850204467773
2010-10-15,23.59000015258789,23.010000228881836,23.489999771118164,23.209999084472656,908600.0,21.712661743164062
2010-10-18,23.6200008392334,23.18000030517578,23.25,23.600000381469727,753200.0,22.077499389648438
2010-10-19,23.290000915527344,22.65999984741211,23.290000915527344,22.790000915527344,1843100.0,21.31976318359375
2010-10-20,23.290000915527344,22.600000381469727,22.760000228881836,23.100000381469727,1591200.0,21.67633628845215
2010-10-21,23.540000915527344,23.09000015258789,23.15999984741211,23.25,983400.0,21.817094802856445
2010-10-22,23.43000030517578,23.15999984741211,23.31999969482422,23.43000030517578,757000.0,21.98600196838379
2010-10-25,23.780000686645508,23.459999084472656,23.459999084472656,23.610000610351562,887700.0,22.1549072265625
2010-10-26,23.510000228881836,23.260000228881836,23.469999313354492,23.309999465942383,784200.0,21.873394012451172
2010-10-27,23.6299991607666,23.1299991607666,23.170000076293945,23.34000015258789,1192900.0,21.901546478271484
2010-10-28,23.649999618530273,23.15999984741211,23.510000228881836,23.260000228881836,630700.0,21.826480865478516
2010-10-29,23.5,23.170000076293945,23.170000076293945,23.450000762939453,1469100.0,22.004772186279297
2010-11-01,23.649999618530273,23.34000015258789,23.559999465942383,23.530000686645508,1004300.0,22.079843521118164
2010-11-02,23.93000030517578,23.530000686645508,23.790000915527344,23.6299991607666,935900.0,22.173673629760742
2010-11-03,23.739999771118164,23.239999771118164,23.610000610351562,23.639999389648438,619600.0,22.183059692382812
2010-11-04,24.110000610351562,23.790000915527344,23.959999084472656,24.06999969482422,1178700.0,22.586559295654297
2010-11-05,24.510000228881836,23.959999084472656,24.190000534057617,24.0,2969300.0,22.520875930786133
2010-11-08,24.049999237060547,23.670000076293945,23.889999389648438,23.770000457763672,1432300.0,22.305044174194336
2010-11-09,23.8700008392334,23.649999618530273,23.780000686645508,23.739999771118164,1572800.0,22.276899337768555
2010-11-10,23.950000762939453,23.489999771118164,23.729999542236328,23.940000534057617,938900.0,22.464574813842773
2010-11-11,24.079999923706055,23.5,23.719999313354492,24.06999969482422,1395500.0,22.586559295654297
2010-11-12,24.139999389648438,23.719999313354492,23.889999389648438,23.940000534057617,1032900.0,22.464574813842773
2010-11-15,24.059999465942383,23.719999313354492,23.989999771118164,23.75,803300.0,22.286277770996094
2010-11-16,23.65999984741211,23.139999389648438,23.540000915527344,23.209999084472656,1148200.0,21.779558181762695
2010-11-17,23.510000228881836,23.139999389648438,23.200000762939453,23.3799991607666,887400.0,21.939083099365234
2010-11-18,24.010000228881836,23.600000381469727,23.600000381469727,23.959999084472656,1136400.0,22.48334312438965
2010-11-19,24.100000381469727,23.770000457763672,23.969999313354492,23.979999542236328,989100.0,22.50210952758789
2010-11-22,24.030000686645508,23.68000030517578,23.860000610351562,24.0,921000.0,22.520875930786133
2010-11-23,23.760000228881836,23.459999084472656,23.68000030517578,23.489999771118164,1095600.0,22.042306900024414
2010-11-24,24.010000228881836,23.709999084472656,23.709999084472656,23.90999984741211,1093800.0,22.43641471862793
2010-11-26,23.770000457763672,23.530000686645508,23.709999084472656,23.6200008392334,624800.0,22.164291381835938
2010-11-29,23.530000686645508,23.15999984741211,23.459999084472656,23.459999084472656,1249200.0,22.014150619506836
2010-11-30,23.68000030517578,23.170000076293945,23.209999084472656,23.299999237060547,1447800.0,21.8640079498291
2010-12-01,24.100000381469727,23.600000381469727,23.670000076293945,23.93000030517578,1246800.0,22.4551944732666
2010-12-02,24.649999618530273,23.90999984741211,23.950000762939453,24.3700008392334,1274100.0,22.868066787719727
2010-12-03,24.829999923706055,24.229999542236328,24.229999542236328,24.770000457763672,883900.0,23.24342155456543
2010-12-06,24.610000610351562,24.299999237060547,24.3700008392334,24.420000076293945,740200.0,22.91499137878418
2010-12-07,24.739999771118164,24.520000457763672,24.649999618530273,24.6200008392334,933500.0,23.1026554107666
2010-12-08,24.780000686645508,24.3700008392334,24.68000030517578,24.709999084472656,973300.0,23.18711280822754
2010-12-09,25.110000610351562,24.59000015258789,24.780000686645508,25.06999969482422,2344200.0,23.524932861328125
2010-12-10,25.65999984741211,25.100000381469727,25.18000030517578,25.420000076293945,1553500.0,23.853361129760742
2010-12-13,25.770000457763672,25.479999542236328,25.479999542236328,25.559999465942383,1071800.0,23.984724044799805
2010-12-14,25.940000534057617,25.469999313354492,25.559999465942383,25.68000030517578,1077700.0,24.097335815429688
2010-12-15,25.899999618530273,25.510000228881836,25.6299991607666,25.670000076293945,1205400.0,24.087949752807617
2010-12-16,25.899999618530273,25.489999771118164,25.6299991607666,25.899999618530273,656900.0,24.303770065307617
2010-12-17,26.040000915527344,25.709999084472656,25.899999618530273,26.040000915527344,1130200.0,24.435148239135742
2010-12-20,26.15999984741211,25.979999542236328,26.030000686645508,26.139999389648438,1226000.0,24.52898406982422
2010-12-21,26.239999771118164,26.0,26.190000534057617,26.100000381469727,570400.0,24.491453170776367
2010-12-22,26.18000030517578,26.020000457763672,26.079999923706055,26.1200008392334,689000.0,24.510221481323242
2010-12-23,26.229999542236328,26.010000228881836,26.1200008392334,26.079999923706055,501700.0,24.472684860229492
2010-12-27,26.139999389648438,25.959999084472656,26.030000686645508,26.09000015258789,589600.0,24.482067108154297
2010-12-28,26.100000381469727,25.850000381469727,26.100000381469727,25.940000534057617,587800.0,24.341310501098633
2010-12-29,26.09000015258789,25.850000381469727,26.010000228881836,25.850000381469727,483100.0,24.256851196289062
2010-12-30,26.049999237060547,25.780000686645508,25.8799991607666,25.920000076293945,601400.0,24.322542190551758
2010-12-31,25.959999084472656,25.799999237060547,25.860000610351562,25.81999969482422,483500.0,24.228700637817383
2011-01-03,26.049999237060547,25.809999465942383,26.020000457763672,25.899999618530273,970500.0,24.303770065307617
2011-01-04,25.950000762939453,25.479999542236328,25.950000762939453,25.600000381469727,1156300.0,24.02226448059082
2011-01-05,25.719999313354492,25.329999923706055,25.5,25.40999984741211,1330600.0,23.843976974487305
2011-01-06,25.780000686645508,25.420000076293945,25.450000762939453,25.770000457763672,1311300.0,24.181787490844727
2011-01-07,25.979999542236328,25.559999465942383,25.760000228881836,25.6299991607666,967500.0,24.050413131713867
2011-01-10,25.81999969482422,25.389999389648438,25.459999084472656,25.790000915527344,446000.0,24.200557708740234
2011-01-11,26.09000015258789,25.81999969482422,25.950000762939453,26.06999969482422,810100.0,24.46330451965332
2011-01-12,26.360000610351562,25.959999084472656,26.149999618530273,26.0,639500.0,24.397607803344727
2011-01-13,26.1200008392334,25.770000457763672,25.969999313354492,25.809999465942383,549300.0,24.21932029724121
2011-01-14,25.799999237060547,25.489999771118164,25.799999237060547,25.540000915527344,706200.0,23.965965270996094
2011-01-18,25.729999542236328,25.350000381469727,25.59000015258789,25.6299991607666,1714700.0,24.050413131713867
2011-01-19,25.6200008392334,25.020000457763672,25.6200008392334,25.18000030517578,846400.0,23.6928653717041
2011-01-20,25.200000762939453,24.790000915527344,25.170000076293945,24.84000015258789,718700.0,23.372940063476562
2011-01-21,25.229999542236328,24.670000076293945,25.040000915527344,24.719999313354492,996400.0,23.260028839111328
2011-01-24,25.34000015258789,24.690000534057617,24.75,24.950000762939453,1272900.0,23.4764461517334
2011-01-25,25.15999984741211,24.68000030517578,24.829999923706055,25.139999389648438,1044700.0,23.65521812438965
2011-01-26,25.670000076293945,25.170000076293945,25.200000762939453,25.579999923706055,1117400.0,24.069232940673828
2011-01-27,26.040000915527344,25.530000686645508,25.579999923706055,26.010000228881836,1172900.0,24.473838806152344
2011-01-28,26.059999465942383,25.229999542236328,26.030000686645508,25.56999969482422,1503700.0,24.05982780456543
2011-01-31,25.670000076293945,25.299999237060547,25.6299991607666,25.579999923706055,810400.0,24.069232940673828
2011-02-01,26.149999618530273,25.68000030517578,25.790000915527344,26.0,1057200.0,24.464426040649414
2011-02-02,26.059999465942383,25.649999618530273,25.8700008392334,25.93000030517578,686200.0,24.398561477661133
2011-02-03,25.989999771118164,25.3700008392334,25.780000686645508,25.959999084472656,1207600.0,24.426790237426758
2011-02-04,26.899999618530273,25.940000534057617,26.649999618530273,26.639999389648438,2226200.0,25.066638946533203
2011-02-07,26.739999771118164,26.290000915527344,26.65999984741211,26.450000762939453,1742000.0,24.887855529785156
2011-02-08,26.81999969482422,26.34000015258789,26.56999969482422,26.709999084472656,1187000.0,25.132497787475586
2011-02-09,26.729999542236328,26.540000915527344,26.68000030517578,26.690000534057617,1144600.0,25.113679885864258
2011-02-10,27.0,26.540000915527344,26.610000610351562,26.90999984741211,1058300.0,25.3206844329834
2011-02-11,27.049999237060547,26.719999313354492,26.729999542236328,27.030000686645508,1068400.0,25.433597564697266
2011-02-14,27.1200008392334,26.8700008392334,26.959999084472656,27.100000381469727,808600.0,25.499462127685547
2011-02-15,26.959999084472656,26.68000030517578,26.959999084472656,26.809999465942383,935300.0,25.226591110229492
2011-02-16,27.15999984741211,26.84000015258789,26.84000015258789,26.959999084472656,904500.0,25.36773109436035
2011-02-17,26.979999542236328,26.59000015258789,26.860000610351562,26.90999984741211,1264100.0,25.3206844329834
2011-02-18,27.100000381469727,26.84000015258789,26.889999389648438,26.979999542236328,1030000.0,25.386550903320312
2011-02-22,26.979999542236328,26.389999389648438,26.670000076293945,26.510000228881836,1366000.0,24.944313049316406
2011-02-23,26.790000915527344,25.729999542236328,26.559999465942383,25.93000030517578,1535300.0,24.398561477661133
2011-02-24,28.3700008392334,26.15999984741211,26.329999923706055,27.719999313354492,7417400.0,26.08284568786621
2011-02-25,27.459999084472656,26.43000030517578,27.459999084472656,26.5,3753100.0,24.93490219116211
2011-02-28,26.709999084472656,26.260000228881836,26.549999237060547,26.5,2627300.0,24.93490219116211
2011-03-01,27.170000076293945,26.59000015258789,26.600000381469727,27.079999923706055,2762800.0,25.48064613342285
2011-03-02,27.530000686645508,26.979999542236328,26.979999542236328,27.43000030517578,2037800.0,25.809980392456055
2011-03-03,28.25,27.56999969482422,27.6200008392334,28.030000686645508,2318200.0,26.37453842163086
2011-03-04,28.020000457763672,27.520000457763672,28.020000457763672,27.770000457763672,1492000.0,26.129892349243164
2011-03-07,27.920000076293945,27.149999618530273,27.920000076293945,27.329999923706055,1373900.0,25.71588134765625
2011-03-08,27.780000686645508,27.049999237060547,27.399999618530273,27.700000762939453,947100.0,26.064023971557617
2011-03-09,27.709999084472656,27.1299991607666,27.600000381469727,27.489999771118164,756700.0,25.866430282592773
2011-03-10,27.229999542236328,26.68000030517578,27.229999542236328,26.860000610351562,932400.0,25.27363395690918
2011-03-11,27.020000457763672,26.399999618530273,26.6200008392334,26.979999542236328,885700.0,25.386550903320312
2011-03-14,26.940000534057617,26.360000610351562,26.809999465942383,26.510000228881836,1023500.0,24.944313049316406
2011-03-15,26.200000762939453,25.6299991607666,25.93000030517578,26.1200008392334,1669200.0,24.577346801757812
2011-03-16,26.110000610351562,25.549999237060547,26.0,25.600000381469727,1675500.0,24.08805274963379
2011-03-17,26.040000915527344,25.530000686645508,25.920000076293945,25.739999771118164,3276100.0,24.21978759765625
2011-03-18,26.1299991607666,25.459999084472656,26.100000381469727,25.600000381469727,3020900.0,24.08805274963379
2011-03-21,26.100000381469727,25.850000381469727,25.8700008392334,25.889999389648438,1612200.0,24.360931396484375
2011-03-22,26.020000457763672,25.6200008392334,25.90999984741211,25.84000015258789,1352000.0,24.31387710571289
2011-03-23,25.920000076293945,25.459999084472656,25.760000228881836,25.829999923706055,1321700.0,24.304471969604492
2011-03-24,26.260000228881836,25.610000610351562,26.010000228881836,26.040000915527344,1806000.0,24.5020694732666
2011-03-25,26.280000686645508,26.0,26.139999389648438,26.020000457763672,1482500.0,24.483247756958008
2011-03-28,26.25,25.899999618530273,26.1299991607666,25.920000076293945,1163800.0,24.38915252685547
2011-03-29,26.219999313354492,25.850000381469727,25.8799991607666,26.170000076293945,735300.0,24.624391555786133
2011-03-30,26.68000030517578,26.25,26.25,26.389999389648438,1175600.0,24.831398010253906
2011-03-31,26.40999984741211,26.110000610351562,26.389999389648438,26.270000457763672,667700.0,24.71848487854004
2011-04-01,26.389999389648438,26.149999618530273,26.309999465942383,26.3799991607666,2249200.0,24.821985244750977
2011-04-04,26.979999542236328,26.350000381469727,26.489999771118164,26.81999969482422,1826300.0,25.23599624633789
2011-04-05,27.1299991607666,26.649999618530273,26.809999465942383,26.90999984741211,1245900.0,25.3206844329834
2011-04-06,27.049999237060547,26.6299991607666,26.979999542236328,26.729999542236328,806500.0,25.151317596435547
2011-04-07,26.93000030517578,26.59000015258789,26.68000030517578,26.709999084472656,861700.0,25.132497787475586
2011-04-08,26.8799991607666,26.530000686645508,26.780000686645508,26.719999313354492,713300.0,25.14190673828125
2011-04-11,26.780000686645508,26.530000686645508,26.65999984741211,26.65999984741211,927900.0,25.085451126098633
2011-04-12,26.649999618530273,26.389999389648438,26.479999542236328,26.530000686645508,1036400.0,24.963130950927734
2011-04-13,26.6299991607666,26.329999923706055,26.56999969482422,26.5,525800.0,24.93490219116211
2011-04-14,26.389999389648438,26.049999237060547,26.389999389648438,26.239999771118164,1162100.0,24.690263748168945
2011-04-15,26.889999389648438,26.25,26.329999923706055,26.709999084472656,1738900.0,25.132497787475586
2011-04-18,26.440000534057617,26.040000915527344,26.440000534057617,26.350000381469727,945700.0,24.793766021728516
2011-04-19,26.290000915527344,26.0,26.229999542236328,26.280000686645508,638600.0,24.793758392333984
2011-04-20,27.059999465942383,26.59000015258789,26.639999389648438,26.969999313354492,983800.0,25.444732666015625
2011-04-21,27.170000076293945,26.959999084472656,27.110000610351562,27.100000381469727,535500.0,25.5673828125
2011-04-25,27.110000610351562,26.729999542236328,27.100000381469727,26.90999984741211,330500.0,25.388132095336914
2011-04-26,27.670000076293945,27.1200008392334,27.1299991607666,27.56999969482422,915600.0,26.010807037353516
2011-04-27,27.860000610351562,27.350000381469727,27.639999389648438,27.799999237060547,1084100.0,26.227794647216797
2011-04-28,28.049999237060547,27.59000015258789,27.690000534057617,28.010000228881836,1120500.0,26.42591667175293
2011-04-29,28.450000762939453,27.899999618530273,28.020000457763672,28.270000457763672,1000000.0,26.671218872070312
2011-05-02,28.6299991607666,28.290000915527344,28.399999618530273,28.459999084472656,885600.0,26.850475311279297
2011-05-03,28.440000534057617,28.149999618530273,28.43000030517578,28.31999969482422,881400.0,26.718385696411133
2011-05-04,28.34000015258789,27.790000915527344,28.280000686645508,27.989999771118164,592200.0,26.407045364379883
2011-05-05,28.1299991607666,27.610000610351562,27.8700008392334,27.799999237060547,837100.0,26.227794647216797
2011-05-06,28.75,27.860000610351562,28.270000457763672,27.940000534057617,1322000.0,26.35987663269043
2011-05-09,28.100000381469727,27.889999389648438,27.90999984741211,28.040000915527344,996900.0,26.454219818115234
2011-05-10,28.389999389648438,28.059999465942383,28.059999465942383,28.219999313354492,968700.0,26.624038696289062
2011-05-11,28.280000686645508,27.8700008392334,28.170000076293945,28.09000015258789,744100.0,26.501394271850586
2011-05-12,28.469999313354492,27.93000030517578,27.940000534057617,28.309999465942383,750000.0,26.708955764770508
2011-05-13,28.600000381469727,27.90999984741211,28.399999618530273,28.049999237060547,835300.0,26.463661193847656
2011-05-16,28.43000030517578,27.940000534057617,28.040000915527344,28.190000534057617,1023700.0,26.595731735229492
2011-05-17,28.110000610351562,27.56999969482422,28.040000915527344,27.760000228881836,921700.0,26.1900577545166
2011-05-18,28.270000457763672,27.709999084472656,27.790000915527344,28.229999542236328,1078400.0,26.633474349975586
2011-05-19,28.5,28.049999237060547,28.3799991607666,28.229999542236328,878600.0,26.633474349975586
2011-05-20,28.270000457763672,27.579999923706055,28.270000457763672,27.889999389648438,846100.0,26.31270408630371
2011-05-23,27.559999465942383,27.170000076293945,27.559999465942383,27.299999237060547,1164300.0,25.756071090698242
2011-05-24,27.450000762939453,27.049999237060547,27.280000686645508,27.139999389648438,679700.0,25.605125427246094
2011-05-25,27.469999313354492,27.010000228881836,27.049999237060547,27.290000915527344,801600.0,25.74663543701172
2011-05-26,27.6299991607666,27.079999923706055,27.239999771118164,27.549999237060547,590100.0,25.99193572998047
2011-05-27,27.81999969482422,27.530000686645508,27.670000076293945,27.709999084472656,657500.0,26.142885208129883
2011-05-31,28.0,27.389999389648438,27.8799991607666,27.690000534057617,1057000.0,26.124011993408203
2011-06-01,27.739999771118164,27.170000076293945,27.600000381469727,27.219999313354492,839500.0,25.680593490600586
2011-06-02,27.31999969482422,26.93000030517578,27.190000534057617,26.989999771118164,619600.0,25.463607788085938
2011-06-03,26.760000228881836,26.350000381469727,26.690000534057617,26.399999618530273,810400.0,24.90696907043457
2011-06-06,26.399999618530273,26.059999465942383,26.290000915527344,26.110000610351562,1052000.0,24.63337516784668
2011-06-07,26.389999389648438,26.059999465942383,26.25,26.219999313354492,674100.0,24.737152099609375
2011-06-08,26.389999389648438,25.940000534057617,26.100000381469727,26.350000381469727,1249600.0,24.85980224609375
2011-06-09,26.709999084472656,26.309999465942383,26.3700008392334,26.56999969482422,768600.0,25.067352294921875
2011-06-10,26.510000228881836,26.049999237060547,26.450000762939453,26.079999923706055,828400.0,24.605072021484375
2011-06-13,26.18000030517578,25.709999084472656,26.1200008392334,25.809999465942383,700500.0,24.35033416748047
2011-06-14,26.290000915527344,25.969999313354492,26.09000015258789,26.100000381469727,852700.0,24.623943328857422
2011-06-15,26.31999969482422,25.729999542236328,25.899999618530273,25.809999465942383,936700.0,24.35033416748047
2011-06-16,25.90999984741211,25.520000457763672,25.760000228881836,25.770000457763672,642500.0,24.31260108947754
2011-06-17,26.18000030517578,25.780000686645508,25.969999313354492,25.90999984741211,824400.0,24.444683074951172
2011-06-20,26.06999969482422,25.770000457763672,25.790000915527344,26.040000915527344,715600.0,24.567331314086914
2011-06-21,26.579999923706055,26.079999923706055,26.149999618530273,26.530000686645508,498500.0,25.02962303161621
2011-06-22,26.559999465942383,26.25,26.389999389648438,26.270000457763672,674100.0,24.784324645996094
2011-06-23,26.229999542236328,25.540000915527344,26.010000228881836,26.18000030517578,829900.0,24.699417114257812
2011-06-24,26.34000015258789,25.93000030517578,26.149999618530273,25.979999542236328,1480000.0,24.510723114013672
2011-06-27,26.260000228881836,25.799999237060547,25.950000762939453,26.209999084472656,738200.0,24.727718353271484
2011-06-28,26.75,26.260000228881836,26.309999465942383,26.739999771118164,701500.0,25.227737426757812
2011-06-29,26.959999084472656,26.670000076293945,26.8700008392334,26.81999969482422,786900.0,25.3032169342041
2011-06-30,27.110000610351562,26.780000686645508,26.889999389648438,26.90999984741211,972400.0,25.388132095336914
2011-07-01,27.469999313354492,26.940000534057617,26.979999542236328,27.459999084472656,573400.0,25.907024383544922
2011-07-05,27.440000534057617,27.09000015258789,27.440000534057617,27.139999389648438,700000.0,25.605125427246094
2011-07-06,27.510000228881836,27.030000686645508,27.149999618530273,27.510000228881836,828000.0,25.954191207885742
2011-07-07,27.780000686645508,27.43000030517578,27.729999542236328,27.549999237060547,592200.0,25.99193572998047
2011-07-08,27.290000915527344,26.979999542236328,27.229999542236328,27.260000228881836,751500.0,25.718332290649414
2011-07-11,27.06999969482422,26.489999771118164,26.950000762939453,26.530000686645508,670300.0,25.02962303161621
2011-07-12,26.530000686645508,26.270000457763672,26.479999542236328,26.299999237060547,841300.0,24.81262969970703
2011-07-13,26.760000228881836,26.40999984741211,26.440000534057617,26.469999313354492,761500.0,24.973011016845703
2011-07-14,26.6299991607666,26.059999465942383,26.520000457763672,26.209999084472656,616200.0,24.727718353271484
2011-07-15,26.329999923706055,26.040000915527344,26.260000228881836,26.190000534057617,688200.0,24.708852767944336
2011-07-18,26.200000762939453,25.68000030517578,26.079999923706055,25.860000610351562,615900.0,24.39751434326172
2011-07-19,26.479999542236328,26.059999465942383,26.09000015258789,26.450000762939453,823800.0,24.954147338867188
2011-07-20,26.440000534057617,26.079999923706055,26.440000534057617,26.3700008392334,452800.0,24.944683074951172
2011-07-21,26.969999313354492,26.3799991607666,26.5,26.8799991607666,553300.0,25.4271183013916
2011-07-22,26.90999984741211,26.649999618530273,26.860000610351562,26.809999465942383,315600.0,25.360904693603516
2011-07-25,26.75,26.479999542236328,26.549999237060547,26.530000686645508,401500.0,25.096036911010742
2011-07-26,26.389999389648438,25.760000228881836,26.389999389648438,25.809999465942383,1003800.0,24.414949417114258
2011-07-27,25.739999771118164,24.899999618530273,25.709999084472656,24.90999984741211,1166200.0,23.563596725463867
2011-07-28,25.0,24.420000076293945,24.940000534057617,24.459999084472656,1294500.0,23.137922286987305
2011-07-29,24.6200008392334,23.93000030517578,24.3799991607666,24.459999084472656,1124800.0,23.137922286987305
2011-08-01,24.719999313354492,23.510000228881836,24.670000076293945,23.68000030517578,1332500.0,22.40007972717285
2011-08-02,23.799999237060547,23.049999237060547,23.5,23.049999237060547,1510100.0,21.80413246154785
2011-08-03,22.979999542236328,22.200000762939453,22.940000534057617,22.709999084472656,3196000.0,21.482505798339844
2011-08-04,22.5,21.329999923706055,22.3799991607666,21.389999389648438,2144500.0,20.233861923217773
2011-08-05,22.81999969482422,20.90999984741211,21.639999389648438,22.5,4265700.0,21.28385353088379
2011-08-08,22.270000457763672,21.260000228881836,21.940000534057617,21.709999084472656,5552700.0,20.536563873291016
2011-08-09,22.389999389648438,20.889999389648438,22.0,22.139999389648438,3225600.0,20.94331932067871
2011-08-10,22.81999969482422,21.610000610351562,22.0,21.8700008392334,3947200.0,20.687911987304688
2011-08-11,22.510000228881836,21.610000610351562,22.020000457763672,22.209999084472656,2767300.0,21.009538650512695
2011-08-12,22.81999969482422,22.139999389648438,22.440000534057617,22.530000686645508,1094900.0,21.312240600585938
2011-08-15,22.989999771118164,22.459999084472656,22.690000534057617,22.790000915527344,1187800.0,21.55818748474121
2011-08-16,22.780000686645508,22.360000610351562,22.579999923706055,22.610000610351562,866300.0,21.387916564941406
2011-08-17,22.8700008392334,22.280000686645508,22.739999771118164,22.43000030517578,842600.0,21.217647552490234
2011-08-18,21.90999984741211,20.899999618530273,21.90999984741211,21.149999618530273,1157200.0,20.006826400756836
2011-08-19,21.389999389648438,20.81999969482422,20.81999969482422,20.920000076293945,1227200.0,19.789260864257812
2011-08-22,21.459999084472656,20.770000457763672,21.40999984741211,20.84000015258789,853400.0,19.71358299255371
2011-08-23,21.6299991607666,20.709999084472656,20.920000076293945,21.610000610351562,879200.0,20.441965103149414
2011-08-24,21.93000030517578,21.440000534057617,21.530000686645508,21.8799991607666,711100.0,20.69736671447754
2011-08-25,22.059999465942383,21.290000915527344,21.950000762939453,21.420000076293945,822800.0,20.262239456176758
2011-08-26,21.93000030517578,20.84000015258789,21.34000015258789,21.899999618530273,633100.0,20.716293334960938
2011-08-29,22.790000915527344,22.18000030517578,22.18000030517578,22.780000686645508,712200.0,21.548725128173828
2011-08-30,22.889999389648438,22.309999465942383,22.670000076293945,22.739999771118164,1038900.0,21.510894775390625
2011-08-31,23.219999313354492,22.639999389648438,22.940000534057617,22.8700008392334,994700.0,21.63385772705078
2011-09-01,22.979999542236328,22.290000915527344,22.829999923706055,22.34000015258789,839900.0,21.13250732421875
2011-09-02,21.940000534057617,21.510000228881836,21.829999923706055,21.6299991607666,902100.0,20.46088409423828
2011-09-06,21.399999618530273,20.670000076293945,20.979999542236328,21.360000610351562,1716300.0,20.205480575561523
2011-09-07,22.25,21.59000015258789,21.690000534057617,22.049999237060547,1277500.0,20.858184814453125
2011-09-08,22.0,20.709999084472656,22.0,20.75,3097800.0,19.628448486328125
2011-09-09,20.809999465942383,20.15999984741211,20.6200008392334,20.280000686645508,1911500.0,19.183853149414062
2011-09-12,20.350000381469727,19.899999618530273,20.049999237060547,20.31999969482422,1327300.0,19.221689224243164
2011-09-13,20.59000015258789,20.149999618530273,20.3799991607666,20.549999237060547,1249500.0,19.43925666809082
2011-09-14,21.3700008392334,20.3700008392334,20.739999771118164,21.100000381469727,1018800.0,19.959537506103516
2011-09-15,21.3799991607666,20.809999465942383,21.3700008392334,21.079999923706055,1209400.0,19.940608978271484
2011-09-16,21.309999465942383,20.90999984741211,21.15999984741211,21.040000915527344,1017600.0,19.90277862548828
2011-09-19,20.739999771118164,20.360000610351562,20.690000534057617,20.56999969482422,1045400.0,19.45818328857422
2011-09-20,21.06999969482422,20.350000381469727,20.59000015258789,20.3700008392334,1327500.0,19.268991470336914
2011-09-21,20.489999771118164,19.510000228881836,20.3799991607666,19.510000228881836,906100.0,18.455472946166992
2011-09-22,19.09000015258789,18.600000381469727,19.020000457763672,18.84000015258789,1124900.0,17.82168960571289
2011-09-23,19.5,18.68000030517578,18.68000030517578,19.239999771118164,1488300.0,18.20006561279297
2011-09-26,19.639999389648438,18.90999984741211,19.25,19.610000610351562,1125200.0,18.550065994262695
2011-09-27,20.610000610351562,19.809999465942383,19.8799991607666,19.969999313354492,1700000.0,18.890605926513672
2011-09-28,20.0,19.0,19.979999542236328,19.059999465942383,1400200.0,18.029788970947266
2011-09-29,19.59000015258789,18.940000534057617,19.360000610351562,19.579999923706055,1282500.0,18.521692276000977
2011-09-30,19.6299991607666,19.209999084472656,19.3700008392334,19.209999084472656,1516900.0,18.171688079833984
2011-10-03,19.299999237060547,18.360000610351562,19.06999969482422,18.440000534057617,1568800.0,17.443307876586914
2011-10-04,19.389999389648438,18.049999237060547,18.219999313354492,19.3700008392334,2307300.0,18.323041915893555
2011-10-05,19.280000686645508,18.649999618530273,18.799999237060547,19.0,2226500.0,17.973037719726562
2011-10-06,19.600000381469727,18.860000610351562,18.950000762939453,19.549999237060547,2208100.0,18.493310928344727
2011-10-07,19.309999465942383,17.479999542236328,19.270000457763672,17.93000030517578,3582400.0,16.960872650146484
2011-10-10,18.739999771118164,18.1299991607666,18.170000076293945,18.389999389648438,2606500.0,17.396007537841797
2011-10-11,18.770000457763672,18.219999313354492,18.219999313354492,18.770000457763672,1469100.0,17.75547218322754
2011-10-12,19.270000457763672,18.780000686645508,18.84000015258789,18.989999771118164,987900.0,17.96357536315918
2011-10-13,18.899999618530273,18.389999389648438,18.899999618530273,18.75,684000.0,17.736549377441406
2011-10-14,19.25,18.940000534057617,18.979999542236328,19.209999084472656,908800.0,18.171688079833984
2011-10-17,19.139999389648438,18.56999969482422,19.049999237060547,18.610000610351562,1125800.0,17.6041202545166
2011-10-18,19.15999984741211,18.5,18.6299991607666,19.010000228881836,1413800.0,17.982500076293945
2011-10-19,19.059999465942383,18.729999542236328,18.950000762939453,18.780000686645508,941000.0,17.830585479736328
2011-10-20,19.0,18.510000228881836,18.739999771118164,18.979999542236328,891300.0,18.020479202270508
2011-10-21,19.65999984741211,19.18000030517578,19.209999084472656,19.389999389648438,1115200.0,18.40974998474121
2011-10-24,20.110000610351562,19.420000076293945,19.440000534057617,20.020000457763672,1349400.0,19.00790023803711
2011-10-25,20.18000030517578,19.489999771118164,19.81999969482422,19.579999923706055,2134700.0,18.59014320373535
2011-10-26,19.760000228881836,18.809999465942383,19.760000228881836,19.40999984741211,1764300.0,18.428741455078125
2011-10-27,20.860000610351562,19.719999313354492,20.040000915527344,20.780000686645508,2427300.0,19.729480743408203
2011-10-28,21.670000076293945,20.649999618530273,20.700000762939453,21.610000610351562,2330400.0,20.517518997192383
2011-10-31,21.43000030517578,20.6200008392334,21.43000030517578,20.670000076293945,1531100.0,19.625038146972656
2011-11-01,20.329999923706055,19.690000534057617,20.059999465942383,19.709999084472656,1490600.0,18.71356773376465
2011-11-02,20.110000610351562,19.68000030517578,19.969999313354492,19.799999237060547,1577300.0,18.799026489257812
2011-11-03,20.690000534057617,19.68000030517578,20.09000015258789,20.6299991607666,1725200.0,19.58706283569336
2011-11-04,20.260000228881836,19.149999618530273,19.6299991607666,19.559999465942383,2980500.0,18.57115364074707
2011-11-07,20.1200008392334,19.489999771118164,19.6299991607666,20.100000381469727,1564000.0,19.0838565826416
2011-11-08,20.440000534057617,19.969999313354492,20.170000076293945,20.389999389648438,1517500.0,19.359189987182617
2011-11-09,19.969999313354492,19.139999389648438,19.969999313354492,19.360000610351562,1356400.0,18.381263732910156
2011-11-10,19.760000228881836,19.270000457763672,19.690000534057617,19.350000381469727,1883300.0,18.37177276611328
2011-11-11,19.75,19.459999084472656,19.670000076293945,19.559999465942383,2018700.0,18.57115364074707
2011-11-14,19.639999389648438,19.270000457763672,19.459999084472656,19.450000762939453,928600.0,18.466711044311523
2011-11-15,19.719999313354492,19.360000610351562,19.610000610351562,19.600000381469727,1697400.0,18.60913848876953
2011-11-16,19.56999969482422,19.200000762939453,19.389999389648438,19.209999084472656,1585200.0,18.238845825195312
2011-11-17,19.229999542236328,18.59000015258789,19.219999313354492,18.790000915527344,1143600.0,17.840078353881836
2011-11-18,18.979999542236328,18.610000610351562,18.889999389648438,18.84000015258789,1391700.0,17.88755989074707
2011-11-21,18.530000686645508,18.1299991607666,18.510000228881836,18.350000381469727,1402500.0,17.422327041625977
2011-11-22,18.43000030517578,17.8799991607666,18.290000915527344,17.920000076293945,1648400.0,17.01406478881836
2011-11-23,17.829999923706055,17.549999237060547,17.760000228881836,17.559999465942383,1078100.0,16.672260284423828
2011-11-25,17.719999313354492,17.450000762939453,17.5,17.489999771118164,220000.0,16.60580062866211
2011-11-28,18.229999542236328,17.8799991607666,18.049999237060547,18.110000610351562,802400.0,17.194454193115234
2011-11-29,18.280000686645508,17.8700008392334,18.1299991607666,17.899999618530273,695000.0,16.99507713317871
2011-11-30,18.940000534057617,18.469999313354492,18.469999313354492,18.920000076293945,1730300.0,17.963504791259766
2011-12-01,19.139999389648438,18.780000686645508,18.829999923706055,18.950000762939453,2190400.0,17.991992950439453
2011-12-02,19.170000076293945,18.940000534057617,19.1299991607666,19.0,1728000.0,18.039461135864258
2011-12-05,19.43000030517578,18.989999771118164,19.329999923706055,19.15999984741211,1727300.0,18.191375732421875
2011-12-06,19.200000762939453,18.920000076293945,19.18000030517578,19.100000381469727,1166700.0,18.1344051361084
2011-12-07,19.329999923706055,18.75,18.950000762939453,19.290000915527344,1553400.0,18.314800262451172
2011-12-08,19.1299991607666,18.579999923706055,19.059999465942383,18.6299991607666,1893100.0,17.688167572021484
2011-12-09,19.0,18.6200008392334,18.729999542236328,18.959999084472656,908700.0,18.00148582458496
2011-12-12,18.739999771118164,18.3799991607666,18.700000762939453,18.510000228881836,1170000.0,17.57423210144043
2011-12-13,18.770000457763672,17.989999771118164,18.65999984741211,18.110000610351562,1168800.0,17.194454193115234
2011-12-14,18.100000381469727,17.729999542236328,17.989999771118164,18.020000457763672,1146300.0,17.109012603759766
2011-12-15,18.8700008392334,18.40999984741211,18.479999542236328,18.670000076293945,1747200.0,17.726144790649414
2011-12-16,18.850000381469727,18.389999389648438,18.850000381469727,18.56999969482422,1080000.0,17.631200790405273
2011-12-19,18.8799991607666,18.3799991607666,18.600000381469727,18.43000030517578,982200.0,17.49828338623047
2011-12-20,19.399999618530273,18.739999771118164,18.799999237060547,19.3700008392334,1129400.0,18.390762329101562
2011-12-21,19.450000762939453,19.040000915527344,19.399999618530273,19.34000015258789,1269400.0,18.362281799316406
2011-12-22,19.780000686645508,19.329999923706055,19.329999923706055,19.6299991607666,1169100.0,18.637615203857422
2011-12-23,19.950000762939453,19.610000610351562,19.6200008392334,19.81999969482422,673000.0,18.818008422851562
2011-12-27,20.049999237060547,19.729999542236328,19.81999969482422,19.940000534057617,611700.0,18.93194580078125
2011-12-28,20.010000228881836,19.459999084472656,20.010000228881836,19.549999237060547,1050300.0,18.561664581298828
2011-12-29,20.020000457763672,19.5,19.59000015258789,19.850000381469727,673700.0,18.84649085998535
2011-12-30,20.149999618530273,19.770000457763672,19.84000015258789,20.0,594800.0,18.988903045654297
2012-01-03,20.780000686645508,20.350000381469727,20.3700008392334,20.600000381469727,1437300.0,19.558578491210938
2012-01-04,20.700000762939453,20.299999237060547,20.559999465942383,20.3700008392334,701000.0,19.34019660949707
2012-01-05,20.6299991607666,20.260000228881836,20.270000457763672,20.530000686645508,645800.0,19.49211311340332
2012-01-06,21.149999618530273,20.520000457763672,20.520000457763672,21.1200008392334,1239000.0,20.052288055419922
2012-01-09,21.360000610351562,20.8700008392334,21.1299991607666,21.239999771118164,1185900.0,20.166221618652344
2012-01-10,21.8799991607666,21.549999237060547,21.56999969482422,21.760000228881836,1192300.0,20.659934997558594
2012-01-11,22.049999237060547,21.610000610351562,21.709999084472656,22.030000686645508,1114200.0,20.916288375854492
2012-01-12,22.420000076293945,21.81999969482422,22.06999969482422,22.3700008392334,1592000.0,21.23909568786621
2012-01-13,22.360000610351562,22.059999465942383,22.18000030517578,22.31999969482422,1220900.0,21.191625595092773
2012-01-17,22.889999389648438,22.420000076293945,22.520000457763672,22.700000762939453,1483900.0,21.552410125732422
2012-01-18,23.18000030517578,22.559999465942383,22.6299991607666,23.15999984741211,1561800.0,22.057174682617188
2012-01-19,23.709999084472656,23.149999618530273,23.219999313354492,23.389999389648438,1939200.0,22.27621841430664
2012-01-20,23.530000686645508,23.100000381469727,23.389999389648438,23.34000015258789,774600.0,22.228605270385742
2012-01-23,23.700000762939453,23.170000076293945,23.329999923706055,23.219999313354492,997000.0,22.114316940307617
2012-01-24,23.940000534057617,23.010000228881836,23.010000228881836,23.84000015258789,1258000.0,22.704797744750977
2012-01-25,24.31999969482422,23.920000076293945,23.93000030517578,24.1200008392334,1123900.0,22.971460342407227
2012-01-26,24.360000610351562,23.739999771118164,24.360000610351562,23.809999465942383,1036900.0,22.676225662231445
2012-01-27,24.100000381469727,23.65999984741211,23.790000915527344,23.989999771118164,741300.0,22.847646713256836
2012-01-30,23.940000534057617,23.600000381469727,23.719999313354492,23.81999969482422,617100.0,22.685745239257812
2012-01-31,24.200000762939453,23.770000457763672,23.920000076293945,23.979999542236328,829300.0,22.8381290435791
2012-02-01,25.079999923706055,24.219999313354492,24.219999313354492,24.959999084472656,3068100.0,23.771461486816406
2012-02-02,25.260000228881836,24.459999084472656,24.950000762939453,24.690000534057617,2324600.0,23.51432228088379
2012-02-03,27.40999984741211,26.139999389648438,26.389999389648438,26.229999542236328,3026400.0,24.98099136352539
2012-02-06,26.299999237060547,25.829999923706055,26.06999969482422,26.0,1268000.0,24.761938095092773
2012-02-07,26.40999984741211,25.8799991607666,25.979999542236328,26.18000030517578,1425500.0,24.933368682861328
2012-02-08,26.31999969482422,26.0,26.139999389648438,26.290000915527344,1162700.0,25.038131713867188
2012-02-09,26.520000457763672,26.030000686645508,26.299999237060547,26.489999771118164,1083900.0,25.228609085083008
2012-02-10,26.190000534057617,25.75,26.190000534057617,25.889999389648438,1390700.0,24.65717887878418
2012-02-13,26.229999542236328,25.959999084472656,26.149999618530273,26.06999969482422,633300.0,24.8286075592041
2012-02-14,26.170000076293945,25.809999465942383,26.0,26.079999923706055,1079600.0,24.83812713623047
2012-02-15,26.780000686645508,26.040000915527344,26.219999313354492,26.399999618530273,1522500.0,25.14288902282715
2012-02-16,26.889999389648438,26.260000228881836,26.40999984741211,26.860000610351562,1031900.0,25.580989837646484
2012-02-17,27.1299991607666,26.649999618530273,26.959999084472656,26.959999084472656,1420700.0,25.676227569580078
2012-02-21,27.100000381469727,26.540000915527344,27.0,26.59000015258789,856700.0,25.32384490966797
2012-02-22,26.989999771118164,26.510000228881836,26.520000457763672,26.860000610351562,966800.0,25.580989837646484
2012-02-23,26.8700008392334,26.479999542236328,26.790000915527344,26.649999618530273,819500.0,25.3809871673584
2012-02-24,27.34000015258789,26.700000762939453,26.770000457763672,27.239999771118164,1465800.0,25.94289207458496
2012-02-27,27.270000457763672,26.770000457763672,27.030000686645508,27.139999389648438,857000.0,25.847652435302734
2012-02-28,27.299999237060547,26.8700008392334,27.15999984741211,27.229999542236328,951400.0,25.933368682861328
2012-02-29,27.389999389648438,26.93000030517578,27.209999084472656,27.0,970500.0,25.71432876586914
2012-03-01,27.270000457763672,26.899999618530273,27.09000015258789,26.989999771118164,1279400.0,25.704797744750977
2012-03-02,27.239999771118164,26.739999771118164,26.969999313354492,26.739999771118164,1068500.0,25.466703414916992
2012-03-05,26.93000030517578,26.360000610351562,26.760000228881836,26.56999969482422,888100.0,25.30479621887207
2012-03-06,26.40999984741211,25.729999542236328,26.170000076293945,25.860000610351562,2334600.0,24.62860870361328
2012-03-07,26.440000534057617,25.850000381469727,25.889999389648438,26.209999084472656,1259100.0,24.961946487426758
2012-03-08,26.639999389648438,25.959999084472656,26.389999389648438,26.610000610351562,1012600.0,25.3429012298584
2012-03-09,26.850000381469727,26.520000457763672,26.6200008392334,26.760000228881836,1103100.0,25.485748291015625
2012-03-12,26.8700008392334,26.350000381469727,26.75,26.450000762939453,517700.0,25.19051742553711
2012-03-13,27.25,26.670000076293945,26.84000015258789,27.209999084472656,894800.0,25.914323806762695
2012-03-14,27.309999465942383,26.93000030517578,27.15999984741211,27.020000457763672,811800.0,25.733366012573242
2012-03-15,27.709999084472656,26.8799991607666,27.030000686645508,27.309999465942383,929000.0,26.00956153869629
2012-03-16,27.600000381469727,27.200000762939453,27.309999465942383,27.299999237060547,894100.0,26.000036239624023
2012-03-19,27.530000686645508,27.079999923706055,27.200000762939453,27.34000015258789,416700.0,26.038137435913086
2012-03-20,27.309999465942383,27.1200008392334,27.15999984741211,27.219999313354492,549900.0,25.923845291137695
2012-03-21,27.290000915527344,26.940000534057617,27.209999084472656,27.15999984741211,339600.0,25.86669921875
2012-03-22,27.280000686645508,26.639999389648438,27.280000686645508,27.049999237060547,639000.0,25.761934280395508
2012-03-23,27.360000610351562,26.950000762939453,27.06999969482422,27.329999923706055,591800.0,26.028610229492188
2012-03-26,27.850000381469727,27.459999084472656,27.549999237060547,27.84000015258789,1120800.0,26.51432228088379
2012-03-27,28.0,27.760000228881836,27.950000762939453,27.850000381469727,837600.0,26.523853302001953
2012-03-28,27.959999084472656,27.360000610351562,27.850000381469727,27.579999923706055,984100.0,26.26670265197754
2012-03-29,27.690000534057617,27.200000762939453,27.329999923706055,27.670000076293945,781800.0,26.352420806884766
2012-03-30,27.809999465942383,27.489999771118164,27.809999465942383,27.65999984741211,747700.0,26.3428897857666
2012-04-02,28.15999984741211,27.579999923706055,27.579999923706055,27.969999313354492,1472100.0,26.638134002685547
2012-04-03,28.229999542236328,27.600000381469727,28.170000076293945,27.700000762939453,1651900.0,26.380990982055664
2012-04-04,27.6299991607666,27.280000686645508,27.43000030517578,27.360000610351562,1949100.0,26.057180404663086
2012-04-05,27.450000762939453,27.18000030517578,27.290000915527344,27.350000381469727,568400.0,26.047658920288086
2012-04-09,26.989999771118164,26.610000610351562,26.920000076293945,26.75,865500.0,25.476228713989258
2012-04-10,26.729999542236328,25.969999313354492,26.690000534057617,25.989999771118164,1960100.0,24.752416610717773
2012-04-11,26.510000228881836,26.100000381469727,26.139999389648438,26.43000030517578,852100.0,25.171463012695312
2012-04-12,26.979999542236328,26.329999923706055,26.43000030517578,26.899999618530273,508900.0,25.61908531188965
2012-04-13,26.90999984741211,26.260000228881836,26.899999618530273,26.260000228881836,488500.0,25.00955581665039
2012-04-16,26.489999771118164,25.829999923706055,26.3700008392334,26.149999618530273,922500.0,24.904800415039062
2012-04-17,26.969999313354492,26.309999465942383,26.420000076293945,26.790000915527344,802200.0,25.514326095581055
2012-04-18,26.700000762939453,26.43000030517578,26.670000076293945,26.559999465942383,640000.0,25.361539840698242
2012-04-19,26.8799991607666,26.170000076293945,26.6200008392334,26.389999389648438,812400.0,25.199207305908203
2012-04-20,26.889999389648438,26.479999542236328,26.479999542236328,26.510000228881836,775900.0,25.313800811767578
2012-04-23,26.309999465942383,25.959999084472656,26.190000534057617,26.260000228881836,784000.0,25.07508087158203
2012-04-24,26.209999084472656,25.559999465942383,25.850000381469727,25.8799991607666,1839700.0,24.71222686767578
2012-04-25,26.899999618530273,26.219999313354492,26.219999313354492,26.739999771118164,1320500.0,25.533418655395508
2012-04-26,26.969999313354492,26.579999923706055,26.75,26.84000015258789,1015700.0,25.628904342651367
2012-04-27,28.06999969482422,26.729999542236328,27.0,27.549999237060547,2032600.0,26.306869506835938
2012-04-30,27.799999237060547,27.34000015258789,27.540000915527344,27.600000381469727,978600.0,26.3546142578125
2012-05-01,28.239999771118164,27.329999923706055,27.709999084472656,27.93000030517578,1192700.0,26.66972541809082
2012-05-02,28.079999923706055,27.469999313354492,27.700000762939453,28.079999923706055,912600.0,26.812957763671875
2012-05-03,28.190000534057617,27.809999465942383,28.059999465942383,27.969999313354492,1414000.0,26.70791244506836
2012-05-04,27.81999969482422,27.260000228881836,27.739999771118164,27.360000610351562,981400.0,26.125444412231445
2012-05-07,27.700000762939453,27.170000076293945,27.219999313354492,27.530000686645508,582800.0,26.287778854370117
2012-05-08,27.459999084472656,26.739999771118164,27.309999465942383,27.3700008392334,786300.0,26.13498878479004
2012-05-09,27.280000686645508,26.770000457763672,27.010000228881836,27.010000228881836,1218600.0,25.79123878479004
2012-05-10,27.329999923706055,26.969999313354492,27.280000686645508,27.110000610351562,1055900.0,25.88672637939453
2012-05-11,27.440000534057617,26.889999389648438,26.889999389648438,27.100000381469727,633800.0,25.87717628479004
2012-05-14,26.889999389648438,26.540000915527344,26.860000610351562,26.709999084472656,732200.0,25.504776000976562
2012-05-15,26.969999313354492,26.3700008392334,26.739999771118164,26.440000534057617,931400.0,25.2469539642334
2012-05-16,26.649999618530273,26.09000015258789,26.469999313354492,26.100000381469727,1085600.0,24.922298431396484
2012-05-17,26.43000030517578,25.860000610351562,26.170000076293945,25.940000534057617,1000000.0,24.769521713256836
2012-05-18,26.1299991607666,25.510000228881836,25.959999084472656,25.56999969482422,992800.0,24.416210174560547
2012-05-21,26.280000686645508,25.6200008392334,25.760000228881836,26.209999084472656,792500.0,25.027339935302734
2012-05-22,26.6299991607666,26.010000228881836,26.260000228881836,26.209999084472656,699600.0,25.027339935302734
2012-05-23,26.299999237060547,25.690000534057617,25.979999542236328,26.229999542236328,517000.0,25.046436309814453
2012-05-24,26.649999618530273,26.139999389648438,26.309999465942383,26.520000457763672,561900.0,25.323345184326172
2012-05-25,26.690000534057617,26.31999969482422,26.520000457763672,26.399999618530273,356100.0,25.208757400512695
2012-05-29,27.010000228881836,26.56999969482422,26.670000076293945,27.0,968700.0,25.78169059753418
2012-05-30,26.790000915527344,26.549999237060547,26.56999969482422,26.649999618530273,1234700.0,25.44747543334961
2012-05-31,26.739999771118164,26.049999237060547,26.56999969482422,26.600000381469727,1176900.0,25.39973258972168
2012-06-01,26.100000381469727,25.75,26.100000381469727,25.799999237060547,2110700.0,24.635835647583008
2012-06-04,25.950000762939453,25.100000381469727,25.780000686645508,25.360000610351562,1288000.0,24.215688705444336
2012-06-05,25.59000015258789,25.15999984741211,25.190000534057617,25.520000457763672,883600.0,24.368467330932617
2012-06-06,26.100000381469727,25.56999969482422,25.790000915527344,26.079999923706055,530800.0,24.903200149536133
2012-06-07,26.6200008392334,26.010000228881836,26.440000534057617,26.079999923706055,660500.0,24.903200149536133
2012-06-08,26.110000610351562,25.729999542236328,25.940000534057617,26.020000457763672,801100.0,24.84590721130371
2012-06-11,26.34000015258789,25.540000915527344,26.280000686645508,25.549999237060547,517900.0,24.39710807800293
2012-06-12,25.860000610351562,25.3799991607666,25.65999984741211,25.850000381469727,500900.0,24.683576583862305
2012-06-13,26.030000686645508,25.489999771118164,25.700000762939453,25.6299991607666,673800.0,24.4735050201416
2012-06-14,25.760000228881836,25.15999984741211,25.649999618530273,25.43000030517578,1337400.0,24.28253173828125
2012-06-15,25.610000610351562,25.360000610351562,25.530000686645508,25.559999465942383,1052300.0,24.40666389465332
2012-06-18,25.719999313354492,25.34000015258789,25.530000686645508,25.65999984741211,900600.0,24.50214958190918
2012-06-19,26.670000076293945,26.149999618530273,26.170000076293945,26.40999984741211,1905700.0,25.21831512451172
2012-06-20,26.610000610351562,26.18000030517578,26.459999084472656,26.3700008392334,796100.0,25.180112838745117
2012-06-21,26.6299991607666,25.600000381469727,26.40999984741211,25.6200008392334,550700.0,24.463960647583008
2012-06-22,25.90999984741211,25.600000381469727,25.780000686645508,25.649999618530273,960700.0,24.492603302001953
2012-06-25,25.309999465942383,24.719999313354492,25.170000076293945,24.81999969482422,852700.0,23.70005226135254
2012-06-26,25.040000915527344,24.729999542236328,24.90999984741211,24.829999923706055,1413700.0,23.709604263305664
2012-06-27,25.239999771118164,24.729999542236328,24.729999542236328,25.190000534057617,497300.0,24.05335807800293
2012-06-28,25.100000381469727,24.719999313354492,25.010000228881836,25.06999969482422,463100.0,23.938777923583984
2012-06-29,25.84000015258789,25.450000762939453,25.56999969482422,25.799999237060547,598000.0,24.635835647583008
2012-07-02,26.020000457763672,25.450000762939453,26.020000457763672,25.8799991607666,977100.0,24.71222686767578
2012-07-03,26.440000534057617,25.809999465942383,25.809999465942383,26.280000686645508,547800.0,25.09417724609375
2012-07-05,26.329999923706055,25.90999984741211,26.170000076293945,26.1200008392334,668500.0,24.94139289855957
2012-07-06,25.850000381469727,25.25,25.84000015258789,25.3799991607666,533300.0,24.234783172607422
2012-07-09,25.420000076293945,24.8799991607666,25.280000686645508,24.899999618530273,958800.0,23.776445388793945
2012-07-10,25.040000915527344,24.31999969482422,24.969999313354492,24.440000534057617,950400.0,23.337202072143555
2012-07-11,24.479999542236328,24.059999465942383,24.479999542236328,24.25,1015400.0,23.155773162841797
2012-07-12,24.270000457763672,23.850000381469727,24.059999465942383,24.190000534057617,630600.0,23.098482131958008
2012-07-13,24.59000015258789,24.209999084472656,24.209999084472656,24.520000457763672,722900.0,23.413593292236328
2012-07-16,24.5,24.200000762939453,24.469999313354492,24.3799991607666,661900.0,23.2799072265625
2012-07-17,24.670000076293945,24.110000610351562,24.440000534057617,24.510000228881836,702400.0,23.404041290283203
2012-07-18,25.110000610351562,24.219999313354492,24.299999237060547,25.09000015258789,1037300.0,24.02649688720703
2012-07-19,25.299999237060547,24.780000686645508,25.15999984741211,25.260000228881836,672900.0,24.18927574157715
2012-07-20,25.15999984741211,24.719999313354492,25.09000015258789,24.850000381469727,572600.0,23.79666519165039
2012-07-23,24.6200008392334,23.920000076293945,24.6200008392334,24.399999618530273,872200.0,23.365737915039062
2012-07-24,24.3799991607666,23.729999542236328,24.3799991607666,23.8799991607666,935600.0,22.867780685424805
2012-07-25,24.649999618530273,24.049999237060547,24.049999237060547,24.389999389648438,689100.0,23.356170654296875
2012-07-26,25.3799991607666,24.59000015258789,24.799999237060547,24.8799991607666,646900.0,23.82539176940918
2012-07-27,25.850000381469727,24.920000076293945,24.940000534057617,25.739999771118164,898900.0,24.648937225341797
2012-07-30,25.829999923706055,25.360000610351562,25.6299991607666,25.6200008392334,310500.0,24.534027099609375
2012-07-31,25.770000457763672,25.40999984741211,25.579999923706055,25.549999237060547,524100.0,24.46699333190918
2012-08-01,25.770000457763672,25.270000457763672,25.709999084472656,25.399999618530273,545100.0,24.32335662841797
2012-08-02,25.360000610351562,24.709999084472656,25.149999618530273,24.829999923706055,857800.0,23.777511596679688
2012-08-03,27.299999237060547,25.3700008392334,25.3700008392334,26.780000686645508,2012600.0,25.644855499267578
2012-08-06,27.6200008392334,26.790000915527344,26.790000915527344,27.34000015258789,1195500.0,26.181116104125977
2012-08-07,28.18000030517578,27.360000610351562,27.40999984741211,28.020000457763672,1269200.0,26.832298278808594
2012-08-08,28.110000610351562,27.780000686645508,27.8799991607666,28.0,1575800.0,26.813148498535156
2012-08-09,28.030000686645508,27.649999618530273,28.0,27.959999084472656,656900.0,26.77483367919922
2012-08-10,27.860000610351562,27.59000015258789,27.829999923706055,27.81999969482422,527800.0,26.640775680541992
2012-08-13,27.829999923706055,27.719999313354492,27.75,27.809999465942383,748200.0,26.631195068359375
2012-08-14,28.010000228881836,27.450000762939453,28.0,27.510000228881836,452100.0,26.343908309936523
2012-08-15,27.59000015258789,27.40999984741211,27.469999313354492,27.559999465942383,575100.0,26.39179801940918
2012-08-16,27.520000457763672,27.1200008392334,27.479999542236328,27.299999237060547,894400.0,26.142812728881836
2012-08-17,27.3700008392334,27.09000015258789,27.299999237060547,27.3700008392334,566400.0,26.209848403930664
2012-08-20,27.309999465942383,27.0,27.18000030517578,27.190000534057617,447700.0,26.037477493286133
2012-08-21,27.780000686645508,27.079999923706055,27.1299991607666,27.540000915527344,767800.0,26.372642517089844
2012-08-22,27.690000534057617,27.229999542236328,27.469999313354492,27.530000686645508,655500.0,26.36307144165039
2012-08-23,27.510000228881836,27.139999389648438,27.469999313354492,27.40999984741211,371100.0,26.248151779174805
2012-08-24,27.479999542236328,27.15999984741211,27.350000381469727,27.290000915527344,353200.0,26.133235931396484
2012-08-27,27.469999313354492,27.030000686645508,27.40999984741211,27.209999084472656,722900.0,26.05663299560547
2012-08-28,27.190000534057617,26.889999389648438,27.190000534057617,26.989999771118164,794000.0,25.845951080322266
2012-08-29,27.110000610351562,26.739999771118164,27.0,26.809999465942383,939300.0,25.673582077026367
2012-08-30,27.030000686645508,26.559999465942383,26.719999313354492,26.950000762939453,518100.0,25.807647705078125
2012-08-31,27.3700008392334,26.84000015258789,27.09000015258789,27.299999237060547,706600.0,26.142812728881836
2012-09-04,27.68000030517578,26.979999542236328,27.280000686645508,27.559999465942383,762700.0,26.39179801940918
2012-09-05,27.719999313354492,27.440000534057617,27.709999084472656,27.579999923706055,535400.0,26.41094398498535
2012-09-06,28.43000030517578,27.790000915527344,27.850000381469727,28.290000915527344,900400.0,27.09084701538086
2012-09-07,28.690000534057617,28.350000381469727,28.600000381469727,28.549999237060547,457100.0,27.339834213256836
2012-09-10,28.549999237060547,28.3700008392334,28.450000762939453,28.450000762939453,383000.0,27.244068145751953
2012-09-11,28.90999984741211,28.31999969482422,28.43000030517578,28.780000686645508,620500.0,27.560083389282227
2012-09-12,28.969999313354492,28.65999984741211,28.860000610351562,28.729999542236328,364200.0,27.51219940185547
2012-09-13,29.719999313354492,28.34000015258789,28.709999084472656,29.399999618530273,1288000.0,28.15380096435547
2012-09-14,30.920000076293945,29.5,29.5,30.360000610351562,1750300.0,29.073108673095703
2012-09-17,30.299999237060547,29.809999465942383,30.219999313354492,30.09000015258789,1091500.0,28.814550399780273
2012-09-18,30.239999771118164,29.8700008392334,30.06999969482422,30.18000030517578,455300.0,28.900741577148438
2012-09-19,30.25,30.020000457763672,30.170000076293945,30.079999923706055,345200.0,28.80497169494629
2012-09-20,30.18000030517578,29.780000686645508,30.0,30.149999618530273,601400.0,28.87200927734375
2012-09-21,30.450000762939453,30.0,30.389999389648438,30.049999237060547,971100.0,28.776247024536133
2012-09-24,29.920000076293945,29.540000915527344,29.8700008392334,29.81999969482422,628300.0,28.555999755859375
2012-09-25,30.030000686645508,29.59000015258789,30.010000228881836,29.610000610351562,577300.0,28.354902267456055
2012-09-26,29.649999618530273,29.239999771118164,29.59000015258789,29.360000610351562,412600.0,28.115495681762695
2012-09-27,29.649999618530273,29.3799991607666,29.520000457763672,29.549999237060547,711100.0,28.297441482543945
2012-09-28,29.68000030517578,29.200000762939453,29.489999771118164,29.469999313354492,656400.0,28.22083282470703
2012-10-01,29.770000457763672,29.299999237060547,29.6200008392334,29.40999984741211,1086800.0,28.163375854492188
2012-10-02,29.549999237060547,29.270000457763672,29.450000762939453,29.479999542236328,514800.0,28.230405807495117
2012-10-03,30.020000457763672,29.65999984741211,30.020000457763672,29.799999237060547,566300.0,28.53684425354004
2012-10-04,30.329999923706055,29.68000030517578,29.889999389648438,30.200000762939453,1019200.0,28.919893264770508
2012-10-05,30.8700008392334,30.239999771118164,30.329999923706055,30.399999618530273,448100.0,29.111406326293945
2012-10-08,30.40999984741211,30.139999389648438,30.229999542236328,30.299999237060547,294400.0,29.015647888183594
2012-10-09,30.350000381469727,29.65999984741211,30.299999237060547,29.709999084472656,585900.0,28.45066261291504
2012-10-10,29.65999984741211,29.149999618530273,29.6299991607666,29.389999389648438,512900.0,28.14422607421875
2012-10-11,29.780000686645508,29.5,29.65999984741211,29.530000686645508,365900.0,28.278289794921875
2012-10-12,29.780000686645508,29.56999969482422,29.56999969482422,29.690000534057617,494600.0,28.431507110595703
2012-10-15,29.8799991607666,29.520000457763672,29.790000915527344,29.829999923706055,433300.0,28.565570831298828
2012-10-16,30.479999542236328,29.959999084472656,30.0,30.309999465942383,426400.0,29.025222778320312
2012-10-17,30.610000610351562,30.239999771118164,30.309999465942383,30.479999542236328,469500.0,29.255586624145508
2012-10-18,30.479999542236328,29.31999969482422,30.479999542236328,29.43000030517578,1377400.0,28.247760772705078
2012-10-19,29.399999618530273,28.399999618530273,29.399999618530273,28.56999969482422,1409700.0,27.42231559753418
2012-10-22,28.649999618530273,28.110000610351562,28.459999084472656,28.469999313354492,1063600.0,27.326332092285156
2012-10-23,28.149999618530273,27.760000228881836,28.1299991607666,27.84000015258789,1257700.0,26.721637725830078
2012-10-24,28.3799991607666,27.950000762939453,28.020000457763672,28.360000610351562,1237900.0,27.22075080871582
2012-10-25,28.75,28.3799991607666,28.559999465942383,28.5,1346300.0,27.35512351989746
2012-10-26,31.709999084472656,29.790000915527344,29.790000915527344,31.290000915527344,2746300.0,30.033042907714844
2012-10-31,31.440000534057617,30.690000534057617,31.040000915527344,30.93000030517578,1228300.0,29.687509536743164
2012-11-01,31.690000534057617,30.600000381469727,30.920000076293945,31.6299991607666,893300.0,30.359390258789062
2012-11-02,31.84000015258789,31.219999313354492,31.670000076293945,31.280000686645508,469600.0,30.023448944091797
2012-11-05,31.530000686645508,30.899999618530273,31.0,31.479999542236328,767800.0,30.215412139892578
2012-11-06,31.799999237060547,31.290000915527344,31.420000076293945,31.420000076293945,612400.0,30.15782356262207
2012-11-07,31.549999237060547,30.84000015258789,31.329999923706055,31.18000030517578,782800.0,29.927461624145508
2012-11-08,31.329999923706055,30.670000076293945,31.229999542236328,30.670000076293945,637300.0,29.437955856323242
2012-11-09,30.899999618530273,30.360000610351562,30.549999237060547,30.709999084472656,575500.0,29.476343154907227
2012-11-12,30.84000015258789,30.260000228881836,30.84000015258789,30.459999084472656,1104200.0,29.236392974853516
2012-11-13,30.860000610351562,30.100000381469727,30.34000015258789,30.520000457763672,718400.0,29.293975830078125
2012-11-14,30.65999984741211,30.020000457763672,30.559999465942383,30.139999389648438,876600.0,28.92924690246582
2012-11-15,30.260000228881836,29.760000228881836,30.100000381469727,30.059999465942383,760600.0,28.85245704650879
2012-11-16,30.31999969482422,29.790000915527344,30.100000381469727,30.190000534057617,641500.0,28.97723388671875
2012-11-19,30.68000030517578,30.309999465942383,30.530000686645508,30.579999923706055,529300.0,29.35157012939453
2012-11-20,31.040000915527344,30.389999389648438,30.510000228881836,30.899999618530273,670800.0,29.65871238708496
2012-11-21,31.030000686645508,30.68000030517578,30.889999389648438,30.899999618530273,440500.0,29.65871238708496
2012-11-23,31.5,30.799999237060547,31.0,31.479999542236328,186200.0,30.215412139892578
2012-11-26,31.59000015258789,30.8799991607666,31.360000610351562,31.190000534057617,584300.0,29.937061309814453
2012-11-27,31.600000381469727,30.860000610351562,31.309999465942383,30.959999084472656,642100.0,29.716299057006836
2012-11-28,31.299999237060547,30.6299991607666,30.950000762939453,31.18000030517578,793700.0,29.927461624145508
2012-11-29,31.59000015258789,31.100000381469727,31.34000015258789,31.420000076293945,760800.0,30.15782356262207
2012-11-30,31.719999313354492,31.219999313354492,31.479999542236328,31.649999618530273,655700.0,30.378583908081055
2012-12-03,31.920000076293945,31.149999618530273,31.799999237060547,31.40999984741211,606400.0,30.148221969604492
2012-12-04,31.5,31.040000915527344,31.3700008392334,31.260000228881836,646400.0,30.004253387451172
2012-12-05,31.469999313354492,31.020000457763672,31.280000686645508,31.100000381469727,552900.0,29.850679397583008
2012-12-06,31.149999618530273,30.610000610351562,31.030000686645508,30.889999389648438,1260600.0,29.64911460876465
2012-12-07,31.040000915527344,30.3799991607666,31.020000457763672,30.780000686645508,1065100.0,29.543535232543945
2012-12-10,31.31999969482422,30.700000762939453,30.84000015258789,31.18000030517578,1147600.0,29.927461624145508
2012-12-11,31.719999313354492,31.239999771118164,31.389999389648438,31.639999389648438,802900.0,30.368986129760742
2012-12-12,31.850000381469727,31.360000610351562,31.559999465942383,31.420000076293945,417700.0,30.15782356262207
2012-12-13,31.450000762939453,31.049999237060547,31.350000381469727,31.389999389648438,788100.0,30.129026412963867
2012-12-14,31.600000381469727,31.280000686645508,31.3700008392334,31.43000030517578,794200.0,30.16741943359375
2012-12-17,31.950000762939453,31.350000381469727,31.5,31.90999984741211,702900.0,30.628143310546875
2012-12-18,32.40999984741211,31.81999969482422,31.889999389648438,32.290000915527344,908500.0,30.992877960205078
2012-12-19,32.36000061035156,31.790000915527344,32.31999969482422,31.790000915527344,602600.0,30.51296043395996
2012-12-20,32.04999923706055,31.75,31.829999923706055,32.04999923706055,471600.0,30.762516021728516
2012-12-21,31.780000686645508,31.360000610351562,31.649999618530273,31.520000457763672,927600.0,30.25381088256836
2012-12-24,31.690000534057617,31.43000030517578,31.5,31.6299991607666,135200.0,30.359390258789062
2012-12-26,31.84000015258789,31.139999389648438,31.639999389648438,31.350000381469727,341800.0,30.090639114379883
2012-12-27,31.559999465942383,30.959999084472656,31.309999465942383,31.399999618530273,607700.0,30.138626098632812
2012-12-28,31.290000915527344,30.979999542236328,31.1200008392334,31.030000686645508,389100.0,29.783493041992188
2012-12-31,31.809999465942383,30.8700008392334,31.030000686645508,31.739999771118164,495000.0,30.4649715423584
2013-01-02,32.54999923706055,31.84000015258789,32.40999984741211,32.09000015258789,1176900.0,30.800905227661133
2013-01-03,32.18000030517578,31.8700008392334,32.0099983215332,32.0,560200.0,30.71452522277832
2013-01-04,33.540000915527344,32.20000076293945,32.20000076293945,33.16999816894531,2316100.0,31.83751106262207
2013-01-07,33.41999816894531,32.97999954223633,33.08000183105469,33.06999969482422,776900.0,31.741539001464844
2013-01-08,33.310001373291016,32.81999969482422,32.959999084472656,33.02000045776367,828700.0,31.69355010986328
2013-01-09,34.560001373291016,33.150001525878906,33.15999984741211,34.36000061035156,1624800.0,32.97971725463867
2013-01-10,34.91999816894531,34.380001068115234,34.56999969482422,34.70000076293945,1353900.0,33.306053161621094
2013-01-11,34.81999969482422,34.38999938964844,34.81999969482422,34.45000076293945,1471400.0,33.06611251831055
2013-01-14,34.63999938964844,34.150001525878906,34.33000183105469,34.209999084472656,1105700.0,32.83574676513672
2013-01-15,34.22999954223633,33.84000015258789,34.0,34.15999984741211,1608800.0,32.78776168823242
2013-01-16,34.099998474121094,33.810001373291016,34.0099983215332,34.0,840700.0,32.701194763183594
2013-01-17,34.79999923706055,34.290000915527344,34.45000076293945,34.5,2056600.0,33.18209457397461
2013-01-18,35.18000030517578,34.439998626708984,34.810001373291016,35.150001525878906,1183400.0,33.80726623535156
2013-01-22,35.47999954223633,34.81999969482422,35.0,35.45000076293945,826100.0,34.09580612182617
2013-01-23,35.59000015258789,35.279998779296875,35.38999938964844,35.290000915527344,622800.0,33.94191360473633
2013-01-24,35.63999938964844,35.029998779296875,35.29999923706055,35.2599983215332,652000.0,33.913055419921875
2013-01-25,35.66999816894531,35.20000076293945,35.310001373291016,35.65999984741211,469200.0,34.29778289794922
2013-01-28,35.84000015258789,35.27000045776367,35.7599983215332,35.380001068115234,434900.0,34.02848815917969
2013-01-29,35.52000045776367,35.0099983215332,35.33000183105469,35.27000045776367,934600.0,33.92268371582031
2013-01-30,35.5,34.77000045776367,35.31999969482422,34.970001220703125,955100.0,33.63414001464844
2013-01-31,35.400001525878906,34.7400016784668,34.97999954223633,35.2400016784668,1246100.0,33.893829345703125
2013-02-01,35.2400016784668,33.369998931884766,35.2400016784668,33.7400016784668,3192000.0,32.45112228393555
2013-02-04,33.689998626708984,33.209999084472656,33.540000915527344,33.5099983215332,1277500.0,32.229923248291016
2013-02-05,34.16999816894531,33.56999969482422,33.630001068115234,34.060001373291016,1235900.0,32.75890350341797
2013-02-06,34.52000045776367,33.91999816894531,33.91999816894531,34.47999954223633,1792100.0,33.1628532409668
2013-02-07,34.59000015258789,34.189998626708984,34.40999984741211,34.4900016784668,1238400.0,33.172481536865234
2013-02-08,34.900001525878906,34.4900016784668,34.4900016784668,34.75,1101700.0,33.422550201416016
2013-02-11,34.810001373291016,34.439998626708984,34.599998474121094,34.619998931884766,706000.0,33.297508239746094
2013-02-12,34.939998626708984,34.34000015258789,34.630001068115234,34.52000045776367,922100.0,33.201332092285156
2013-02-13,35.0099983215332,34.470001220703125,34.58000183105469,34.56999969482422,823100.0,33.24941635131836
2013-02-14,34.689998626708984,34.400001525878906,34.470001220703125,34.529998779296875,1004800.0,33.210941314697266
2013-02-15,34.720001220703125,34.02000045776367,34.630001068115234,34.130001068115234,1434100.0,32.82624435424805
2013-02-19,34.43000030517578,33.93000030517578,34.22999954223633,34.22999954223633,1890200.0,32.92240905761719
2013-02-20,34.130001068115234,33.31999969482422,34.060001373291016,33.349998474121094,1431300.0,32.076019287109375
2013-02-21,33.5,32.880001068115234,33.27000045776367,32.9900016784668,835000.0,31.729782104492188
2013-02-22,33.2599983215332,32.970001220703125,33.09000015258789,33.2400016784668,723500.0,31.97022247314453
2013-02-25,33.70000076293945,32.790000915527344,33.40999984741211,32.790000915527344,1044000.0,31.537416458129883
2013-02-26,33.970001220703125,32.900001525878906,33.25,33.83000183105469,1887500.0,32.537689208984375
2013-02-27,34.470001220703125,33.599998474121094,33.720001220703125,34.33000183105469,1611400.0,33.018585205078125
2013-02-28,34.75,34.16999816894531,34.400001525878906,34.16999816894531,1092200.0,32.864688873291016
2013-03-01,34.65999984741211,33.849998474121094,34.029998779296875,34.65999984741211,1231500.0,33.33598709106445
2013-03-04,34.66999816894531,34.2400016784668,34.5,34.380001068115234,910400.0,33.06667709350586
2013-03-05,34.88999938964844,34.5,34.599998474121094,34.81999969482422,956400.0,33.4898681640625
2013-03-06,34.959999084472656,34.75,34.849998474121094,34.880001068115234,634800.0,33.54759216308594
2013-03-07,35.31999969482422,34.68000030517578,34.970001220703125,35.29999923706055,1194300.0,33.9515266418457
2013-03-08,35.560001373291016,35.119998931884766,35.43000030517578,35.560001373291016,721200.0,34.201602935791016
2013-03-11,35.86000061035156,35.43000030517578,35.54999923706055,35.86000061035156,647900.0,34.49014663696289
2013-03-12,35.86000061035156,35.369998931884766,35.779998779296875,35.459999084472656,881300.0,34.10541915893555
2013-03-13,35.4900016784668,35.220001220703125,35.470001220703125,35.38999938964844,516900.0,34.038089752197266
2013-03-14,35.540000915527344,35.189998626708984,35.439998626708984,35.2599983215332,1042100.0,33.913055419921875
2013-03-15,35.290000915527344,35.15999984741211,35.22999954223633,35.25,1054000.0,33.903438568115234
2013-03-18,35.09000015258789,34.81999969482422,34.869998931884766,34.90999984741211,658400.0,33.57643127441406
2013-03-19,35.08000183105469,34.709999084472656,35.0,35.0,1269500.0,33.66299057006836
2013-03-20,35.2599983215332,34.880001068115234,35.20000076293945,35.02000045776367,647100.0,33.682228088378906
2013-03-21,34.95000076293945,34.22999954223633,34.84000015258789,34.31999969482422,878000.0,33.008968353271484
2013-03-22,34.459999084472656,33.849998474121094,34.33000183105469,34.02000045776367,845700.0,32.72043228149414
2013-03-25,34.220001220703125,32.7599983215332,34.220001220703125,33.369998931884766,1780100.0,32.095252990722656
2013-03-26,33.7400016784668,33.439998626708984,33.54999923706055,33.61000061035156,963300.0,32.32609558105469
2013-03-27,33.40999984741211,33.130001068115234,33.38999938964844,33.20000076293945,640700.0,31.931758880615234
2013-03-28,33.66999816894531,33.04999923706055,33.13999938964844,33.63999938964844,658000.0,32.35495376586914
2013-04-01,33.7400016784668,33.040000915527344,33.59000015258789,33.439998626708984,768200.0,32.1625862121582
2013-04-02,33.849998474121094,33.41999816894531,33.599998474121094,33.849998474121094,1234700.0,32.55692672729492
2013-04-03,33.900001525878906,33.45000076293945,33.79999923706055,33.61000061035156,801100.0,32.32609558105469
2013-04-04,33.91999816894531,33.54999923706055,33.58000183105469,33.70000076293945,617000.0,32.41265869140625
2013-04-05,33.45000076293945,33.09000015258789,33.29999923706055,33.36000061035156,695600.0,32.08563995361328
2013-04-08,33.61000061035156,33.209999084472656,33.34000015258789,33.599998474121094,454200.0,32.316471099853516
2013-04-09,34.779998779296875,34.119998931884766,34.400001525878906,34.220001220703125,805800.0,32.91279602050781
2013-04-10,34.79999923706055,34.15999984741211,34.27000045776367,34.709999084472656,679200.0,33.384071350097656
2013-04-11,35.08000183105469,34.650001525878906,34.720001220703125,34.95000076293945,821700.0,33.614898681640625
2013-04-12,34.91999816894531,34.630001068115234,34.79999923706055,34.90999984741211,472600.0,33.57643127441406
2013-04-15,35.290000915527344,33.93000030517578,35.0,33.93000030517578,1455600.0,32.63386917114258
2013-04-16,34.63999938964844,34.16999816894531,34.16999816894531,34.619998931884766,960300.0,33.297508239746094
2013-04-17,34.279998779296875,33.91999816894531,34.279998779296875,34.09000015258789,1689700.0,32.85417938232422
2013-04-18,34.02000045776367,33.290000915527344,34.02000045776367,33.540000915527344,846600.0,32.324127197265625
2013-04-19,33.75,33.060001373291016,33.63999938964844,33.09000015258789,1262700.0,31.89043617248535
2013-04-22,33.400001525878906,32.9900016784668,33.209999084472656,33.2599983215332,608100.0,32.05427551269531
2013-04-23,34.13999938964844,33.5,33.5,33.86000061035156,1010600.0,32.63252258300781
2013-04-24,34.380001068115234,33.72999954223633,33.959999084472656,33.93000030517578,999800.0,32.69999313354492
2013-04-25,34.75,33.970001220703125,34.13999938964844,34.470001220703125,1011400.0,33.22041320800781
2013-04-26,31.110000610351562,29.5,29.6200008392334,30.350000381469727,9190400.0,29.249765396118164
2013-04-29,30.6200008392334,30.09000015258789,30.360000610351562,30.600000381469727,2862100.0,29.490707397460938
2013-04-30,30.709999084472656,30.309999465942383,30.309999465942383,30.649999618530273,1926900.0,29.538890838623047
2013-05-01,31.3799991607666,30.799999237060547,30.989999771118164,30.81999969482422,2592100.0,29.70272445678711
2013-05-02,31.1200008392334,30.540000915527344,31.079999923706055,30.549999237060547,1432800.0,29.442514419555664
2013-05-03,31.25,30.68000030517578,30.790000915527344,30.920000076293945,995900.0,29.79909896850586
2013-05-06,31.280000686645508,30.790000915527344,30.799999237060547,31.0,1475800.0,29.87620735168457
2013-05-07,31.709999084472656,30.8799991607666,30.969999313354492,31.709999084472656,1439200.0,30.56046485900879
2013-05-08,32.36000061035156,31.700000762939453,31.719999313354492,32.209999084472656,2312100.0,31.042341232299805
2013-05-09,32.5099983215332,32.130001068115234,32.18000030517578,32.279998779296875,968100.0,31.109800338745117
2013-05-10,32.7400016784668,32.27000045776367,32.29999923706055,32.689998626708984,705900.0,31.50493621826172
2013-05-13,32.689998626708984,32.20000076293945,32.56999969482422,32.41999816894531,647800.0,31.244720458984375
2013-05-14,32.540000915527344,32.310001373291016,32.369998931884766,32.400001525878906,895700.0,31.225461959838867
2013-05-15,32.720001220703125,32.400001525878906,32.47999954223633,32.68000030517578,948200.0,31.49530029296875
2013-05-16,32.7400016784668,31.81999969482422,32.56999969482422,31.979999542236328,1861500.0,30.820674896240234
2013-05-17,32.290000915527344,31.950000762939453,32.150001525878906,32.189998626708984,1227300.0,31.02306365966797
2013-05-20,32.66999816894531,32.13999938964844,32.16999816894531,32.22999954223633,918400.0,31.06161117553711
2013-05-21,32.619998931884766,32.209999084472656,32.25,32.540000915527344,1041100.0,31.36037826538086
2013-05-22,32.88999938964844,31.68000030517578,32.5099983215332,31.81999969482422,1310100.0,30.666479110717773
2013-05-23,31.860000610351562,31.34000015258789,31.440000534057617,31.760000228881836,1125800.0,30.608652114868164
2013-05-24,31.809999465942383,31.469999313354492,31.579999923706055,31.729999542236328,968800.0,30.579736709594727
2013-05-28,32.560001373291016,31.920000076293945,32.06999969482422,32.029998779296875,1471500.0,30.868864059448242
2013-05-29,31.940000534057617,31.479999542236328,31.8799991607666,31.75,1277700.0,30.59901237487793
2013-05-30,32.060001373291016,31.719999313354492,31.760000228881836,31.760000228881836,979800.0,30.608652114868164
2013-05-31,32.0,31.31999969482422,31.670000076293945,31.31999969482422,630500.0,30.184602737426758
2013-06-03,31.90999984741211,31.34000015258789,31.459999084472656,31.860000610351562,1504000.0,30.70502281188965
2013-06-04,32.279998779296875,31.729999542236328,31.780000686645508,32.029998779296875,2225500.0,30.868864059448242
2013-06-05,32.189998626708984,31.760000228881836,32.040000915527344,31.950000762939453,1826800.0,30.791765213012695
2013-06-06,32.310001373291016,31.739999771118164,31.850000381469727,32.310001373291016,1231400.0,31.138715744018555
2013-06-07,32.790000915527344,32.439998626708984,32.5,32.68000030517578,808800.0,31.49530029296875
2013-06-10,32.959999084472656,32.529998779296875,32.709999084472656,32.81999969482422,693400.0,31.630229949951172
2013-06-11,32.58000183105469,32.08000183105469,32.47999954223633,32.279998779296875,962800.0,31.109800338745117
2013-06-12,32.90999984741211,32.2599983215332,32.47999954223633,32.59000015258789,1758900.0,31.408559799194336
2013-06-13,33.52000045776367,32.20000076293945,32.599998474121094,33.41999816894531,1435100.0,32.208473205566406
2013-06-14,33.68000030517578,32.900001525878906,33.290000915527344,33.040000915527344,852300.0,31.84225082397461
2013-06-17,33.97999954223633,33.130001068115234,33.25,33.849998474121094,1056200.0,32.622886657714844
2013-06-18,34.5,33.849998474121094,33.86000061035156,34.40999984741211,1135700.0,33.16259002685547
2013-06-19,34.38999938964844,33.619998931884766,34.36000061035156,33.65999984741211,783700.0,32.43976974487305
2013-06-20,33.310001373291016,32.63999938964844,33.29999923706055,32.7599983215332,1313100.0,31.57239532470703
2013-06-21,33.529998779296875,32.86000061035156,32.90999984741211,33.4900016784668,1703800.0,32.27593231201172
2013-06-24,33.22999954223633,32.599998474121094,33.22999954223633,32.7400016784668,878600.0,31.553131103515625
2013-06-25,33.279998779296875,32.470001220703125,33.08000183105469,32.7400016784668,1154600.0,31.553131103515625
2013-06-26,33.22999954223633,32.68000030517578,33.060001373291016,32.7599983215332,1047700.0,31.57239532470703
2013-06-27,33.119998931884766,32.7400016784668,33.0099983215332,32.869998931884766,1880700.0,31.678403854370117
2013-06-28,32.88999938964844,32.470001220703125,32.79999923706055,32.5,3402400.0,31.321826934814453
2013-07-01,33.060001373291016,32.54999923706055,32.70000076293945,32.7400016784668,745100.0,31.553131103515625
2013-07-02,33.150001525878906,32.349998474121094,32.630001068115234,32.529998779296875,830900.0,31.350723266601562
2013-07-03,32.599998474121094,32.220001220703125,32.349998474121094,32.38999938964844,290200.0,31.215810775756836
2013-07-05,33.0099983215332,32.599998474121094,32.689998626708984,32.81999969482422,537700.0,31.630229949951172
2013-07-08,33.470001220703125,32.970001220703125,33.040000915527344,33.13999938964844,1055200.0,31.938627243041992
2013-07-09,33.709999084472656,33.290000915527344,33.310001373291016,33.66999816894531,498700.0,32.44940185546875
2013-07-10,33.869998931884766,33.56999969482422,33.56999969482422,33.83000183105469,378100.0,32.603614807128906
2013-07-11,34.2400016784668,33.779998779296875,34.20000076293945,33.9900016784668,526200.0,32.75782012939453
2013-07-12,34.06999969482422,33.720001220703125,33.97999954223633,33.810001373291016,691100.0,32.5843391418457
2013-07-15,34.04999923706055,33.619998931884766,33.75,33.959999084472656,938000.0,32.72889709472656
2013-07-16,34.09000015258789,33.2599983215332,34.0,33.380001068115234,1165400.0,32.16992950439453
2013-07-17,33.630001068115234,33.2599983215332,33.439998626708984,33.290000915527344,798700.0,32.15061569213867
2013-07-18,33.79999923706055,33.31999969482422,33.38999938964844,33.709999084472656,827100.0,32.556236267089844
2013-07-19,34.13999938964844,33.650001525878906,33.65999984741211,34.08000183105469,585600.0,32.91358184814453
2013-07-22,34.2599983215332,33.9900016784668,34.099998474121094,34.15999984741211,493300.0,32.99082565307617
2013-07-23,34.119998931884766,33.599998474121094,33.9900016784668,33.720001220703125,534100.0,32.56589126586914
2013-07-24,34.04999923706055,33.68000030517578,33.90999984741211,33.79999923706055,676700.0,32.64315414428711
2013-07-25,33.970001220703125,33.68000030517578,33.7400016784668,33.959999084472656,489600.0,32.79767608642578
2013-07-26,34.119998931884766,33.61000061035156,33.790000915527344,34.119998931884766,668500.0,32.95219802856445
2013-07-29,34.36000061035156,33.93000030517578,33.93000030517578,34.2599983215332,838600.0,33.0873908996582
2013-07-30,34.56999969482422,34.2400016784668,34.45000076293945,34.380001068115234,661600.0,33.20329666137695
2013-07-31,34.58000183105469,34.09000015258789,34.43000030517578,34.09000015258789,1093300.0,32.92322540283203
2013-08-01,35.099998474121094,34.04999923706055,34.34000015258789,35.06999969482422,1449700.0,33.86970138549805
2013-08-02,37.66999816894531,35.59000015258789,35.900001525878906,36.40999984741211,2789800.0,35.16383361816406
2013-08-05,36.4900016784668,35.91999816894531,36.2599983215332,36.36000061035156,1020300.0,35.115535736083984
2013-08-06,36.5,36.04999923706055,36.36000061035156,36.29999923706055,769400.0,35.057594299316406
2013-08-07,36.66999816894531,36.0,36.209999084472656,36.560001373291016,1061600.0,35.308685302734375
2013-08-08,37.0,36.43000030517578,36.650001525878906,36.59000015258789,1027100.0,35.33766555786133
2013-08-09,36.91999816894531,36.45000076293945,36.560001373291016,36.91999816894531,1133300.0,35.65635681152344
2013-08-12,37.689998626708984,36.59000015258789,36.84000015258789,37.5,1588400.0,36.21652603149414
2013-08-13,37.70000076293945,37.0,37.40999984741211,37.630001068115234,1305900.0,36.34206008911133
2013-08-14,37.65999984741211,37.36000061035156,37.52000045776367,37.400001525878906,970400.0,36.11995315551758
2013-08-15,37.279998779296875,36.720001220703125,37.08000183105469,36.7599983215332,1816500.0,35.50185012817383
2013-08-16,36.81999969482422,36.380001068115234,36.63999938964844,36.470001220703125,1366200.0,35.22177505493164
2013-08-19,36.75,36.43000030517578,36.470001220703125,36.5,806400.0,35.2507438659668
2013-08-20,36.59000015258789,36.15999984741211,36.59000015258789,36.25,1085100.0,35.00930404663086
2013-08-21,36.61000061035156,36.040000915527344,36.25,36.380001068115234,806300.0,35.13485336303711
2013-08-22,36.599998474121094,36.36000061035156,36.41999816894531,36.38999938964844,537000.0,35.144508361816406
2013-08-23,36.790000915527344,36.400001525878906,36.54999923706055,36.77000045776367,495600.0,35.51150131225586
2013-08-26,36.939998626708984,36.650001525878906,36.7599983215332,36.77000045776367,563700.0,35.51150131225586
2013-08-27,36.4900016784668,35.83000183105469,36.31999969482422,36.02000045776367,1022800.0,34.78717803955078
2013-08-28,36.060001373291016,35.79999923706055,36.060001373291016,36.0,641300.0,34.76785659790039
2013-08-29,36.119998931884766,35.709999084472656,35.869998931884766,36.040000915527344,680800.0,34.80647277832031
2013-08-30,36.06999969482422,35.849998474121094,36.060001373291016,35.970001220703125,687500.0,34.738887786865234
2013-09-03,36.689998626708984,35.970001220703125,36.41999816894531,36.349998474121094,575700.0,35.10588455200195
2013-09-04,36.70000076293945,36.20000076293945,36.29999923706055,36.63999938964844,663500.0,35.38594436645508
2013-09-05,37.150001525878906,36.63999938964844,36.689998626708984,36.900001525878906,513700.0,35.637046813964844
2013-09-06,37.099998474121094,36.47999954223633,36.95000076293945,36.97999954223633,500900.0,35.71430587768555
2013-09-09,37.470001220703125,37.0,37.040000915527344,37.41999816894531,562800.0,36.13924789428711
2013-09-10,37.91999816894531,37.540000915527344,37.61000061035156,37.70000076293945,716800.0,36.4096794128418
2013-09-11,37.97999954223633,37.72999954223633,37.75,37.95000076293945,850700.0,36.651119232177734
2013-09-12,37.939998626708984,37.470001220703125,37.849998474121094,37.5099983215332,995700.0,36.22617721557617
2013-09-13,37.75,37.40999984741211,37.459999084472656,37.689998626708984,990400.0,36.4000129699707
2013-09-16,38.27000045776367,37.869998931884766,38.060001373291016,37.939998626708984,457500.0,36.64145278930664
2013-09-17,38.66999816894531,38.31999969482422,38.619998931884766,38.540000915527344,888500.0,37.22092056274414
2013-09-18,38.779998779296875,38.13999938964844,38.61000061035156,38.630001068115234,831300.0,37.30784606933594
2013-09-19,39.04999923706055,38.4900016784668,38.849998474121094,38.58000183105469,797600.0,37.259559631347656
2013-09-20,38.9900016784668,38.2400016784668,38.63999938964844,38.2400016784668,1228700.0,36.93119812011719
2013-09-23,38.25,37.70000076293945,38.130001068115234,37.86000061035156,782300.0,36.56419372558594
2013-09-24,38.060001373291016,37.59000015258789,37.81999969482422,37.81999969482422,454200.0,36.525569915771484
2013-09-25,37.959999084472656,37.47999954223633,37.810001373291016,37.56999969482422,466600.0,36.284122467041016
2013-09-26,38.119998931884766,37.66999816894531,37.75,38.11000061035156,399000.0,36.80564498901367
2013-09-27,38.5099983215332,37.75,37.7599983215332,38.11000061035156,583600.0,36.80564498901367
2013-09-30,38.09000015258789,37.560001373291016,37.849998474121094,37.75,544900.0,36.457950592041016
2013-10-01,38.34000015258789,37.66999816894531,37.779998779296875,37.95000076293945,676700.0,36.651119232177734
2013-10-02,37.869998931884766,37.2400016784668,37.630001068115234,37.86000061035156,648000.0,36.56419372558594
2013-10-03,37.84000015258789,37.34000015258789,37.720001220703125,37.5,546800.0,36.21652603149414
2013-10-04,37.939998626708984,37.349998474121094,37.43000030517578,37.779998779296875,326400.0,36.486934661865234
2013-10-07,37.459999084472656,37.150001525878906,37.41999816894531,37.2400016784668,558400.0,35.965415954589844
2013-10-08,37.34000015258789,36.619998931884766,37.20000076293945,36.689998626708984,876800.0,35.43424606323242
2013-10-09,36.84000015258789,36.2599983215332,36.790000915527344,36.33000183105469,568100.0,35.08656311035156
2013-10-10,37.029998779296875,36.61000061035156,36.720001220703125,37.029998779296875,865000.0,35.76259994506836
2013-10-11,37.310001373291016,36.869998931884766,36.97999954223633,37.2599983215332,706200.0,35.984718322753906
2013-10-14,37.290000915527344,36.810001373291016,37.0099983215332,37.22999954223633,445900.0,35.95573806762695
2013-10-15,37.4900016784668,36.380001068115234,37.18000030517578,36.4900016784668,1350000.0,35.24108123779297
2013-10-16,36.9900016784668,36.5099983215332,36.619998931884766,36.650001525878906,1130900.0,35.463645935058594
2013-10-17,37.7599983215332,36.52000045776367,36.61000061035156,37.70000076293945,1039800.0,36.47965621948242
2013-10-18,38.06999969482422,37.5,37.939998626708984,37.77000045776367,505800.0,36.54738235473633
2013-10-21,37.88999938964844,37.56999969482422,37.7599983215332,37.66999816894531,332300.0,36.45060729980469
2013-10-22,37.93000030517578,37.439998626708984,37.93000030517578,37.709999084472656,685400.0,36.48933029174805
2013-10-23,37.970001220703125,37.41999816894531,37.599998474121094,37.939998626708984,429800.0,36.711875915527344
2013-10-24,38.2400016784668,37.93000030517578,38.0,38.209999084472656,396900.0,36.973148345947266
2013-10-25,38.65999984741211,38.02000045776367,38.209999084472656,38.59000015258789,619400.0,37.34083557128906
2013-10-28,38.59000015258789,38.13999938964844,38.54999923706055,38.380001068115234,522000.0,37.137638092041016
2013-10-29,38.709999084472656,38.380001068115234,38.380001068115234,38.709999084472656,652900.0,37.45695114135742
2013-10-30,38.68000030517578,37.81999969482422,38.61000061035156,38.2599983215332,1047300.0,37.021522521972656
2013-10-31,39.09000015258789,37.54999923706055,38.150001525878906,38.040000915527344,1349600.0,36.80864334106445
2013-11-01,38.439998626708984,37.75,38.06999969482422,37.959999084472656,578200.0,36.731239318847656
2013-11-04,38.119998931884766,37.869998931884766,38.08000183105469,37.959999084472656,418700.0,36.731239318847656
2013-11-05,37.84000015258789,37.279998779296875,37.7599983215332,37.290000915527344,762300.0,36.082916259765625
2013-11-06,37.529998779296875,36.79999923706055,37.290000915527344,36.849998474121094,754200.0,35.65717315673828
2013-11-07,37.0,36.38999938964844,37.0,36.40999984741211,905100.0,35.231414794921875
2013-11-08,37.20000076293945,36.279998779296875,36.349998474121094,37.099998474121094,976100.0,35.899078369140625
2013-11-11,37.43000030517578,36.939998626708984,37.119998931884766,37.0099983215332,773600.0,35.81197738647461
2013-11-12,37.16999816894531,36.779998779296875,36.9900016784668,37.09000015258789,394600.0,35.88939666748047
2013-11-13,37.2400016784668,36.72999954223633,36.939998626708984,37.15999984741211,444000.0,35.95713424682617
2013-11-14,37.560001373291016,37.0,37.189998626708984,37.529998779296875,467200.0,36.31515121459961
2013-11-15,38.33000183105469,37.709999084472656,37.7400016784668,38.29999923706055,1039800.0,37.06023025512695
2013-11-18,38.47999954223633,37.84000015258789,38.439998626708984,37.88999938964844,446300.0,36.66349792480469
2013-11-19,38.029998779296875,37.599998474121094,37.810001373291016,37.939998626708984,368800.0,36.711875915527344
2013-11-20,38.290000915527344,37.83000183105469,37.97999954223633,37.900001525878906,317700.0,36.673187255859375
2013-11-21,38.36000061035156,37.90999984741211,37.90999984741211,38.25,295400.0,37.011844635009766
2013-11-22,38.290000915527344,37.91999816894531,38.290000915527344,38.0,506700.0,36.76994323730469
2013-11-25,38.150001525878906,37.72999954223633,38.02000045776367,37.84000015258789,327500.0,36.61511993408203
2013-11-26,38.130001068115234,37.83000183105469,37.88999938964844,38.0,521800.0,36.76994323730469
2013-11-27,38.22999954223633,37.83000183105469,38.040000915527344,38.18000030517578,444700.0,36.944114685058594
2013-11-29,38.20000076293945,37.84000015258789,38.20000076293945,38.040000915527344,195600.0,36.80864334106445
2013-12-02,38.369998931884766,37.68000030517578,37.9900016784668,37.77000045776367,927800.0,36.54738235473633
2013-12-03,37.63999938964844,37.22999954223633,37.4900016784668,37.380001068115234,571800.0,36.17001724243164
2013-12-04,37.61000061035156,37.2400016784668,37.290000915527344,37.47999954223633,871100.0,36.26678466796875
2013-12-05,37.77000045776367,37.40999984741211,37.43000030517578,37.529998779296875,549700.0,36.31515121459961
2013-12-06,38.16999816894531,37.65999984741211,37.810001373291016,38.13999938964844,592900.0,36.90540313720703
2013-12-09,38.75,38.119998931884766,38.13999938964844,38.689998626708984,752400.0,37.43761444091797
2013-12-10,40.61000061035156,39.060001373291016,39.09000015258789,39.61000061035156,2081900.0,38.327823638916016
2013-12-11,39.79999923706055,38.66999816894531,39.619998931884766,38.869998931884766,1013800.0,37.61178207397461
2013-12-12,39.40999984741211,38.689998626708984,38.849998474121094,39.060001373291016,1001200.0,37.79563522338867
2013-12-13,39.18000030517578,38.79999923706055,39.08000183105469,38.970001220703125,750500.0,37.708553314208984
2013-12-16,39.369998931884766,38.970001220703125,39.189998626708984,39.25,509400.0,37.97947692871094
2013-12-17,39.459999084472656,39.02000045776367,39.22999954223633,39.06999969482422,614900.0,37.8053092956543
2013-12-18,40.220001220703125,39.040000915527344,39.060001373291016,40.209999084472656,748700.0,38.90840148925781
2013-12-19,40.54999923706055,39.88999938964844,40.130001068115234,40.45000076293945,707900.0,39.1406364440918
2013-12-20,40.900001525878906,40.43000030517578,40.63999938964844,40.63999938964844,972300.0,39.324485778808594
2013-12-23,41.13999938964844,40.43000030517578,40.91999816894531,41.04999923706055,1258400.0,39.721214294433594
2013-12-24,41.279998779296875,40.939998626708984,41.029998779296875,41.119998931884766,216100.0,39.788944244384766
2013-12-26,41.349998474121094,40.70000076293945,41.11000061035156,41.08000183105469,254000.0,39.7502326965332
2013-12-27,41.40999984741211,41.08000183105469,41.220001220703125,41.18000030517578,226300.0,39.84700012207031
2013-12-30,41.36000061035156,40.939998626708984,41.13999938964844,41.349998474121094,290000.0,40.011505126953125
2013-12-31,41.40999984741211,40.95000076293945,41.38999938964844,41.22999954223633,411000.0,39.895381927490234
2014-01-02,41.38999938964844,40.86000061035156,40.9900016784668,40.939998626708984,832600.0,39.61477279663086
2014-01-03,41.599998474121094,41.0,41.13999938964844,41.209999084472656,802300.0,39.87603759765625
2014-01-06,42.27000045776367,41.630001068115234,41.79999923706055,41.689998626708984,1242200.0,40.340492248535156
2014-01-07,42.25,41.58000183105469,41.72999954223633,42.11000061035156,702900.0,40.746891021728516
2014-01-08,42.83000183105469,42.0099983215332,42.18000030517578,42.70000076293945,1062100.0,41.31780242919922
2014-01-09,43.47999954223633,42.84000015258789,42.95000076293945,43.43000030517578,957600.0,42.02417755126953
2014-01-10,43.43000030517578,42.97999954223633,43.369998931884766,43.18000030517578,892200.0,41.78226089477539
2014-01-13,43.209999084472656,42.20000076293945,43.209999084472656,42.349998474121094,589200.0,40.979122161865234
2014-01-14,42.88999938964844,42.25,42.540000915527344,42.75,787300.0,41.366180419921875
2014-01-15,43.209999084472656,42.66999816894531,42.90999984741211,42.97999954223633,554700.0,41.65693664550781
2014-01-16,43.52000045776367,42.779998779296875,42.939998626708984,43.22999954223633,696600.0,41.89925003051758
2014-01-17,43.540000915527344,42.97999954223633,43.33000183105469,43.0099983215332,516900.0,41.6860237121582
2014-01-21,43.400001525878906,42.63999938964844,43.36000061035156,43.119998931884766,551900.0,41.792625427246094
2014-01-22,43.38999938964844,42.7599983215332,43.150001525878906,43.040000915527344,387900.0,41.71510314941406
2014-01-23,42.90999984741211,42.13999938964844,42.90999984741211,42.4900016784668,648100.0,41.182037353515625
2014-01-24,42.31999969482422,41.150001525878906,42.25,41.18000030517578,739100.0,39.912349700927734
2014-01-27,41.630001068115234,40.630001068115234,41.529998779296875,41.060001373291016,1363000.0,39.796051025390625
2014-01-28,42.7599983215332,41.349998474121094,41.47999954223633,42.709999084472656,1298800.0,41.3952522277832
2014-01-29,42.70000076293945,42.18000030517578,42.29999923706055,42.599998474121094,1348900.0,41.28864288330078
2014-01-30,44.22999954223633,42.939998626708984,43.09000015258789,44.040000915527344,2500500.0,42.6843147277832
2014-01-31,45.86000061035156,43.13999938964844,45.84000015258789,43.599998474121094,2378200.0,42.25785827636719
2014-02-03,44.029998779296875,42.72999954223633,43.849998474121094,43.029998779296875,2238500.0,41.70539855957031
2014-02-04,43.349998474121094,42.66999816894531,43.150001525878906,42.84000015258789,1226800.0,41.52125549316406
2014-02-05,42.849998474121094,41.88999938964844,42.779998779296875,42.66999816894531,1541600.0,41.35647964477539
2014-02-06,43.04999923706055,42.66999816894531,42.72999954223633,42.86000061035156,923500.0,41.5406494140625
2014-02-07,43.91999816894531,42.849998474121094,43.0,43.779998779296875,1694200.0,42.43231964111328
2014-02-10,43.95000076293945,43.36000061035156,43.79999923706055,43.540000915527344,704000.0,42.19969940185547
2014-02-11,44.040000915527344,43.54999923706055,43.599998474121094,43.9900016784668,882000.0,42.6358642578125
2014-02-12,44.41999816894531,43.95000076293945,44.189998626708984,44.16999816894531,1021300.0,42.8103141784668
2014-02-13,44.380001068115234,43.83000183105469,43.900001525878906,44.27000045776367,652000.0,42.907230377197266
2014-02-14,44.20000076293945,43.779998779296875,44.13999938964844,43.97999954223633,829400.0,42.62616729736328
2014-02-18,44.150001525878906,43.58000183105469,44.06999969482422,43.66999816894531,734100.0,42.325706481933594
2014-02-19,43.56999969482422,42.68000030517578,43.56999969482422,42.9900016784668,1443100.0,41.666656494140625
2014-02-20,44.060001373291016,42.9900016784668,43.16999816894531,44.04999923706055,1831000.0,42.69401168823242
2014-02-21,44.15999984741211,43.66999816894531,44.130001068115234,43.720001220703125,1917600.0,42.374176025390625
2014-02-24,44.31999969482422,43.810001373291016,43.86000061035156,44.150001525878906,1624800.0,42.79093551635742
2014-02-25,44.279998779296875,43.88999938964844,44.20000076293945,44.27000045776367,1309600.0,42.907230377197266
2014-02-26,44.880001068115234,44.20000076293945,44.29999923706055,44.630001068115234,1005200.0,43.25614929199219
2014-02-27,45.439998626708984,44.47999954223633,44.61000061035156,45.29999923706055,1296100.0,43.905521392822266
2014-02-28,45.5099983215332,45.06999969482422,45.459999084472656,45.31999969482422,851900.0,43.92491149902344
2014-03-03,45.15999984741211,44.45000076293945,44.83000183105469,44.779998779296875,774100.0,43.40153121948242
2014-03-04,45.47999954223633,45.150001525878906,45.25,45.400001525878906,1086700.0,44.00245666503906
2014-03-05,46.720001220703125,45.150001525878906,45.41999816894531,45.81999969482422,1925100.0,44.40951919555664
2014-03-06,46.22999954223633,45.70000076293945,45.9900016784668,46.09000015258789,1166800.0,44.67121124267578
2014-03-07,46.369998931884766,45.54999923706055,46.369998931884766,45.84000015258789,716600.0,44.428916931152344
2014-03-10,45.880001068115234,45.20000076293945,45.849998474121094,45.5,447500.0,44.099369049072266
2014-03-11,45.65999984741211,44.810001373291016,45.5099983215332,44.9900016784668,667500.0,43.60507583618164
2014-03-12,45.45000076293945,44.630001068115234,44.810001373291016,45.369998931884766,555200.0,43.9733772277832
2014-03-13,45.68000030517578,44.41999816894531,45.470001220703125,44.61000061035156,441100.0,43.23677062988281
2014-03-14,44.88999938964844,44.380001068115234,44.529998779296875,44.75,681000.0,43.372459411621094
2014-03-17,45.45000076293945,44.86000061035156,44.959999084472656,45.400001525878906,592200.0,44.00245666503906
2014-03-18,45.959999084472656,45.41999816894531,45.5,45.90999984741211,743100.0,44.49675750732422
2014-03-19,46.060001373291016,45.54999923706055,45.91999816894531,45.900001525878906,605800.0,44.48706817626953
2014-03-20,46.400001525878906,45.290000915527344,45.75,46.209999084472656,779200.0,44.787506103515625
2014-03-21,46.540000915527344,45.560001373291016,46.43000030517578,45.66999816894531,1156400.0,44.264137268066406
2014-03-24,45.849998474121094,44.5,45.72999954223633,45.06999969482422,1127700.0,43.6826057434082
2014-03-25,45.279998779296875,44.380001068115234,45.06999969482422,44.75,1252700.0,43.372459411621094
2014-03-26,45.31999969482422,44.650001525878906,44.91999816894531,44.650001525878906,830800.0,43.275535583496094
2014-03-27,44.869998931884766,44.11000061035156,44.630001068115234,44.33000183105469,698600.0,42.96538543701172
2014-03-28,44.90999984741211,44.400001525878906,44.40999984741211,44.529998779296875,572400.0,43.15922164916992
2014-03-31,45.380001068115234,44.59000015258789,44.70000076293945,45.060001373291016,877800.0,43.672908782958984
2014-04-01,45.47999954223633,44.9900016784668,45.15999984741211,45.45000076293945,800000.0,44.0509147644043
2014-04-02,46.15999984741211,45.52000045776367,45.619998931884766,46.150001525878906,632400.0,44.7293701171875
2014-04-03,46.33000183105469,45.689998626708984,46.290000915527344,46.20000076293945,1001000.0,44.777828216552734
2014-04-04,46.5,45.5,46.43000030517578,45.65999984741211,688500.0,44.25444793701172
2014-04-07,45.61000061035156,44.540000915527344,45.56999969482422,44.970001220703125,836000.0,43.5856819152832
2014-04-08,45.20000076293945,44.43000030517578,44.900001525878906,45.040000915527344,730300.0,43.65351867675781
2014-04-09,45.7400016784668,44.29999923706055,44.56999969482422,45.68000030517578,1112200.0,44.273834228515625
2014-04-10,45.7599983215332,44.2599983215332,45.689998626708984,44.40999984741211,922600.0,43.042930603027344
2014-04-11,44.58000183105469,43.79999923706055,44.119998931884766,43.79999923706055,715300.0,42.45170974731445
2014-04-14,44.20000076293945,43.52000045776367,44.08000183105469,44.119998931884766,1116800.0,42.7618522644043
2014-04-15,44.439998626708984,43.029998779296875,44.06999969482422,44.029998779296875,633100.0,42.742427825927734
2014-04-16,44.45000076293945,43.83000183105469,44.31999969482422,44.189998626708984,574000.0,42.897743225097656
2014-04-17,44.61000061035156,44.0,44.18000030517578,44.27000045776367,642500.0,42.97541427612305
2014-04-21,44.849998474121094,44.189998626708984,44.34000015258789,44.7599983215332,395000.0,43.45108413696289
2014-04-22,44.59000015258789,43.099998474121094,43.279998779296875,44.34000015258789,1761400.0,43.04336929321289
2014-04-23,45.15999984741211,43.88999938964844,44.75,44.540000915527344,1260200.0,43.23752975463867
2014-04-24,44.93000030517578,44.040000915527344,44.70000076293945,44.310001373291016,992400.0,43.01424789428711
2014-04-25,44.72999954223633,42.61000061035156,44.54999923706055,43.0099983215332,1647200.0,41.75226974487305
2014-04-28,43.22999954223633,41.83000183105469,43.119998931884766,42.13999938964844,1772000.0,40.907711029052734
2014-04-29,42.27000045776367,41.900001525878906,42.16999816894531,42.13999938964844,1554800.0,40.907711029052734
2014-04-30,42.209999084472656,41.47999954223633,42.13999938964844,41.970001220703125,1096600.0,40.74268341064453
2014-05-01,42.77000045776367,41.91999816894531,41.9900016784668,42.31999969482422,778200.0,41.08243942260742
2014-05-02,42.97999954223633,42.27000045776367,42.34000015258789,42.439998626708984,589200.0,41.19893264770508
2014-05-05,44.0,42.83000183105469,43.31999969482422,43.95000076293945,1264000.0,42.66477966308594
2014-05-06,43.810001373291016,43.16999816894531,43.720001220703125,43.209999084472656,848000.0,41.94641876220703
2014-05-07,43.47999954223633,42.58000183105469,43.25,43.29999923706055,716500.0,42.033782958984375
2014-05-08,43.88999938964844,43.060001373291016,43.31999969482422,43.220001220703125,477600.0,41.95613098144531
2014-05-09,43.70000076293945,42.84000015258789,43.27000045776367,43.619998931884766,500700.0,42.344417572021484
2014-05-12,44.54999923706055,43.7599983215332,43.81999969482422,44.34000015258789,507600.0,43.04336929321289
2014-05-13,44.599998474121094,44.06999969482422,44.31999969482422,44.470001220703125,843800.0,43.1695671081543
2014-05-14,44.61000061035156,43.630001068115234,44.439998626708984,43.779998779296875,1132000.0,42.49974822998047
2014-05-15,43.709999084472656,42.47999954223633,43.540000915527344,42.90999984741211,845900.0,41.65518569946289
2014-05-16,43.380001068115234,42.439998626708984,42.810001373291016,43.380001068115234,855700.0,42.1114501953125
2014-05-19,43.66999816894531,43.09000015258789,43.290000915527344,43.61000061035156,1167800.0,42.334720611572266
2014-05-20,43.65999984741211,43.22999954223633,43.630001068115234,43.400001525878906,942900.0,42.13086700439453
2014-05-21,43.91999816894531,43.4900016784668,43.5099983215332,43.56999969482422,1112300.0,42.29589080810547
2014-05-22,44.119998931884766,43.470001220703125,43.650001525878906,44.06999969482422,581200.0,42.78126525878906
2014-05-23,44.279998779296875,43.63999938964844,44.099998474121094,44.13999938964844,442500.0,42.849220275878906
2014-05-27,44.459999084472656,44.06999969482422,44.369998931884766,44.25,316800.0,42.95600509643555
2014-05-28,44.72999954223633,44.08000183105469,44.34000015258789,44.439998626708984,592000.0,43.14044952392578
2014-05-29,45.029998779296875,44.529998779296875,44.58000183105469,44.81999969482422,559500.0,43.509334564208984
2014-05-30,45.0,44.599998474121094,44.790000915527344,44.970001220703125,445300.0,43.65494155883789
2014-06-02,45.540000915527344,44.869998931884766,44.939998626708984,45.529998779296875,940800.0,44.198570251464844
2014-06-03,46.2599983215332,45.400001525878906,45.40999984741211,46.16999816894531,1027500.0,44.819854736328125
2014-06-04,46.56999969482422,46.119998931884766,46.40999984741211,46.25,709800.0,44.89752197265625
2014-06-05,46.810001373291016,46.02000045776367,46.130001068115234,46.75,736500.0,45.38289260864258
2014-06-06,47.529998779296875,46.880001068115234,47.0,47.52000045776367,823300.0,46.1303825378418
2014-06-09,47.63999938964844,46.959999084472656,47.2599983215332,47.0099983215332,940100.0,45.63528823852539
2014-06-10,47.040000915527344,46.7400016784668,47.0,46.880001068115234,802000.0,45.509090423583984
2014-06-11,46.75,46.060001373291016,46.63999938964844,46.65999984741211,1331800.0,45.2955436706543
2014-06-12,46.79999923706055,46.25,46.65999984741211,46.38999938964844,593800.0,45.033424377441406
2014-06-13,46.599998474121094,46.209999084472656,46.40999984741211,46.40999984741211,405700.0,45.05284118652344
2014-06-16,46.72999954223633,45.709999084472656,46.36000061035156,46.040000915527344,1568600.0,44.693660736083984
2014-06-17,46.599998474121094,45.75,45.95000076293945,46.34000015258789,1186600.0,44.984886169433594
2014-06-18,47.029998779296875,46.33000183105469,46.33000183105469,47.0,910800.0,45.62559127807617
2014-06-19,47.119998931884766,46.560001373291016,47.119998931884766,46.81999969482422,484300.0,45.45085525512695
2014-06-20,47.119998931884766,46.66999816894531,46.970001220703125,47.11000061035156,903700.0,45.73237609863281
2014-06-23,47.15999984741211,46.849998474121094,47.04999923706055,46.90999984741211,387500.0,45.53822326660156
2014-06-24,47.25,46.54999923706055,46.75,46.58000183105469,347100.0,45.21786880493164
2014-06-25,46.86000061035156,46.40999984741211,46.52000045776367,46.72999954223633,461400.0,45.36348342895508
2014-06-26,46.88999938964844,46.380001068115234,46.88999938964844,46.75,383100.0,45.38289260864258
2014-06-27,47.060001373291016,46.54999923706055,46.7400016784668,46.790000915527344,684400.0,45.421714782714844
2014-06-30,46.93000030517578,46.59000015258789,46.77000045776367,46.84000015258789,364000.0,45.47026443481445
2014-07-01,47.720001220703125,46.79999923706055,47.130001068115234,47.61000061035156,536100.0,46.21774673461914
2014-07-02,48.130001068115234,47.5,47.709999084472656,47.68000030517578,517400.0,46.285701751708984
2014-07-03,48.2599983215332,47.619998931884766,47.689998626708984,48.25,424300.0,46.83903884887695
2014-07-07,48.029998779296875,47.310001373291016,48.029998779296875,47.459999084472656,489300.0,46.07212829589844
2014-07-08,47.2599983215332,46.5,47.2400016784668,46.79999923706055,629100.0,45.431434631347656
2014-07-09,47.060001373291016,46.470001220703125,46.900001525878906,46.86000061035156,359400.0,45.489681243896484
2014-07-10,46.790000915527344,46.060001373291016,46.18000030517578,46.689998626708984,353100.0,45.32464599609375
2014-07-11,46.630001068115234,46.27000045776367,46.599998474121094,46.599998474121094,326600.0,45.23727798461914
2014-07-14,47.0,46.599998474121094,46.959999084472656,46.790000915527344,333100.0,45.421714782714844
2014-07-15,46.83000183105469,46.119998931884766,46.689998626708984,46.25,1004200.0,44.89752197265625
2014-07-16,46.439998626708984,45.869998931884766,46.369998931884766,46.099998474121094,568800.0,44.81974411010742
2014-07-17,46.68000030517578,45.88999938964844,46.15999984741211,46.02000045776367,650200.0,44.74196243286133
2014-07-18,46.75,46.13999938964844,46.13999938964844,46.689998626708984,647100.0,45.39335250854492
2014-07-21,47.380001068115234,46.290000915527344,46.400001525878906,47.08000183105469,736500.0,45.772525787353516
2014-07-22,47.849998474121094,47.31999969482422,47.41999816894531,47.650001525878906,770400.0,46.32669448852539
2014-07-23,47.9900016784668,47.2599983215332,47.86000061035156,47.650001525878906,744500.0,46.32669448852539
2014-07-24,47.900001525878906,47.540000915527344,47.689998626708984,47.720001220703125,367200.0,46.394752502441406
2014-07-25,47.90999984741211,47.119998931884766,47.380001068115234,47.81999969482422,428100.0,46.49197769165039
2014-07-28,47.880001068115234,47.220001220703125,47.7599983215332,47.380001068115234,628000.0,46.06419372558594
2014-07-29,47.52000045776367,47.08000183105469,47.38999938964844,47.150001525878906,658100.0,45.840579986572266
2014-07-30,47.540000915527344,46.81999969482422,47.20000076293945,47.13999938964844,843800.0,45.83085632324219
2014-07-31,47.11000061035156,45.83000183105469,46.97999954223633,46.220001220703125,1465100.0,44.9364128112793
2014-08-01,44.84000015258789,43.060001373291016,44.290000915527344,44.540000915527344,2733000.0,43.303070068359375
2014-08-04,44.90999984741211,44.2400016784668,44.5099983215332,44.810001373291016,682400.0,43.56555938720703
2014-08-05,45.060001373291016,44.41999816894531,44.459999084472656,44.7599983215332,764200.0,43.51694107055664
2014-08-06,45.08000183105469,44.369998931884766,44.400001525878906,44.779998779296875,470200.0,43.536399841308594
2014-08-07,45.220001220703125,44.540000915527344,44.869998931884766,44.65999984741211,637400.0,43.41973114013672
2014-08-08,45.0,44.439998626708984,44.709999084472656,44.95000076293945,334300.0,43.70166778564453
2014-08-11,45.189998626708984,44.619998931884766,45.02000045776367,44.650001525878906,295700.0,43.41001510620117
2014-08-12,44.970001220703125,44.529998779296875,44.720001220703125,44.869998931884766,340900.0,43.62389373779297
2014-08-13,45.31999969482422,44.880001068115234,45.040000915527344,45.27000045776367,247800.0,44.012786865234375
2014-08-14,45.68000030517578,45.209999084472656,45.290000915527344,45.61000061035156,339100.0,44.343345642089844
2014-08-15,45.84000015258789,44.91999816894531,45.84000015258789,45.33000183105469,361200.0,44.07113265991211
2014-08-18,45.880001068115234,45.33000183105469,45.54999923706055,45.86000061035156,345600.0,44.58639907836914
2014-08-19,46.0099983215332,45.459999084472656,45.880001068115234,45.599998474121094,495800.0,44.33362579345703
2014-08-20,45.5099983215332,45.060001373291016,45.40999984741211,45.150001525878906,696300.0,43.89612579345703
2014-08-21,45.41999816894531,44.939998626708984,45.279998779296875,45.119998931884766,664000.0,43.86695098876953
2014-08-22,45.33000183105469,44.880001068115234,45.15999984741211,44.88999938964844,523300.0,43.643348693847656
2014-08-25,45.40999984741211,45.02000045776367,45.06999969482422,45.20000076293945,395600.0,43.944740295410156
2014-08-26,45.40999984741211,45.040000915527344,45.22999954223633,45.06999969482422,382500.0,43.81835174560547
2014-08-27,45.16999816894531,44.61000061035156,45.130001068115234,44.689998626708984,538000.0,43.44890213012695
2014-08-28,44.869998931884766,44.47999954223633,44.630001068115234,44.709999084472656,597400.0,43.468353271484375
2014-08-29,44.939998626708984,44.650001525878906,44.7400016784668,44.849998474121094,299400.0,43.604454040527344
2014-09-02,45.36000061035156,44.7599983215332,44.95000076293945,44.88999938964844,867700.0,43.643348693847656
2014-09-03,45.290000915527344,44.849998474121094,45.09000015258789,44.95000076293945,419700.0,43.70166778564453
2014-09-04,45.65999984741211,44.849998474121094,44.970001220703125,45.040000915527344,982600.0,43.7891731262207
2014-09-05,45.27000045776367,44.779998779296875,45.040000915527344,45.20000076293945,331800.0,43.944740295410156
2014-09-08,45.5,45.16999816894531,45.310001373291016,45.439998626708984,837400.0,44.17807388305664
2014-09-09,45.47999954223633,44.93000030517578,45.439998626708984,44.97999954223633,585300.0,43.730838775634766
2014-09-10,45.189998626708984,44.779998779296875,45.16999816894531,45.08000183105469,972100.0,43.82806396484375
2014-09-11,45.220001220703125,44.779998779296875,44.97999954223633,44.91999816894531,814000.0,43.67250442504883
2014-09-12,44.88999938964844,44.310001373291016,44.849998474121094,44.66999816894531,917600.0,43.429447174072266
2014-09-15,44.720001220703125,43.9900016784668,44.58000183105469,44.150001525878906,737300.0,42.923892974853516
2014-09-16,44.16999816894531,43.58000183105469,44.0,43.75,1516200.0,42.53500747680664
2014-09-17,44.45000076293945,43.83000183105469,43.84000015258789,44.29999923706055,1170300.0,43.06973648071289
2014-09-18,44.720001220703125,44.290000915527344,44.47999954223633,44.349998474121094,849000.0,43.11833572387695
2014-09-19,44.70000076293945,44.0099983215332,44.560001373291016,44.040000915527344,980400.0,42.816951751708984
2014-09-22,44.47999954223633,43.880001068115234,44.47999954223633,44.2400016784668,1294100.0,43.01139450073242
2014-09-23,44.11000061035156,43.75,44.0,43.779998779296875,1240000.0,42.56416702270508
2014-09-24,44.529998779296875,43.689998626708984,43.79999923706055,44.439998626708984,1073700.0,43.20584487915039
2014-09-25,44.380001068115234,43.5099983215332,44.33000183105469,43.5099983215332,1339700.0,42.301666259765625
2014-09-26,43.790000915527344,43.36000061035156,43.59000015258789,43.75,957400.0,42.53500747680664
2014-09-29,44.040000915527344,43.380001068115234,43.380001068115234,43.9900016784668,704600.0,42.76833724975586
2014-09-30,44.060001373291016,43.540000915527344,44.0099983215332,43.599998474121094,702500.0,42.389163970947266
2014-10-01,43.58000183105469,42.7400016784668,43.58000183105469,42.849998474121094,1275000.0,41.65999984741211
2014-10-02,42.81999969482422,42.130001068115234,42.68000030517578,42.400001525878906,1207200.0,41.222496032714844
2014-10-03,42.959999084472656,42.5,42.59000015258789,42.79999923706055,981600.0,41.61138916015625
2014-10-06,43.189998626708984,42.61000061035156,43.0,42.880001068115234,447900.0,41.68916702270508
2014-10-07,42.68000030517578,42.22999954223633,42.63999938964844,42.22999954223633,863100.0,41.05721664428711
2014-10-08,43.29999923706055,42.2400016784668,42.2599983215332,43.18000030517578,1267100.0,41.98082733154297
2014-10-09,43.220001220703125,42.43000030517578,43.13999938964844,42.43000030517578,2582400.0,41.25165939331055
2014-10-10,42.560001373291016,41.15999984741211,42.45000076293945,41.18000030517578,1584600.0,40.036373138427734
2014-10-13,41.27000045776367,39.790000915527344,41.060001373291016,39.83000183105469,1596400.0,38.72385787963867
2014-10-14,40.880001068115234,39.849998474121094,40.13999938964844,40.400001525878906,1220700.0,39.27804183959961
2014-10-15,40.04999923706055,38.959999084472656,39.529998779296875,39.849998474121094,1113300.0,38.81056213378906
2014-10-16,40.15999984741211,39.02000045776367,39.16999816894531,40.06999969482422,1344100.0,39.02482223510742
2014-10-17,40.83000183105469,39.93000030517578,40.38999938964844,40.0,1226900.0,38.95664978027344
2014-10-20,40.16999816894531,39.81999969482422,39.88999938964844,40.06999969482422,1835000.0,39.02482223510742
2014-10-21,41.77000045776367,39.869998931884766,39.97999954223633,41.689998626708984,2663100.0,40.60256576538086
2014-10-22,41.5,40.209999084472656,41.47999954223633,40.22999954223633,1689800.0,39.18062973022461
2014-10-23,41.29999923706055,40.630001068115234,40.630001068115234,41.130001068115234,986800.0,40.05717086791992
2014-10-24,41.75,41.08000183105469,41.25,41.720001220703125,817500.0,40.63177490234375
2014-10-27,41.810001373291016,41.45000076293945,41.630001068115234,41.790000915527344,639300.0,40.699947357177734
2014-10-28,42.86000061035156,41.790000915527344,41.93000030517578,42.84000015258789,1147500.0,41.722572326660156
2014-10-29,42.779998779296875,41.91999816894531,42.779998779296875,42.619998931884766,1404500.0,41.508296966552734
2014-10-30,43.470001220703125,42.029998779296875,42.33000183105469,43.38999938964844,1749400.0,42.25821304321289
2014-10-31,44.40999984741211,42.599998474121094,43.16999816894531,43.41999816894531,1835200.0,42.28742980957031
2014-11-03,44.06999969482422,43.099998474121094,43.34000015258789,43.810001373291016,951400.0,42.667266845703125
2014-11-04,44.220001220703125,43.61000061035156,43.72999954223633,44.08000183105469,1000700.0,42.93023681640625
2014-11-05,44.7400016784668,44.029998779296875,44.41999816894531,44.06999969482422,1135200.0,42.92048263549805
2014-11-06,44.66999816894531,44.040000915527344,44.060001373291016,44.65999984741211,729800.0,43.49509811401367
2014-11-07,44.61000061035156,43.47999954223633,44.4900016784668,43.810001373291016,1249900.0,42.667266845703125
2014-11-10,44.04999923706055,43.66999816894531,43.959999084472656,44.02000045776367,631100.0,42.87178421020508
2014-11-11,44.099998474121094,43.72999954223633,43.970001220703125,43.9900016784668,672000.0,42.84256362915039
2014-11-12,43.93000030517578,43.63999938964844,43.83000183105469,43.779998779296875,483600.0,42.63804244995117
2014-11-13,43.790000915527344,43.36000061035156,43.77000045776367,43.540000915527344,775900.0,42.40430450439453
2014-11-14,44.0,43.38999938964844,43.47999954223633,43.650001525878906,519100.0,42.511444091796875
2014-11-17,43.779998779296875,43.15999984741211,43.599998474121094,43.38999938964844,516200.0,42.25821304321289
2014-11-18,44.029998779296875,43.33000183105469,43.369998931884766,43.86000061035156,541000.0,42.71595764160156
2014-11-19,43.869998931884766,43.41999816894531,43.79999923706055,43.72999954223633,436700.0,42.589351654052734
2014-11-20,44.25,43.45000076293945,43.61000061035156,44.0,523800.0,42.85231018066406
2014-11-21,45.38999938964844,44.33000183105469,44.5,45.33000183105469,1272600.0,44.14762496948242
2014-11-24,45.599998474121094,45.08000183105469,45.380001068115234,45.4900016784668,757800.0,44.303443908691406
2014-11-25,46.220001220703125,45.52000045776367,45.720001220703125,45.7599983215332,872900.0,44.566402435302734
2014-11-26,45.79999923706055,45.29999923706055,45.79999923706055,45.63999938964844,357300.0,44.44953155517578
2014-11-28,45.720001220703125,45.29999923706055,45.650001525878906,45.470001220703125,532800.0,44.283958435058594
2014-12-01,45.59000015258789,45.209999084472656,45.310001373291016,45.380001068115234,751100.0,44.196311950683594
2014-12-02,45.08000183105469,43.7400016784668,44.04999923706055,44.95000076293945,1412100.0,43.777523040771484
2014-12-03,45.29999923706055,44.79999923706055,45.0,44.849998474121094,568700.0,43.68014144897461
2014-12-04,44.9900016784668,44.40999984741211,44.79999923706055,44.54999923706055,1056900.0,43.38796615600586
2014-12-05,44.79999923706055,43.970001220703125,44.52000045776367,44.06999969482422,763200.0,42.92048263549805
2014-12-08,44.189998626708984,43.40999984741211,44.04999923706055,43.4900016784668,819700.0,42.355621337890625
2014-12-09,43.20000076293945,42.72999954223633,43.02000045776367,43.0,1096700.0,41.878395080566406
2014-12-10,43.0,42.0099983215332,42.90999984741211,42.02000045776367,1375000.0,40.9239501953125
2014-12-11,42.61000061035156,42.0,42.08000183105469,42.06999969482422,853400.0,40.97264862060547
2014-12-12,42.130001068115234,41.66999816894531,41.75,41.72999954223633,1074600.0,40.64152526855469
2014-12-15,42.040000915527344,41.290000915527344,41.93000030517578,41.40999984741211,1047500.0,40.32986831665039
2014-12-16,41.7599983215332,40.880001068115234,41.33000183105469,40.95000076293945,1469800.0,39.88187026977539
2014-12-17,42.45000076293945,40.84000015258789,41.22999954223633,42.36000061035156,1418400.0,41.25508499145508
2014-12-18,43.130001068115234,42.529998779296875,42.849998474121094,43.119998931884766,1165800.0,41.99525833129883
2014-12-19,44.29999923706055,43.310001373291016,43.33000183105469,43.77000045776367,2087400.0,42.62831497192383
2014-12-22,44.279998779296875,43.779998779296875,43.779998779296875,44.2400016784668,630900.0,43.08605194091797
2014-12-23,44.560001373291016,43.959999084472656,44.43000030517578,44.04999923706055,488900.0,42.90100860595703
2014-12-24,44.349998474121094,43.9900016784668,44.16999816894531,43.9900016784668,156600.0,42.84256362915039
2014-12-26,44.36000061035156,43.88999938964844,44.04999923706055,44.06999969482422,241600.0,42.92048263549805
2014-12-29,44.130001068115234,43.72999954223633,43.93000030517578,43.93000030517578,391800.0,42.78413391113281
2014-12-30,44.220001220703125,43.689998626708984,43.810001373291016,44.08000183105469,466500.0,42.93023681640625
2014-12-31,44.4900016784668,43.66999816894531,44.29999923706055,43.72999954223633,529200.0,42.589351654052734
2015-01-02,44.119998931884766,43.61000061035156,43.970001220703125,44.09000015258789,723400.0,42.93996047973633
2015-01-05,43.900001525878906,43.040000915527344,43.779998779296875,43.04999923706055,1426800.0,41.92708206176758
2015-01-06,42.97999954223633,41.70000076293945,41.7599983215332,42.65999984741211,1224400.0,41.54725646972656
2015-01-07,43.099998474121094,42.650001525878906,42.97999954223633,42.91999816894531,1132300.0,41.800479888916016
2015-01-08,44.279998779296875,43.27000045776367,43.41999816894531,44.0,1903900.0,42.85231018066406
2015-01-09,44.119998931884766,43.2599983215332,44.06999969482422,43.54999923706055,585000.0,42.41404724121094
2015-01-12,43.7400016784668,43.02000045776367,43.720001220703125,43.439998626708984,564400.0,42.30691909790039
2015-01-13,44.08000183105469,42.97999954223633,43.83000183105469,43.38999938964844,536400.0,42.25821304321289
2015-01-14,43.119998931884766,42.439998626708984,42.84000015258789,42.95000076293945,604400.0,41.89728546142578
2015-01-15,43.119998931884766,42.27000045776367,43.029998779296875,42.79999923706055,993000.0,41.7509651184082
2015-01-16,43.43000030517578,42.27000045776367,42.599998474121094,43.369998931884766,953100.0,42.3069953918457
2015-01-20,43.93000030517578,42.619998931884766,43.709999084472656,43.029998779296875,909500.0,41.97532653808594
2015-01-21,43.650001525878906,42.79999923706055,42.970001220703125,43.38999938964844,752300.0,42.326499938964844
2015-01-22,43.939998626708984,43.16999816894531,43.88999938964844,43.84000015258789,1102000.0,42.765472412109375
2015-01-23,44.56999969482422,43.65999984741211,43.869998931884766,44.290000915527344,868600.0,43.20444869995117
2015-01-26,44.47999954223633,43.810001373291016,44.20000076293945,44.439998626708984,914800.0,43.35076904296875
2015-01-27,44.36000061035156,43.689998626708984,43.88999938964844,43.939998626708984,1186400.0,42.86302185058594
2015-01-28,44.869998931884766,43.88999938964844,44.27000045776367,44.4900016784668,1259000.0,43.39954376220703
2015-01-29,44.90999984741211,44.0,44.25,44.86000061035156,1382900.0,43.760475158691406
2015-01-30,47.2400016784668,45.459999084472656,45.58000183105469,45.709999084472656,3565900.0,44.58964157104492
2015-02-02,45.91999816894531,44.40999984741211,45.790000915527344,45.59000015258789,2056100.0,44.47257995605469
2015-02-03,46.83000183105469,45.68000030517578,46.0099983215332,46.83000183105469,1374700.0,45.682193756103516
2015-02-04,46.70000076293945,45.869998931884766,46.560001373291016,45.9900016784668,977300.0,44.8627815246582
2015-02-05,46.70000076293945,46.06999969482422,46.06999969482422,46.59000015258789,952100.0,45.44807434082031
2015-02-06,46.709999084472656,45.83000183105469,46.59000015258789,45.97999954223633,664400.0,44.85301208496094
2015-02-09,45.970001220703125,45.34000015258789,45.88999938964844,45.47999954223633,714000.0,44.36528015136719
2015-02-10,45.91999816894531,45.36000061035156,45.68000030517578,45.869998931884766,772800.0,44.745723724365234
2015-02-11,46.18000030517578,45.65999984741211,45.72999954223633,45.93000030517578,607600.0,44.80425262451172
2015-02-12,46.439998626708984,45.880001068115234,46.040000915527344,46.400001525878906,308100.0,45.262725830078125
2015-02-13,46.58000183105469,46.150001525878906,46.459999084472656,46.29999923706055,509500.0,45.1651725769043
2015-02-17,46.43000030517578,45.849998474121094,46.189998626708984,46.31999969482422,591900.0,45.1846923828125
2015-02-18,46.61000061035156,46.0099983215332,46.369998931884766,46.369998931884766,372800.0,45.23346710205078
2015-02-19,46.36000061035156,45.90999984741211,46.20000076293945,45.93000030517578,444800.0,44.80425262451172
2015-02-20,46.599998474121094,45.560001373291016,45.91999816894531,46.56999969482422,600900.0,45.42856979370117
2015-02-23,46.91999816894531,46.349998474121094,46.61000061035156,46.7599983215332,538600.0,45.61389923095703
2015-02-24,47.25,46.540000915527344,46.7599983215332,47.18000030517578,539100.0,46.02360153198242
2015-02-25,47.470001220703125,46.529998779296875,47.20000076293945,46.959999084472656,698400.0,45.808998107910156
2015-02-26,47.08000183105469,46.56999969482422,47.0,47.0,328900.0,45.848026275634766
2015-02-27,47.11000061035156,46.779998779296875,46.970001220703125,47.0,391000.0,45.848026275634766
2015-03-02,47.369998931884766,46.84000015258789,47.0,47.150001525878906,352300.0,45.99433898925781
2015-03-03,47.130001068115234,46.63999938964844,46.90999984741211,46.900001525878906,398500.0,45.75046920776367
2015-03-04,46.630001068115234,46.20000076293945,46.619998931884766,46.5,729200.0,45.360286712646484
2015-03-05,47.349998474121094,46.560001373291016,46.65999984741211,47.279998779296875,342400.0,46.12116622924805
2015-03-06,47.119998931884766,46.470001220703125,47.029998779296875,46.56999969482422,723900.0,45.42856979370117
2015-03-09,46.59000015258789,46.06999969482422,46.5099983215332,46.45000076293945,607800.0,45.31150817871094
2015-03-10,46.38999938964844,45.77000045776367,45.88999938964844,46.22999954223633,707000.0,45.09688949584961
2015-03-11,46.93000030517578,46.099998474121094,46.349998474121094,46.75,486500.0,45.60416030883789
2015-03-12,47.27000045776367,46.81999969482422,46.83000183105469,47.2400016784668,382300.0,46.08213806152344
2015-03-13,47.5,46.81999969482422,47.18000030517578,47.45000076293945,1333100.0,46.2869987487793
2015-03-16,48.31999969482422,47.45000076293945,47.77000045776367,48.29999923706055,863400.0,47.11616134643555
2015-03-17,48.650001525878906,47.689998626708984,48.150001525878906,48.529998779296875,717700.0,47.34051513671875
2015-03-18,49.29999923706055,48.130001068115234,48.470001220703125,49.290000915527344,875300.0,48.0818977355957
2015-03-19,49.959999084472656,48.779998779296875,49.0,49.849998474121094,1129000.0,48.62815856933594
2015-03-20,50.400001525878906,49.86000061035156,50.36000061035156,50.209999084472656,1399500.0,48.979339599609375
2015-03-23,50.560001373291016,50.060001373291016,50.09000015258789,50.4900016784668,754800.0,49.252479553222656
2015-03-24,50.709999084472656,50.220001220703125,50.380001068115234,50.5099983215332,1619700.0,49.27198791503906
2015-03-25,50.83000183105469,50.2599983215332,50.459999084472656,50.5,3251800.0,49.26224136352539
2015-03-26,50.54999923706055,49.970001220703125,50.220001220703125,50.5099983215332,2238500.0,49.27198791503906
2015-03-27,51.18000030517578,50.439998626708984,50.560001373291016,51.09000015258789,941700.0,49.83778381347656
2015-03-30,51.599998474121094,51.16999816894531,51.33000183105469,51.470001220703125,631700.0,50.208457946777344
2015-03-31,51.459999084472656,50.880001068115234,51.13999938964844,51.13999938964844,870400.0,49.88654327392578
2015-04-01,51.08000183105469,50.060001373291016,50.97999954223633,50.599998474121094,1123500.0,49.35978317260742
2015-04-02,50.97999954223633,50.33000183105469,50.68000030517578,50.75,761600.0,49.5061149597168
2015-04-06,51.16999816894531,50.279998779296875,50.40999984741211,50.880001068115234,1026700.0,49.632930755615234
2015-04-07,51.279998779296875,50.459999084472656,50.9900016784668,50.54999923706055,702700.0,49.311012268066406
2015-04-08,51.209999084472656,50.41999816894531,50.650001525878906,51.209999084472656,819000.0,49.954830169677734
2015-04-09,51.290000915527344,50.7400016784668,51.09000015258789,51.25,584100.0,49.99385070800781
2015-04-10,51.77000045776367,51.25,51.25,51.540000915527344,566100.0,50.2767448425293
2015-04-13,51.849998474121094,51.54999923706055,51.56999969482422,51.54999923706055,523100.0,50.2864990234375
2015-04-14,51.5,51.06999969482422,51.459999084472656,51.16999816894531,759100.0,49.915809631347656
2015-04-15,51.459999084472656,51.18000030517578,51.2400016784668,51.36000061035156,649100.0,50.1697883605957
2015-04-16,51.5,51.099998474121094,51.15999984741211,51.43000030517578,578900.0,50.23816680908203
2015-04-17,51.040000915527344,50.61000061035156,51.040000915527344,50.9900016784668,555900.0,49.808349609375
2015-04-20,51.720001220703125,51.09000015258789,51.38999938964844,51.5099983215332,341000.0,50.31631851196289
2015-04-21,51.81999969482422,51.400001525878906,51.790000915527344,51.709999084472656,522400.0,50.51167678833008
2015-04-22,51.959999084472656,51.38999938964844,51.41999816894531,51.689998626708984,727400.0,50.49214553833008
2015-04-23,51.720001220703125,51.33000183105469,51.529998779296875,51.56999969482422,369600.0,50.37492752075195
2015-04-24,51.81999969482422,51.38999938964844,51.56999969482422,51.650001525878906,1502200.0,50.45306396484375
2015-04-27,52.27000045776367,51.31999969482422,51.790000915527344,51.540000915527344,1141300.0,50.345619201660156
2015-04-28,51.79999923706055,51.22999954223633,51.70000076293945,51.7599983215332,819200.0,50.56051254272461
2015-04-29,51.88999938964844,51.2400016784668,51.40999984741211,51.7599983215332,689300.0,50.56051254272461
2015-04-30,51.93000030517578,51.0099983215332,51.529998779296875,51.2599983215332,2052100.0,50.07210922241211
2015-05-01,53.52000045776367,51.20000076293945,51.459999084472656,52.54999923706055,2652400.0,51.332210540771484
2015-05-04,52.630001068115234,51.66999816894531,51.869998931884766,52.060001373291016,1299300.0,50.85356521606445
2015-05-05,51.70000076293945,51.08000183105469,51.68000030517578,51.209999084472656,1145400.0,50.023258209228516
2015-05-06,51.369998931884766,50.18000030517578,51.2400016784668,50.29999923706055,994900.0,49.13435745239258
2015-05-07,50.63999938964844,50.09000015258789,50.349998474121094,50.45000076293945,1154500.0,49.28087615966797
2015-05-08,51.2400016784668,50.63999938964844,51.0099983215332,50.75,915800.0,49.57392120361328
2015-05-11,51.349998474121094,50.63999938964844,50.68000030517578,51.119998931884766,826700.0,49.93535614013672
2015-05-12,51.08000183105469,50.2400016784668,51.0,51.0,837700.0,49.818138122558594
2015-05-13,51.560001373291016,51.119998931884766,51.189998626708984,51.27000045776367,604300.0,50.081871032714844
2015-05-14,51.939998626708984,51.439998626708984,51.439998626708984,51.779998779296875,841400.0,50.58005905151367
2015-05-15,52.22999954223633,51.79999923706055,51.79999923706055,52.15999984741211,1665500.0,50.951255798339844
2015-05-18,52.41999816894531,52.0,52.02000045776367,52.349998474121094,562800.0,51.13684844970703
2015-05-19,52.91999816894531,52.279998779296875,52.349998474121094,52.810001373291016,636900.0,51.586181640625
2015-05-20,53.66999816894531,52.90999984741211,52.95000076293945,53.58000183105469,738400.0,52.33835220336914
2015-05-21,53.66999816894531,53.25,53.63999938964844,53.38999938964844,393600.0,52.152748107910156
2015-05-22,53.54999923706055,53.13999938964844,53.36000061035156,53.38999938964844,529100.0,52.152748107910156
2015-05-26,53.43000030517578,52.68000030517578,53.279998779296875,52.7400016784668,409100.0,51.5178108215332
2015-05-27,53.5099983215332,52.65999984741211,52.869998931884766,53.459999084472656,379500.0,52.221134185791016
2015-05-28,53.59000015258789,52.81999969482422,53.400001525878906,53.09000015258789,485700.0,51.859703063964844
2015-05-29,53.16999816894531,52.47999954223633,53.029998779296875,52.72999954223633,325200.0,51.5080451965332
2015-06-01,52.93000030517578,52.36000061035156,52.91999816894531,52.56999969482422,429500.0,51.35174560546875
2015-06-02,52.779998779296875,52.11000061035156,52.34000015258789,52.61000061035156,356000.0,51.39081954956055
2015-06-03,52.869998931884766,52.38999938964844,52.75,52.849998474121094,428300.0,51.62525177001953
2015-06-04,52.86000061035156,52.33000183105469,52.790000915527344,52.45000076293945,235400.0,51.23453140258789
2015-06-05,52.43000030517578,51.939998626708984,52.290000915527344,52.380001068115234,337700.0,51.16615295410156
2015-06-08,52.5099983215332,52.0,52.310001373291016,52.04999923706055,333200.0,50.84380340576172
2015-06-09,52.150001525878906,51.70000076293945,51.959999084472656,51.7400016784668,590900.0,50.540977478027344
2015-06-10,52.7599983215332,51.83000183105469,51.83000183105469,52.599998474121094,471800.0,51.38105010986328
2015-06-11,52.86000061035156,52.52000045776367,52.81999969482422,52.7400016784668,336300.0,51.5178108215332
2015-06-12,52.68000030517578,52.02000045776367,52.47999954223633,52.060001373291016,454800.0,50.85356521606445
2015-06-15,52.04999923706055,51.5,51.84000015258789,52.040000915527344,471100.0,50.83403396606445
2015-06-16,52.540000915527344,51.90999984741211,52.060001373291016,52.470001220703125,287600.0,51.254066467285156
2015-06-17,53.130001068115234,52.459999084472656,52.54999923706055,53.06999969482422,489500.0,51.84015655517578
2015-06-18,54.369998931884766,53.2400016784668,53.25,53.880001068115234,729500.0,52.63138961791992
2015-06-19,54.209999084472656,53.7599983215332,53.83000183105469,53.900001525878906,840200.0,52.65093231201172
2015-06-22,54.13999938964844,53.900001525878906,54.09000015258789,53.970001220703125,251400.0,52.71931076049805
2015-06-23,54.15999984741211,53.540000915527344,53.90999984741211,53.7599983215332,842000.0,52.51417541503906
2015-06-24,54.0,53.400001525878906,53.65999984741211,53.52000045776367,459400.0,52.27973937988281
2015-06-25,54.09000015258789,53.189998626708984,53.599998474121094,54.0099983215332,648600.0,52.75838088989258
2015-06-26,54.45000076293945,53.90999984741211,54.13999938964844,54.290000915527344,512300.0,53.03189468383789
2015-06-29,54.130001068115234,52.75,53.90999984741211,52.83000183105469,441600.0,51.6057243347168
2015-06-30,53.93000030517578,52.630001068115234,53.630001068115234,52.63999938964844,836400.0,51.42012405395508
2015-07-01,53.119998931884766,52.41999816894531,53.040000915527344,52.4900016784668,1039000.0,51.27360916137695
2015-07-02,52.84000015258789,52.08000183105469,52.65999984741211,52.2400016784668,786500.0,51.029396057128906
2015-07-06,52.36000061035156,51.75,51.93000030517578,52.209999084472656,1242400.0,51.000083923339844
2015-07-07,52.4900016784668,51.529998779296875,52.4900016784668,52.18000030517578,1044000.0,50.970787048339844
2015-07-08,51.93000030517578,50.900001525878906,51.869998931884766,50.9900016784668,620000.0,49.808349609375
2015-07-09,51.77000045776367,51.0,51.560001373291016,51.02000045776367,628400.0,49.837677001953125
2015-07-10,51.709999084472656,51.290000915527344,51.59000015258789,51.529998779296875,633100.0,50.335845947265625
2015-07-13,52.220001220703125,51.68000030517578,51.880001068115234,52.029998779296875,735100.0,50.824256896972656
2015-07-14,53.349998474121094,51.869998931884766,52.13999938964844,53.0,1442500.0,51.771793365478516
2015-07-15,53.43000030517578,52.459999084472656,53.13999938964844,52.529998779296875,535300.0,51.380531311035156
2015-07-16,52.83000183105469,52.09000015258789,52.83000183105469,52.349998474121094,904100.0,51.2044792175293
2015-07-17,52.72999954223633,52.209999084472656,52.29999923706055,52.279998779296875,1007100.0,51.13600540161133
2015-07-20,52.650001525878906,52.18000030517578,52.349998474121094,52.25,1110800.0,51.10667419433594
2015-07-21,52.36000061035156,51.63999938964844,52.2400016784668,51.88999938964844,630600.0,50.754547119140625
2015-07-22,52.119998931884766,51.43000030517578,51.849998474121094,51.900001525878906,710600.0,50.764320373535156
2015-07-23,52.06999969482422,51.540000915527344,51.90999984741211,51.630001068115234,637400.0,50.50023651123047
2015-07-24,51.66999816894531,50.849998474121094,51.45000076293945,50.88999938964844,734700.0,49.77642059326172
2015-07-27,50.86000061035156,50.16999816894531,50.790000915527344,50.43000030517578,589400.0,49.32649230957031
2015-07-28,50.90999984741211,50.33000183105469,50.7599983215332,50.70000076293945,1528200.0,49.590579986572266
2015-07-29,51.08000183105469,50.59000015258789,50.75,50.75,955800.0,49.639488220214844
2015-07-30,51.540000915527344,50.20000076293945,50.560001373291016,51.41999816894531,1085900.0,50.294822692871094
2015-07-31,53.220001220703125,51.310001373291016,51.70000076293945,52.91999816894531,913900.0,51.762001037597656
2015-08-03,53.16999816894531,52.290000915527344,52.959999084472656,52.5,963600.0,51.3511962890625
2015-08-04,53.13999938964844,52.459999084472656,52.540000915527344,52.91999816894531,732300.0,51.762001037597656
2015-08-05,53.720001220703125,52.83000183105469,53.22999954223633,52.849998474121094,641200.0,51.693538665771484
2015-08-06,52.9900016784668,51.5099983215332,52.9900016784668,51.619998931884766,398500.0,50.49045181274414
2015-08-07,51.560001373291016,50.619998931884766,51.560001373291016,51.20000076293945,531900.0,50.07964324951172
2015-08-10,51.869998931884766,51.290000915527344,51.4900016784668,51.59000015258789,451000.0,50.46110534667969
2015-08-11,51.41999816894531,50.41999816894531,51.220001220703125,50.70000076293945,613500.0,49.590579986572266
2015-08-12,50.34000015258789,49.04999923706055,50.34000015258789,50.08000183105469,1034900.0,48.98414993286133
2015-08-13,50.650001525878906,49.97999954223633,50.349998474121094,50.33000183105469,788400.0,49.22868347167969
2015-08-14,50.63999938964844,50.13999938964844,50.529998779296875,50.52000045776367,593200.0,49.414520263671875
2015-08-17,50.4900016784668,50.119998931884766,50.380001068115234,50.33000183105469,866100.0,49.22868347167969
2015-08-18,50.779998779296875,50.220001220703125,50.29999923706055,50.540000915527344,444500.0,49.434085845947266
2015-08-19,50.2599983215332,49.619998931884766,50.2599983215332,49.810001373291016,525800.0,48.720062255859375
2015-08-20,49.630001068115234,49.08000183105469,49.52000045776367,49.13999938964844,841600.0,48.064720153808594
2015-08-21,48.91999816894531,47.70000076293945,48.86000061035156,47.709999084472656,1145600.0,46.666011810302734
2015-08-24,47.380001068115234,45.08000183105469,45.59000015258789,45.95000076293945,1289300.0,44.944515228271484
2015-08-25,47.209999084472656,45.970001220703125,47.15999984741211,46.02000045776367,1442600.0,45.01298904418945
2015-08-26,48.119998931884766,46.369998931884766,46.93000030517578,48.040000915527344,1169900.0,46.98878860473633
2015-08-27,49.52000045776367,48.22999954223633,48.25,49.439998626708984,900100.0,48.358150482177734
2015-08-28,49.560001373291016,48.83000183105469,49.22999954223633,49.47999954223633,694700.0,48.39727783203125
2015-08-31,49.369998931884766,48.40999984741211,49.209999084472656,48.68000030517578,1240800.0,47.614776611328125
2015-09-01,47.900001525878906,46.22999954223633,47.7400016784668,46.41999816894531,1372600.0,45.404239654541016
2015-09-02,47.560001373291016,46.56999969482422,47.0,47.560001373291016,666000.0,46.5192985534668
2015-09-03,48.41999816894531,47.59000015258789,47.619998931884766,47.95000076293945,843000.0,46.9007682800293
2015-09-04,47.75,47.04999923706055,47.25,47.349998474121094,636900.0,46.313880920410156
2015-09-08,48.25,47.59000015258789,48.2400016784668,48.22999954223633,543600.0,47.17462921142578
2015-09-09,48.650001525878906,47.220001220703125,48.52000045776367,47.349998474121094,448100.0,46.313880920410156
2015-09-10,47.72999954223633,47.040000915527344,47.09000015258789,47.45000076293945,667800.0,46.411705017089844
2015-09-11,47.9900016784668,47.08000183105469,47.290000915527344,47.939998626708984,330000.0,46.8909797668457
2015-09-14,48.02000045776367,47.380001068115234,47.939998626708984,47.7599983215332,392300.0,46.71491622924805
2015-09-15,48.58000183105469,47.630001068115234,47.91999816894531,48.40999984741211,440300.0,47.35069274902344
2015-09-16,48.91999816894531,48.20000076293945,48.45000076293945,48.630001068115234,482400.0,47.56587219238281
2015-09-17,49.66999816894531,48.599998474121094,48.630001068115234,49.029998779296875,482600.0,47.957130432128906
2015-09-18,48.63999938964844,47.279998779296875,48.52000045776367,47.369998931884766,1193400.0,46.33344650268555
2015-09-21,47.79999923706055,46.66999816894531,47.650001525878906,46.84000015258789,640100.0,45.81504821777344
2015-09-22,46.529998779296875,45.970001220703125,46.27000045776367,46.47999954223633,813900.0,45.462928771972656
2015-09-23,46.779998779296875,46.290000915527344,46.459999084472656,46.52000045776367,475300.0,45.50205612182617
2015-09-24,46.130001068115234,45.560001373291016,46.099998474121094,45.93000030517578,691000.0,44.924957275390625
2015-09-25,46.47999954223633,45.45000076293945,46.290000915527344,45.75,993000.0,44.748905181884766
2015-09-28,45.58000183105469,44.130001068115234,45.5099983215332,44.45000076293945,1114300.0,43.477352142333984
2015-09-29,45.47999954223633,44.369998931884766,44.45000076293945,45.290000915527344,1227400.0,44.29896545410156
2015-09-30,46.220001220703125,45.220001220703125,45.790000915527344,45.959999084472656,681700.0,44.95429611206055
2015-10-01,46.09000015258789,45.060001373291016,45.90999984741211,45.43000030517578,764900.0,44.43589401245117
2015-10-02,46.439998626708984,44.709999084472656,44.779998779296875,46.43000030517578,516100.0,45.414024353027344
2015-10-05,47.09000015258789,46.349998474121094,46.72999954223633,46.79999923706055,546400.0,45.77592468261719
2015-10-06,46.880001068115234,46.27000045776367,46.54999923706055,46.7400016784668,822700.0,45.71723937988281
2015-10-07,47.869998931884766,46.869998931884766,46.970001220703125,47.529998779296875,846000.0,46.48994064331055
2015-10-08,47.9900016784668,47.130001068115234,47.349998474121094,47.880001068115234,437000.0,46.83229064941406
2015-10-09,48.279998779296875,47.810001373291016,47.86000061035156,48.189998626708984,339400.0,47.13551712036133
2015-10-12,48.27000045776367,47.709999084472656,48.060001373291016,48.209999084472656,382400.0,47.15505599975586
2015-10-13,48.41999816894531,47.5,47.95000076293945,47.59000015258789,463200.0,46.54863357543945
2015-10-14,47.83000183105469,47.040000915527344,47.619998931884766,47.15999984741211,384300.0,46.19599533081055
2015-10-15,48.2599983215332,47.119998931884766,47.150001525878906,48.25,399700.0,47.26370620727539
2015-10-16,48.61000061035156,48.02000045776367,48.36000061035156,48.59000015258789,459300.0,47.596763610839844
2015-10-19,48.900001525878906,48.29999923706055,48.52000045776367,48.880001068115234,475900.0,47.88083267211914
2015-10-20,49.11000061035156,48.560001373291016,48.779998779296875,48.970001220703125,565500.0,47.9690055847168
2015-10-21,49.25,48.56999969482422,49.22999954223633,48.79999923706055,551500.0,47.80247497558594
2015-10-22,49.439998626708984,48.709999084472656,48.97999954223633,48.9900016784668,791000.0,47.98859405517578
2015-10-23,50.38999938964844,49.09000015258789,49.31999969482422,50.31999969482422,523600.0,49.29140853881836
2015-10-26,50.310001373291016,49.7400016784668,50.25,49.869998931884766,436000.0,48.85060501098633
2015-10-27,50.20000076293945,49.54999923706055,49.689998626708984,50.06999969482422,795200.0,49.046512603759766
2015-10-28,51.0,49.900001525878906,50.06999969482422,50.9900016784668,340500.0,49.94770050048828
2015-10-29,51.310001373291016,50.61000061035156,51.09000015258789,51.150001525878906,592000.0,50.10443115234375
2015-10-30,51.970001220703125,51.130001068115234,51.220001220703125,51.63999938964844,726800.0,50.58441925048828
2015-11-02,53.119998931884766,51.529998779296875,51.7400016784668,52.90999984741211,627500.0,51.82845687866211
2015-11-03,52.95000076293945,52.369998931884766,52.7400016784668,52.93000030517578,719400.0,51.84805679321289
2015-11-04,53.34000015258789,52.72999954223633,52.86000061035156,53.209999084472656,621100.0,52.1223258972168
2015-11-05,53.5,52.349998474121094,53.290000915527344,52.43000030517578,891400.0,51.358272552490234
2015-11-06,53.29999923706055,51.380001068115234,51.380001068115234,51.939998626708984,850000.0,50.878292083740234
2015-11-09,51.90999984741211,51.380001068115234,51.84000015258789,51.650001525878906,829100.0,50.59422302246094
2015-11-10,52.400001525878906,51.400001525878906,51.61000061035156,52.18000030517578,659400.0,51.11337661743164
2015-11-11,52.54999923706055,51.5099983215332,52.189998626708984,51.5099983215332,548100.0,50.457069396972656
2015-11-12,51.689998626708984,50.66999816894531,51.400001525878906,50.68000030517578,556400.0,49.64404296875
2015-11-13,51.099998474121094,50.369998931884766,50.720001220703125,50.63999938964844,549400.0,49.60486602783203
2015-11-16,51.16999816894531,50.310001373291016,50.59000015258789,51.0099983215332,1359500.0,49.9672966003418
2015-11-17,51.630001068115234,50.779998779296875,51.040000915527344,51.56999969482422,1524500.0,50.51585006713867
2015-11-18,52.66999816894531,51.58000183105469,51.70000076293945,52.59000015258789,828400.0,51.51500701904297
2015-11-19,52.880001068115234,52.41999816894531,52.650001525878906,52.630001068115234,496900.0,51.554176330566406
2015-11-20,53.0,52.58000183105469,52.900001525878906,52.66999816894531,1678100.0,51.59336471557617
2015-11-23,53.099998474121094,52.599998474121094,52.720001220703125,52.83000183105469,373500.0,51.750099182128906
2015-11-24,52.75,52.0099983215332,52.310001373291016,52.540000915527344,535700.0,51.46602249145508
2015-11-25,53.290000915527344,52.369998931884766,52.709999084472656,53.15999984741211,391100.0,52.07334518432617
2015-11-27,53.7599983215332,53.06999969482422,53.220001220703125,53.58000183105469,212500.0,52.484779357910156
2015-11-30,53.72999954223633,53.13999938964844,53.5,53.15999984741211,684100.0,52.07334518432617
2015-12-01,53.689998626708984,53.0099983215332,53.459999084472656,53.65999984741211,509200.0,52.56312942504883
2015-12-02,53.65999984741211,52.4900016784668,53.52000045776367,52.560001373291016,471600.0,51.48561477661133
2015-12-03,51.90999984741211,50.58000183105469,51.40999984741211,50.88999938964844,756300.0,49.8497428894043
2015-12-04,52.290000915527344,51.04999923706055,51.04999923706055,52.25,606700.0,51.18195724487305
2015-12-07,52.220001220703125,51.189998626708984,52.029998779296875,51.40999984741211,579400.0,50.35911560058594
2015-12-08,51.0099983215332,49.400001525878906,49.66999816894531,50.689998626708984,1102800.0,49.65383529663086
2015-12-09,51.04999923706055,49.9900016784668,50.45000076293945,50.25,659000.0,49.22282791137695
2015-12-10,50.58000183105469,49.880001068115234,50.11000061035156,50.380001068115234,604700.0,49.350181579589844
2015-12-11,50.599998474121094,49.5,49.72999954223633,50.279998779296875,656600.0,49.252227783203125
2015-12-14,51.04999923706055,50.27000045776367,50.31999969482422,51.0099983215332,930200.0,49.9672966003418
2015-12-15,51.79999923706055,51.29999923706055,51.5,51.38999938964844,1022400.0,50.33952331542969
2015-12-16,52.79999923706055,51.599998474121094,51.75,52.619998931884766,850400.0,51.54438018798828
2015-12-17,52.81999969482422,51.93000030517578,52.650001525878906,51.939998626708984,568700.0,50.878292083740234
2015-12-18,51.689998626708984,50.70000076293945,51.689998626708984,50.869998931884766,2081400.0,49.830162048339844
2015-12-21,52.02000045776367,51.29999923706055,51.470001220703125,51.54999923706055,719000.0,50.49625015258789
2015-12-22,52.849998474121094,51.540000915527344,51.810001373291016,52.630001068115234,454900.0,51.554176330566406
2015-12-23,53.189998626708984,52.56999969482422,52.81999969482422,53.060001373291016,336800.0,51.975399017333984
2015-12-24,53.560001373291016,53.029998779296875,53.04999923706055,53.439998626708984,159400.0,52.34762191772461
2015-12-28,53.560001373291016,52.95000076293945,53.29999923706055,53.540000915527344,259900.0,52.44557189941406
2015-12-29,54.52000045776367,53.7400016784668,53.75,54.36000061035156,367000.0,53.24882507324219
2015-12-30,54.310001373291016,53.91999816894531,54.25,53.93000030517578,352900.0,52.827606201171875
2015-12-31,54.2599983215332,53.560001373291016,53.779998779296875,53.56999969482422,498900.0,52.47496032714844
2016-01-04,52.810001373291016,51.720001220703125,52.790000915527344,52.43000030517578,911500.0,51.358272552490234
2016-01-05,53.2599983215332,52.4900016784668,52.720001220703125,53.0099983215332,726200.0,51.92641067504883
2016-01-06,52.86000061035156,52.02000045776367,52.099998474121094,52.25,2087800.0,51.18195724487305
2016-01-07,51.40999984741211,49.849998474121094,51.0,50.060001373291016,847800.0,49.036712646484375
2016-01-08,50.75,49.27000045776367,50.27000045776367,49.31999969482422,866700.0,48.31184005737305
2016-01-11,49.7599983215332,47.25,49.54999923706055,47.75,1677300.0,46.77394104003906
2016-01-12,48.68000030517578,47.75,48.16999816894531,48.54999923706055,733400.0,47.55758285522461
2016-01-13,48.7599983215332,46.84000015258789,48.66999816894531,47.09000015258789,538600.0,46.19403076171875
2016-01-14,48.4900016784668,47.040000915527344,47.36000061035156,48.099998474121094,765800.0,47.184814453125
2016-01-15,47.5,46.779998779296875,46.779998779296875,47.40999984741211,881100.0,46.5079460144043
2016-01-19,48.119998931884766,46.91999816894531,48.119998931884766,47.77000045776367,622800.0,46.8610954284668
2016-01-20,48.68000030517578,46.56999969482422,47.0,48.15999984741211,1034700.0,47.24367904663086
2016-01-21,48.2400016784668,47.27000045776367,48.209999084472656,47.52000045776367,638600.0,46.61585235595703
2016-01-22,49.150001525878906,47.75,48.119998931884766,49.130001068115234,717500.0,48.195213317871094
2016-01-25,49.130001068115234,48.2400016784668,48.849998474121094,48.38999938964844,464500.0,47.469295501708984
2016-01-26,48.970001220703125,47.79999923706055,48.5099983215332,48.93000030517578,613100.0,47.99901580810547
2016-01-27,49.650001525878906,48.220001220703125,48.849998474121094,48.61000061035156,872700.0,47.68511199951172
2016-01-28,48.59000015258789,46.599998474121094,48.59000015258789,46.970001220703125,1033200.0,46.076316833496094
2016-01-29,48.34000015258789,47.060001373291016,47.16999816894531,48.31999969482422,1193700.0,47.40062713623047
2016-02-01,48.5099983215332,47.279998779296875,48.11000061035156,48.22999954223633,1583400.0,47.31233596801758
2016-02-02,47.93000030517578,47.18000030517578,47.68000030517578,47.529998779296875,753800.0,46.62565994262695
2016-02-03,47.709999084472656,45.75,47.709999084472656,46.79999923706055,1043700.0,45.90955352783203
2016-02-04,47.43000030517578,46.18000030517578,46.709999084472656,46.58000183105469,1119400.0,45.69374084472656
2016-02-05,45.20000076293945,39.5,42.459999084472656,43.2599983215332,3343700.0,42.4369010925293
2016-02-08,42.97999954223633,41.02000045776367,42.650001525878906,41.45000076293945,1330400.0,40.661346435546875
2016-02-09,43.189998626708984,40.40999984741211,40.90999984741211,42.470001220703125,1377300.0,41.661949157714844
2016-02-10,44.970001220703125,42.68000030517578,42.849998474121094,43.9900016784668,1335700.0,43.15301513671875
2016-02-11,43.68000030517578,42.810001373291016,43.18000030517578,43.40999984741211,1517800.0,42.58405303955078
2016-02-12,44.59000015258789,43.59000015258789,44.400001525878906,44.40999984741211,1273000.0,43.56502151489258
2016-02-16,46.09000015258789,44.810001373291016,44.97999954223633,45.66999816894531,1185900.0,44.801048278808594
2016-02-17,46.2599983215332,45.599998474121094,45.900001525878906,45.70000076293945,1240900.0,44.830474853515625
2016-02-18,46.56999969482422,45.4900016784668,45.689998626708984,45.68000030517578,891500.0,44.81085968017578
2016-02-19,47.040000915527344,45.43000030517578,45.56999969482422,46.970001220703125,2934700.0,46.076316833496094
2016-02-22,47.9900016784668,47.029998779296875,47.400001525878906,47.790000915527344,1200300.0,46.88071823120117
2016-02-23,48.13999938964844,47.0,47.540000915527344,47.20000076293945,1015900.0,46.301937103271484
2016-02-24,47.66999816894531,46.59000015258789,46.75,47.369998931884766,892600.0,46.46870040893555
2016-02-25,47.939998626708984,47.119998931884766,47.279998779296875,47.619998931884766,915000.0,46.71394348144531
2016-02-26,48.29999923706055,47.650001525878906,47.72999954223633,47.95000076293945,1087500.0,47.03767013549805
2016-02-29,48.20000076293945,47.2599983215332,47.84000015258789,47.2599983215332,937500.0,46.36079025268555
2016-03-01,47.970001220703125,47.27000045776367,47.310001373291016,47.959999084472656,1430900.0,47.04747772216797
2016-03-02,49.45000076293945,47.720001220703125,47.90999984741211,49.15999984741211,1669900.0,48.224639892578125
2016-03-03,49.25,48.43000030517578,49.20000076293945,48.939998626708984,883500.0,48.00883102416992
2016-03-04,49.2400016784668,48.709999084472656,48.959999084472656,48.81999969482422,739600.0,47.891117095947266
2016-03-07,49.40999984741211,48.369998931884766,48.4900016784668,48.869998931884766,1022800.0,47.940155029296875
2016-03-08,48.72999954223633,47.529998779296875,48.650001525878906,47.630001068115234,774300.0,46.723758697509766
2016-03-09,48.029998779296875,47.560001373291016,47.959999084472656,47.790000915527344,913500.0,46.88071823120117
2016-03-10,48.22999954223633,47.29999923706055,48.02000045776367,47.63999938964844,702800.0,46.733558654785156
2016-03-11,48.72999954223633,47.77000045776367,48.189998626708984,48.709999084472656,738200.0,47.783203125
2016-03-14,48.75,48.11000061035156,48.4900016784668,48.52000045776367,403400.0,47.596824645996094
2016-03-15,48.310001373291016,47.58000183105469,48.11000061035156,47.70000076293945,615400.0,46.79243087768555
2016-03-16,47.9900016784668,47.22999954223633,47.61000061035156,47.95000076293945,752300.0,47.03767013549805
2016-03-17,48.130001068115234,47.08000183105469,48.0,47.5099983215332,669300.0,46.606040954589844
2016-03-18,49.439998626708984,47.470001220703125,47.59000015258789,48.93000030517578,1395800.0,47.99901580810547
2016-03-21,48.97999954223633,48.439998626708984,48.7400016784668,48.45000076293945,451400.0,47.52815246582031
2016-03-22,48.970001220703125,47.9900016784668,48.099998474121094,48.68000030517578,420600.0,47.7537727355957
2016-03-23,49.06999969482422,48.599998474121094,48.790000915527344,48.650001525878906,841400.0,47.72434997558594
2016-03-24,48.709999084472656,47.9900016784668,48.4900016784668,48.41999816894531,423700.0,47.498722076416016
2016-03-28,48.66999816894531,47.79999923706055,48.560001373291016,48.29999923706055,696400.0,47.381019592285156
2016-03-29,49.38999938964844,48.189998626708984,48.36000061035156,49.33000183105469,625300.0,48.391422271728516
2016-03-30,49.90999984741211,49.220001220703125,49.66999816894531,49.34000015258789,403000.0,48.40121841430664
2016-03-31,49.90999984741211,48.9900016784668,49.209999084472656,49.459999084472656,684100.0,48.5189323425293
2016-04-01,50.459999084472656,48.970001220703125,49.029998779296875,50.34000015258789,596800.0,49.382198333740234
2016-04-04,50.9900016784668,50.04999923706055,50.290000915527344,50.15999984741211,636500.0,49.20561218261719
2016-04-05,49.5,48.470001220703125,49.130001068115234,48.58000183105469,848300.0,47.655677795410156
2016-04-06,50.279998779296875,48.63999938964844,48.65999984741211,50.27000045776367,630400.0,49.31352233886719
2016-04-07,50.18000030517578,49.04999923706055,49.959999084472656,49.2599983215332,811100.0,48.32273483276367
2016-04-08,50.29999923706055,49.5099983215332,49.90999984741211,50.0,543500.0,49.04866409301758
2016-04-11,50.54999923706055,49.7599983215332,50.290000915527344,49.79999923706055,370400.0,48.85246658325195
2016-04-12,50.34000015258789,49.7599983215332,49.79999923706055,49.900001525878906,327800.0,48.950565338134766
2016-04-13,50.869998931884766,49.77000045776367,50.150001525878906,50.709999084472656,549900.0,49.815025329589844
2016-04-14,51.220001220703125,50.560001373291016,50.90999984741211,50.63999938964844,402800.0,49.74626541137695
2016-04-15,50.939998626708984,50.349998474121094,50.68000030517578,50.880001068115234,416900.0,49.98204040527344
2016-04-18,51.41999816894531,50.650001525878906,50.790000915527344,51.33000183105469,358200.0,50.42409896850586
2016-04-19,51.369998931884766,50.63999938964844,51.150001525878906,50.7400016784668,458000.0,49.84450149536133
2016-04-20,51.47999954223633,50.369998931884766,50.65999984741211,51.349998474121094,437400.0,50.44373321533203
2016-04-21,51.779998779296875,50.970001220703125,51.349998474121094,51.41999816894531,270300.0,50.51250076293945
2016-04-22,51.75,51.189998626708984,51.5099983215332,51.59000015258789,308200.0,50.67949676513672
2016-04-25,51.630001068115234,51.029998779296875,51.189998626708984,51.40999984741211,291100.0,50.502681732177734
2016-04-26,51.529998779296875,50.75,51.529998779296875,50.959999084472656,484500.0,50.06061935424805
2016-04-27,51.65999984741211,50.630001068115234,50.959999084472656,51.459999084472656,465300.0,50.55178451538086
2016-04-28,51.599998474121094,50.63999938964844,51.13999938964844,50.84000015258789,280800.0,49.9427375793457
2016-04-29,50.529998779296875,49.77000045776367,50.459999084472656,50.41999816894531,503300.0,49.530147552490234
2016-05-02,51.689998626708984,50.29999923706055,50.65999984741211,51.65999984741211,409500.0,50.748268127441406
2016-05-03,51.439998626708984,50.540000915527344,51.209999084472656,51.40999984741211,698300.0,50.502681732177734
2016-05-04,51.20000076293945,50.119998931884766,51.04999923706055,50.22999954223633,722400.0,49.343505859375
2016-05-05,50.779998779296875,50.060001373291016,50.25,50.7599983215332,636400.0,49.8641471862793
2016-05-06,55.0,51.880001068115234,51.880001068115234,54.22999954223633,1592800.0,53.272911071777344
2016-05-09,54.970001220703125,53.900001525878906,54.369998931884766,53.959999084472656,732800.0,53.007667541503906
2016-05-10,54.95000076293945,53.18000030517578,54.060001373291016,54.90999984741211,703200.0,53.94091796875
2016-05-11,55.060001373291016,53.93000030517578,54.7400016784668,54.47999954223633,640500.0,53.51850128173828
2016-05-12,54.63999938964844,53.90999984741211,54.52000045776367,54.47999954223633,442600.0,53.51850128173828
2016-05-13,55.060001373291016,54.0,54.29999923706055,54.45000076293945,516500.0,53.48902893066406
2016-05-16,55.060001373291016,54.54999923706055,54.560001373291016,54.95000076293945,545600.0,53.980201721191406
2016-05-17,54.97999954223633,54.119998931884766,54.91999816894531,54.41999816894531,546500.0,53.45956039428711
2016-05-18,54.650001525878906,53.790000915527344,54.439998626708984,54.22999954223633,1606400.0,53.272911071777344
2016-05-19,54.02000045776367,53.16999816894531,53.79999923706055,53.970001220703125,695300.0,53.01750183105469
2016-05-20,54.43000030517578,53.599998474121094,54.380001068115234,53.95000076293945,842900.0,52.99785232543945
2016-05-23,54.279998779296875,53.79999923706055,54.040000915527344,53.900001525878906,366300.0,52.94874572753906
2016-05-24,55.15999984741211,53.95000076293945,54.20000076293945,54.97999954223633,815600.0,54.00967025756836
2016-05-25,56.06999969482422,55.029998779296875,55.29999923706055,55.560001373291016,837100.0,54.57944107055664
2016-05-26,56.119998931884766,54.91999816894531,55.54999923706055,54.970001220703125,751200.0,53.99986267089844
2016-05-27,55.2400016784668,54.689998626708984,54.97999954223633,54.9900016784668,935100.0,54.019500732421875
2016-05-31,55.189998626708984,54.630001068115234,55.119998931884766,54.75,810300.0,53.78373718261719
2016-06-01,54.88999938964844,54.380001068115234,54.52000045776367,54.81999969482422,1173800.0,53.852508544921875
2016-06-02,55.119998931884766,54.459999084472656,54.810001373291016,54.91999816894531,706600.0,53.95073318481445
2016-06-03,54.79999923706055,54.0099983215332,54.79999923706055,54.58000183105469,516200.0,53.616729736328125
2016-06-06,54.77000045776367,54.36000061035156,54.630001068115234,54.63999938964844,646300.0,53.67567443847656
2016-06-07,54.790000915527344,54.0,54.790000915527344,54.34000015258789,606300.0,53.38096237182617
2016-06-08,55.0,54.0,54.22999954223633,54.9900016784668,2757500.0,54.019500732421875
2016-06-09,54.91999816894531,54.20000076293945,54.810001373291016,54.290000915527344,677100.0,53.33184814453125
2016-06-10,54.16999816894531,53.529998779296875,53.91999816894531,53.689998626708984,1101600.0,52.742431640625
2016-06-13,53.810001373291016,53.099998474121094,53.439998626708984,53.099998474121094,584200.0,52.1628532409668
2016-06-14,53.29999923706055,52.79999923706055,52.939998626708984,53.25,571000.0,52.310203552246094
2016-06-15,53.619998931884766,52.83000183105469,53.45000076293945,52.900001525878906,431900.0,51.96638488769531
2016-06-16,52.869998931884766,52.27000045776367,52.66999816894531,52.72999954223633,343400.0,51.799381256103516
2016-06-17,52.83000183105469,52.040000915527344,52.720001220703125,52.349998474121094,697300.0,51.426090240478516
2016-06-20,53.689998626708984,52.95000076293945,53.0,53.150001525878906,469800.0,52.21198272705078
2016-06-21,53.2599983215332,52.61000061035156,53.150001525878906,52.93000030517578,456900.0,51.995853424072266
2016-06-22,53.68000030517578,52.880001068115234,53.09000015258789,53.2400016784668,521200.0,52.300392150878906
2016-06-23,54.2400016784668,53.459999084472656,53.689998626708984,54.22999954223633,625600.0,53.272911071777344
2016-06-24,52.720001220703125,51.66999816894531,52.02000045776367,51.869998931884766,1251400.0,50.954559326171875
2016-06-27,51.560001373291016,50.2599983215332,51.099998474121094,50.439998626708984,880800.0,49.54979705810547
2016-06-28,51.06999969482422,50.29999923706055,50.790000915527344,50.86000061035156,586300.0,49.96238327026367
2016-06-29,51.90999984741211,50.9900016784668,51.369998931884766,51.619998931884766,387300.0,50.70896530151367
2016-06-30,52.43000030517578,51.5,51.599998474121094,52.41999816894531,509200.0,51.494850158691406
2016-07-01,53.38999938964844,52.20000076293945,52.43000030517578,52.65999984741211,555400.0,51.73061752319336
2016-07-05,52.33000183105469,51.91999816894531,52.33000183105469,52.04999923706055,586900.0,51.131385803222656
2016-07-06,52.56999969482422,51.83000183105469,51.939998626708984,52.45000076293945,974900.0,51.52432632446289
2016-07-07,52.77000045776367,52.45000076293945,52.52000045776367,52.59000015258789,559300.0,51.66185760498047
2016-07-08,54.040000915527344,53.0099983215332,53.02000045776367,53.95000076293945,653800.0,52.99785232543945
2016-07-11,54.459999084472656,53.93000030517578,54.27000045776367,53.959999084472656,456000.0,53.007667541503906
2016-07-12,54.91999816894531,54.13999938964844,54.33000183105469,54.75,428300.0,53.78373718261719
2016-07-13,55.689998626708984,54.849998474121094,54.849998474121094,55.66999816894531,842600.0,54.757503509521484
2016-07-14,56.189998626708984,55.77000045776367,56.16999816894531,55.88999938964844,793400.0,54.97389602661133
2016-07-15,56.15999984741211,55.290000915527344,56.119998931884766,55.380001068115234,393600.0,54.472259521484375
2016-07-18,55.40999984741211,54.88999938964844,55.40999984741211,55.22999954223633,442300.0,54.32471466064453
2016-07-19,55.2400016784668,54.619998931884766,55.08000183105469,55.08000183105469,374000.0,54.17717361450195
2016-07-20,55.779998779296875,55.15999984741211,55.36000061035156,55.650001525878906,250100.0,54.73783493041992
2016-07-21,55.86000061035156,54.97999954223633,55.59000015258789,55.189998626708984,434500.0,54.285369873046875
2016-07-22,55.540000915527344,54.939998626708984,55.189998626708984,55.33000183105469,278600.0,54.42307662963867
2016-07-25,55.58000183105469,54.529998779296875,55.189998626708984,54.790000915527344,247100.0,53.89192581176758
2016-07-26,55.650001525878906,54.790000915527344,54.84000015258789,55.439998626708984,354800.0,54.531280517578125
2016-07-27,55.970001220703125,55.290000915527344,55.40999984741211,55.810001373291016,306000.0,54.89521026611328
2016-07-28,55.90999984741211,55.08000183105469,55.779998779296875,55.59000015258789,467800.0,54.67881774902344
2016-07-29,57.0,55.560001373291016,55.560001373291016,56.91999816894531,704700.0,55.987022399902344
2016-08-01,57.279998779296875,56.599998474121094,56.869998931884766,56.689998626708984,520000.0,55.760780334472656
2016-08-02,56.630001068115234,55.43000030517578,56.529998779296875,55.90999984741211,327400.0,54.99356460571289
2016-08-03,55.880001068115234,55.45000076293945,55.79999923706055,55.75,269700.0,54.83619689941406
2016-08-04,55.97999954223633,55.4900016784668,55.849998474121094,55.720001220703125,487400.0,54.80669021606445
2016-08-05,56.59000015258789,54.72999954223633,55.65999984741211,54.849998474121094,1109500.0,53.95094680786133
2016-08-08,54.9900016784668,54.27000045776367,54.79999923706055,54.59000015258789,562700.0,53.69520568847656
2016-08-09,55.08000183105469,54.40999984741211,54.619998931884766,54.720001220703125,451900.0,53.823081970214844
2016-08-10,54.83000183105469,54.20000076293945,54.83000183105469,54.540000915527344,587900.0,53.64603042602539
2016-08-11,54.90999984741211,54.36000061035156,54.650001525878906,54.720001220703125,323700.0,53.823081970214844
2016-08-12,54.619998931884766,54.25,54.619998931884766,54.40999984741211,201000.0,53.51816177368164
2016-08-15,54.79999923706055,54.41999816894531,54.61000061035156,54.61000061035156,278700.0,53.714881896972656
2016-08-16,54.81999969482422,54.380001068115234,54.38999938964844,54.709999084472656,464800.0,53.81324005126953
2016-08-17,55.09000015258789,54.540000915527344,54.68000030517578,54.90999984741211,567200.0,54.00996780395508
2016-08-18,54.9900016784668,54.400001525878906,54.75,54.959999084472656,387800.0,54.05913543701172
2016-08-19,55.369998931884766,54.77000045776367,54.77000045776367,55.29999923706055,396100.0,54.3935661315918
2016-08-22,55.290000915527344,54.939998626708984,55.27000045776367,55.099998474121094,351100.0,54.19685363769531
2016-08-23,56.2400016784668,55.279998779296875,55.279998779296875,55.939998626708984,619300.0,55.023075103759766
2016-08-24,55.86000061035156,54.029998779296875,55.810001373291016,54.09000015258789,589700.0,53.203407287597656
2016-08-25,54.599998474121094,53.81999969482422,54.11000061035156,54.08000183105469,252000.0,53.19356918334961
2016-08-26,54.72999954223633,53.84000015258789,54.189998626708984,54.06999969482422,271600.0,53.18373107910156
2016-08-29,54.630001068115234,54.060001373291016,54.060001373291016,54.40999984741211,239600.0,53.51816177368164
2016-08-30,54.619998931884766,53.65999984741211,54.4900016784668,53.7599983215332,371100.0,52.87880325317383
2016-08-31,53.79999923706055,52.959999084472656,53.65999984741211,53.25,651900.0,52.377166748046875
2016-09-01,53.529998779296875,52.9900016784668,53.27000045776367,53.2599983215332,490000.0,52.38700866699219
2016-09-02,54.529998779296875,53.27000045776367,54.529998779296875,53.459999084472656,276300.0,52.5837287902832
2016-09-06,53.779998779296875,53.400001525878906,53.470001220703125,53.77000045776367,491400.0,52.888648986816406
2016-09-07,54.5,53.66999816894531,53.779998779296875,54.47999954223633,582500.0,53.587013244628906
2016-09-08,54.93000030517578,54.34000015258789,54.47999954223633,54.849998474121094,645800.0,53.95094680786133
2016-09-09,54.650001525878906,52.75,54.34000015258789,52.75,899700.0,51.88536834716797
2016-09-12,53.15999984741211,52.0,52.08000183105469,53.029998779296875,541200.0,52.1607666015625
2016-09-13,52.720001220703125,51.4900016784668,52.560001373291016,51.970001220703125,456600.0,51.11815643310547
2016-09-14,52.54999923706055,51.68000030517578,52.08000183105469,51.939998626708984,272600.0,51.08864974975586
2016-09-15,53.31999969482422,51.900001525878906,51.97999954223633,53.15999984741211,416600.0,52.28864288330078
2016-09-16,53.65999984741211,52.93000030517578,53.25,53.31999969482422,1353700.0,52.446022033691406
2016-09-19,54.310001373291016,53.369998931884766,53.65999984741211,53.81999969482422,611600.0,52.93783187866211
2016-09-20,54.33000183105469,53.150001525878906,53.97999954223633,53.31999969482422,718600.0,52.446022033691406
2016-09-21,54.36000061035156,53.36000061035156,53.709999084472656,54.290000915527344,408900.0,53.40011978149414
2016-09-22,55.75,54.75,54.86000061035156,55.61000061035156,885100.0,54.698490142822266
2016-09-23,55.75,55.31999969482422,55.58000183105469,55.529998779296875,464900.0,54.61979675292969
2016-09-26,55.75,54.91999816894531,55.18000030517578,55.22999954223633,613600.0,54.32471466064453
2016-09-27,56.040000915527344,55.099998474121094,55.2599983215332,56.029998779296875,463100.0,55.11159896850586
2016-09-28,56.220001220703125,55.70000076293945,56.040000915527344,56.15999984741211,595800.0,55.239471435546875
2016-09-29,56.18000030517578,54.84000015258789,56.060001373291016,55.13999938964844,363100.0,54.23618698120117
2016-09-30,56.34000015258789,55.220001220703125,55.22999954223633,56.11000061035156,536300.0,55.19029235839844
2016-10-03,55.66999816894531,55.16999816894531,55.58000183105469,55.59000015258789,540200.0,54.67881774902344
2016-10-04,56.20000076293945,55.619998931884766,55.619998931884766,55.77000045776367,702500.0,54.85586166381836
2016-10-05,56.529998779296875,56.060001373291016,56.18000030517578,56.41999816894531,576600.0,55.495208740234375
2016-10-06,56.439998626708984,55.75,56.189998626708984,56.43000030517578,795500.0,55.50503921508789
2016-10-07,56.5,55.27000045776367,56.5,55.70000076293945,1029600.0,54.78702163696289
2016-10-10,56.209999084472656,55.400001525878906,56.09000015258789,55.459999084472656,656300.0,54.55095291137695
2016-10-11,54.83000183105469,53.439998626708984,54.83000183105469,53.81999969482422,831200.0,52.93783187866211
2016-10-12,53.72999954223633,52.869998931884766,53.65999984741211,52.880001068115234,555100.0,52.08097457885742
2016-10-13,52.7599983215332,52.0099983215332,52.439998626708984,52.060001373291016,562800.0,51.27336502075195
2016-10-14,52.45000076293945,51.619998931884766,52.43000030517578,52.11000061035156,847900.0,51.32261276245117
2016-10-17,52.13999938964844,51.630001068115234,52.13999938964844,51.810001373291016,672100.0,51.02714920043945
2016-10-18,52.58000183105469,52.06999969482422,52.470001220703125,52.4900016784668,490200.0,51.69687271118164
2016-10-19,52.86000061035156,52.349998474121094,52.66999816894531,52.810001373291016,327100.0,52.01203155517578
2016-10-20,53.0099983215332,52.630001068115234,52.79999923706055,52.93000030517578,349000.0,52.13022232055664
2016-10-21,52.709999084472656,52.02000045776367,52.5,52.689998626708984,419800.0,51.89384078979492
2016-10-24,53.2400016784668,52.869998931884766,53.0,53.08000183105469,387800.0,52.2779655456543
2016-10-25,52.7400016784668,50.93000030517578,52.7400016784668,51.15999984741211,1489900.0,50.386966705322266
2016-10-26,51.40999984741211,50.40999984741211,50.939998626708984,50.61000061035156,1090000.0,49.84527587890625
2016-10-27,51.31999969482422,50.84000015258789,50.91999816894531,50.90999984741211,617800.0,50.140743255615234
2016-10-28,51.22999954223633,50.59000015258789,50.81999969482422,50.79999923706055,550900.0,50.032405853271484
2016-10-31,51.09000015258789,50.7400016784668,50.86000061035156,50.88999938964844,501900.0,50.12104415893555
2016-11-01,51.130001068115234,49.939998626708984,51.130001068115234,50.52000045776367,468000.0,49.75663375854492
2016-11-02,50.72999954223633,50.0099983215332,50.31999969482422,50.02000045776367,523700.0,49.26418685913086
2016-11-03,50.400001525878906,49.93000030517578,49.93000030517578,50.16999816894531,470900.0,49.411922454833984
2016-11-04,51.709999084472656,50.369998931884766,50.369998931884766,51.06999969482422,713200.0,50.2983283996582
2016-11-07,52.4900016784668,51.65999984741211,52.06999969482422,51.869998931884766,769600.0,51.08623504638672
2016-11-08,51.13999938964844,45.349998474121094,47.91999816894531,50.720001220703125,1734900.0,49.953617095947266
2016-11-09,52.029998779296875,49.58000183105469,52.029998779296875,50.790000915527344,810100.0,50.02255630493164
2016-11-10,52.279998779296875,50.959999084472656,52.279998779296875,51.209999084472656,1116500.0,50.43620681762695
2016-11-11,51.34000015258789,50.58000183105469,50.91999816894531,50.900001525878906,974400.0,50.13090133666992
2016-11-14,51.36000061035156,50.209999084472656,50.95000076293945,50.27000045776367,975500.0,49.510414123535156
2016-11-15,51.099998474121094,50.08000183105469,50.369998931884766,50.91999816894531,774100.0,50.15059280395508
2016-11-16,52.310001373291016,50.880001068115234,50.880001068115234,51.459999084472656,1079900.0,50.68242263793945
2016-11-17,51.599998474121094,50.72999954223633,51.459999084472656,50.939998626708984,497000.0,50.17029571533203
2016-11-18,51.11000061035156,49.720001220703125,50.880001068115234,49.95000076293945,740600.0,49.195247650146484
2016-11-21,50.58000183105469,50.040000915527344,50.040000915527344,50.58000183105469,533400.0,49.815738677978516
2016-11-22,50.72999954223633,50.290000915527344,50.58000183105469,50.65999984741211,629700.0,49.8945198059082
2016-11-23,51.939998626708984,50.09000015258789,50.09000015258789,51.90999984741211,530900.0,51.12562942504883
2016-11-25,52.540000915527344,51.2599983215332,52.060001373291016,51.540000915527344,311400.0,50.76122283935547
2016-11-28,51.5099983215332,50.90999984741211,51.5099983215332,50.939998626708984,641800.0,50.17029571533203
2016-11-29,51.77000045776367,50.81999969482422,50.81999969482422,51.16999816894531,469500.0,50.39680862426758
2016-11-30,51.61000061035156,50.61000061035156,51.349998474121094,50.720001220703125,602900.0,49.953617095947266
2016-12-01,51.189998626708984,50.66999816894531,50.7599983215332,50.7400016784668,788000.0,49.97331237792969
2016-12-02,51.38999938964844,50.5099983215332,50.7400016784668,50.9900016784668,470900.0,50.21953201293945
2016-12-05,51.52000045776367,50.83000183105469,51.40999984741211,51.150001525878906,481800.0,50.37710952758789
2016-12-06,52.13999938964844,50.88999938964844,51.18000030517578,52.099998474121094,448200.0,51.31275939941406
2016-12-07,52.7599983215332,51.880001068115234,52.0,52.7400016784668,968200.0,51.943092346191406
2016-12-08,53.34000015258789,52.459999084472656,52.630001068115234,53.04999923706055,583900.0,52.2484016418457
2016-12-09,53.79999923706055,53.0,53.0,53.560001373291016,526800.0,52.750701904296875
2016-12-12,53.7400016784668,53.0,53.2599983215332,53.560001373291016,774600.0,52.750701904296875
2016-12-13,54.15999984741211,53.45000076293945,53.540000915527344,54.0099983215332,635200.0,53.19388961791992
2016-12-14,54.189998626708984,53.349998474121094,54.08000183105469,53.560001373291016,1014100.0,52.750701904296875
2016-12-15,54.060001373291016,53.33000183105469,53.36000061035156,53.9900016784668,638200.0,53.17420196533203
2016-12-16,54.22999954223633,53.720001220703125,54.029998779296875,53.869998931884766,2099900.0,53.056007385253906
2016-12-19,54.36000061035156,53.369998931884766,53.86000061035156,53.439998626708984,776300.0,52.63250732421875
2016-12-20,53.72999954223633,53.380001068115234,53.47999954223633,53.52000045776367,401200.0,52.7113037109375
2016-12-21,53.650001525878906,52.959999084472656,53.369998931884766,53.09000015258789,952000.0,52.287803649902344
2016-12-22,53.279998779296875,52.16999816894531,52.880001068115234,52.34000015258789,970100.0,51.54913330078125
2016-12-23,52.720001220703125,52.189998626708984,52.40999984741211,52.65999984741211,312200.0,51.864295959472656
2016-12-27,52.880001068115234,52.439998626708984,52.68000030517578,52.68000030517578,365000.0,51.883995056152344
2016-12-28,52.849998474121094,52.130001068115234,52.849998474121094,52.189998626708984,290900.0,51.40140151977539
2016-12-29,52.5099983215332,52.099998474121094,52.310001373291016,52.18000030517578,356000.0,51.39155197143555
2016-12-30,52.47999954223633,51.95000076293945,52.41999816894531,52.150001525878906,355800.0,51.36200714111328
2017-01-03,53.130001068115234,52.290000915527344,52.349998474121094,52.9900016784668,625400.0,52.1893196105957
2017-01-04,53.58000183105469,52.869998931884766,53.18000030517578,53.29999923706055,497300.0,52.494625091552734
2017-01-05,53.45000076293945,52.58000183105469,53.2599983215332,52.72999954223633,574500.0,51.93324279785156
2017-01-06,53.54999923706055,52.619998931884766,52.65999984741211,53.11000061035156,1180100.0,52.3075065612793
2017-01-09,53.869998931884766,53.13999938964844,53.13999938964844,53.54999923706055,705800.0,52.7408447265625
2017-01-10,53.7400016784668,53.31999969482422,53.7400016784668,53.34000015258789,679500.0,52.534027099609375
2017-01-11,53.58000183105469,52.36000061035156,53.15999984741211,53.040000915527344,629600.0,52.23855972290039
2017-01-12,53.0,52.41999816894531,52.97999954223633,52.959999084472656,931700.0,52.15976333618164
2017-01-13,54.060001373291016,53.0099983215332,53.0099983215332,53.900001525878906,778600.0,53.085567474365234
2017-01-17,53.58000183105469,52.900001525878906,53.58000183105469,52.93000030517578,767000.0,52.13022232055664
2017-01-18,53.040000915527344,52.290000915527344,52.90999984741211,52.43000030517578,705900.0,51.70616149902344
2017-01-19,52.77000045776367,51.959999084472656,52.099998474121094,52.119998931884766,728400.0,51.40043640136719
2017-01-20,52.36000061035156,51.630001068115234,52.25,51.709999084472656,470100.0,50.99609375
2017-01-23,51.900001525878906,51.43000030517578,51.43000030517578,51.689998626708984,725200.0,50.97636413574219
2017-01-24,52.22999954223633,51.060001373291016,52.0,51.56999969482422,686500.0,50.858028411865234
2017-01-25,52.70000076293945,51.58000183105469,51.720001220703125,52.279998779296875,619000.0,51.558223724365234
2017-01-26,52.459999084472656,51.720001220703125,52.290000915527344,52.060001373291016,437500.0,51.34126663208008
2017-01-27,52.720001220703125,52.0099983215332,52.09000015258789,52.31999969482422,468400.0,51.59767532348633
2017-01-30,52.2599983215332,51.41999816894531,52.220001220703125,51.79999923706055,588100.0,51.08485412597656
2017-01-31,53.189998626708984,51.7400016784668,51.849998474121094,53.189998626708984,607800.0,52.455665588378906
2017-02-01,53.959999084472656,53.099998474121094,53.150001525878906,53.7599983215332,742200.0,53.017799377441406
2017-02-02,54.0,53.189998626708984,53.560001373291016,53.849998474121094,1032200.0,53.10654830932617
2017-02-03,53.66999816894531,50.59000015258789,51.0,52.16999816894531,2022500.0,51.44974136352539
2017-02-06,52.459999084472656,51.7599983215332,52.09000015258789,52.31999969482422,725100.0,51.59767532348633
2017-02-07,53.04999923706055,52.25,52.36000061035156,52.689998626708984,811000.0,51.96256637573242
2017-02-08,53.560001373291016,52.630001068115234,52.70000076293945,53.209999084472656,758300.0,52.47538757324219
2017-02-09,54.18000030517578,53.15999984741211,53.209999084472656,53.72999954223633,603100.0,52.98821258544922
2017-02-10,54.119998931884766,53.630001068115234,53.790000915527344,53.970001220703125,569000.0,53.22489547729492
2017-02-13,54.540000915527344,54.0,54.02000045776367,54.38999938964844,561800.0,53.639095306396484
2017-02-14,54.47999954223633,53.9900016784668,54.209999084472656,54.400001525878906,577000.0,53.648956298828125
2017-02-15,55.66999816894531,54.25,54.33000183105469,55.54999923706055,1078200.0,54.78307342529297
2017-02-16,55.619998931884766,55.060001373291016,55.40999984741211,55.31999969482422,701400.0,54.55625534057617
2017-02-17,55.939998626708984,55.130001068115234,55.130001068115234,55.939998626708984,405300.0,55.16769790649414
2017-02-21,56.13999938964844,55.400001525878906,55.90999984741211,55.65999984741211,592400.0,54.891571044921875
2017-02-22,55.68000030517578,55.18000030517578,55.4900016784668,55.20000076293945,425200.0,54.43791580200195
2017-02-23,55.45000076293945,54.619998931884766,55.369998931884766,55.11000061035156,554000.0,54.349151611328125
2017-02-24,55.130001068115234,54.65999984741211,54.779998779296875,55.040000915527344,971900.0,54.28013610839844
2017-02-27,55.209999084472656,54.81999969482422,54.90999984741211,54.9900016784668,565600.0,54.230812072753906
2017-02-28,54.91999816894531,54.209999084472656,54.77000045776367,54.2599983215332,588000.0,53.51089096069336
2017-03-01,55.43000030517578,54.619998931884766,54.689998626708984,55.25,942800.0,54.487220764160156
2017-03-02,55.459999084472656,54.56999969482422,55.09000015258789,54.619998931884766,714600.0,53.86592483520508
2017-03-03,54.970001220703125,54.529998779296875,54.59000015258789,54.939998626708984,469800.0,54.18149948120117
2017-03-06,54.75,54.2400016784668,54.58000183105469,54.279998779296875,587600.0,53.530609130859375
2017-03-07,54.400001525878906,53.970001220703125,54.06999969482422,54.08000183105469,383500.0,53.333377838134766
2017-03-08,54.650001525878906,54.0099983215332,54.099998474121094,54.38999938964844,383200.0,53.639095306396484
2017-03-09,55.04999923706055,54.43000030517578,54.61000061035156,54.77000045776367,444900.0,54.01384735107422
2017-03-10,55.7599983215332,54.880001068115234,54.970001220703125,55.59000015258789,843400.0,54.82252502441406
2017-03-13,55.88999938964844,55.220001220703125,55.68000030517578,55.84000015258789,666300.0,55.06907653808594
2017-03-14,55.880001068115234,55.40999984741211,55.72999954223633,55.81999969482422,437700.0,55.04935836791992
2017-03-15,56.959999084472656,55.91999816894531,56.0,56.81999969482422,794300.0,56.03554916381836
2017-03-16,56.810001373291016,55.54999923706055,56.47999954223633,56.119998931884766,940400.0,55.34520721435547
2017-03-17,57.349998474121094,56.06999969482422,56.2400016784668,57.27000045776367,1139900.0,56.479331970214844
2017-03-20,57.31999969482422,56.790000915527344,57.27000045776367,57.13999938964844,981800.0,56.351131439208984
2017-03-21,57.70000076293945,57.06999969482422,57.31999969482422,57.27000045776367,1159100.0,56.479331970214844
2017-03-22,57.470001220703125,56.810001373291016,57.2599983215332,57.189998626708984,551200.0,56.40043640136719
2017-03-23,57.880001068115234,56.959999084472656,57.040000915527344,57.59000015258789,567000.0,56.794918060302734
2017-03-24,58.08000183105469,57.380001068115234,57.56999969482422,57.52000045776367,598200.0,56.72588348388672
2017-03-27,58.369998931884766,57.2400016784668,57.68000030517578,58.029998779296875,1322800.0,57.228843688964844
2017-03-28,58.2599983215332,57.58000183105469,58.119998931884766,57.959999084472656,679500.0,57.15980911254883
2017-03-29,58.0,57.560001373291016,57.83000183105469,57.90999984741211,326900.0,57.11049270629883
2017-03-30,58.189998626708984,57.77000045776367,57.77000045776367,57.90999984741211,381100.0,57.11049270629883
2017-03-31,58.31999969482422,57.66999816894531,57.95000076293945,58.060001373291016,443300.0,57.258426666259766
2017-04-03,58.400001525878906,57.84000015258789,58.029998779296875,58.0,689800.0,57.199256896972656
2017-04-04,58.06999969482422,57.349998474121094,57.9900016784668,57.459999084472656,531900.0,56.66671371459961
2017-04-05,57.97999954223633,57.220001220703125,57.459999084472656,57.2599983215332,677500.0,56.469482421875
2017-04-06,57.95000076293945,57.08000183105469,57.439998626708984,57.849998474121094,403100.0,57.05132293701172
2017-04-07,58.029998779296875,57.61000061035156,57.720001220703125,57.849998474121094,463100.0,57.05132293701172
2017-04-10,58.08000183105469,57.59000015258789,57.84000015258789,57.630001068115234,313500.0,56.83436584472656
2017-04-11,57.72999954223633,57.09000015258789,57.5,57.459999084472656,363100.0,56.73563003540039
2017-04-12,57.630001068115234,56.97999954223633,57.540000915527344,57.130001068115234,589200.0,56.47859573364258
2017-04-13,57.41999816894531,56.90999984741211,57.06999969482422,56.95000076293945,501100.0,56.30064010620117
2017-04-17,57.84000015258789,57.11000061035156,57.25,57.779998779296875,496200.0,57.12117385864258
2017-04-18,57.79999923706055,57.029998779296875,57.54999923706055,57.599998474121094,528300.0,56.94322204589844
2017-04-19,57.66999816894531,56.209999084472656,56.91999816894531,57.40999984741211,632300.0,56.755393981933594
2017-04-20,57.59000015258789,56.970001220703125,57.59000015258789,57.2400016784668,909200.0,56.587337493896484
2017-04-21,57.43000030517578,56.97999954223633,57.2400016784668,57.220001220703125,648100.0,56.56756591796875
2017-04-24,58.36000061035156,57.880001068115234,58.02000045776367,58.209999084472656,361700.0,57.5462760925293
2017-04-25,59.029998779296875,58.029998779296875,58.5,58.650001525878906,499900.0,57.98125457763672
2017-04-26,60.0099983215332,58.72999954223633,58.790000915527344,59.97999954223633,1145700.0,59.29608917236328
2017-04-27,60.349998474121094,59.720001220703125,60.0,59.90999984741211,827200.0,59.226898193359375
2017-04-28,59.970001220703125,59.06999969482422,59.91999816894531,59.40999984741211,513000.0,58.73259353637695
2017-05-01,60.06999969482422,59.52000045776367,59.75,59.93000030517578,561100.0,59.24666213989258
2017-05-02,60.5099983215332,59.34000015258789,60.0,59.63999938964844,529700.0,58.959964752197266
2017-05-03,59.779998779296875,59.04999923706055,59.65999984741211,59.63999938964844,456700.0,58.959964752197266
2017-05-04,60.7599983215332,59.630001068115234,59.630001068115234,60.4900016784668,649900.0,59.80027770996094
2017-05-05,61.97999954223633,60.119998931884766,61.11000061035156,61.599998474121094,1397900.0,60.897621154785156
2017-05-08,62.040000915527344,61.27000045776367,61.599998474121094,61.88999938964844,590500.0,61.1843147277832
2017-05-09,62.68000030517578,61.560001373291016,61.86000061035156,62.560001373291016,692200.0,61.84667205810547
2017-05-10,62.7400016784668,62.060001373291016,62.56999969482422,62.66999816894531,499800.0,61.955421447753906
2017-05-11,62.650001525878906,62.099998474121094,62.380001068115234,62.560001373291016,405700.0,61.84667205810547
2017-05-12,62.91999816894531,62.33000183105469,62.54999923706055,62.380001068115234,796900.0,61.66872787475586
2017-05-15,62.81999969482422,62.27000045776367,62.349998474121094,62.7599983215332,756600.0,62.04438781738281
2017-05-16,62.900001525878906,62.20000076293945,62.81999969482422,62.540000915527344,706500.0,61.826908111572266
2017-05-17,62.540000915527344,61.380001068115234,62.540000915527344,61.61000061035156,780600.0,60.90751266479492
2017-05-18,62.2400016784668,61.56999969482422,61.619998931884766,61.65999984741211,630000.0,60.956939697265625
2017-05-19,62.310001373291016,61.5,61.90999984741211,61.9900016784668,528400.0,61.283172607421875
2017-05-22,62.22999954223633,61.779998779296875,62.04999923706055,62.16999816894531,392700.0,61.461124420166016
2017-05-23,62.900001525878906,61.90999984741211,62.59000015258789,62.060001373291016,392100.0,61.352378845214844
2017-05-24,62.45000076293945,61.88999938964844,62.13999938964844,62.400001525878906,273900.0,61.68850326538086
2017-05-25,62.849998474121094,62.279998779296875,62.380001068115234,62.79999923706055,331500.0,62.08393478393555
2017-05-26,63.029998779296875,62.7599983215332,62.77000045776367,62.79999923706055,504300.0,62.08393478393555
2017-05-30,62.9900016784668,62.619998931884766,62.75,62.959999084472656,278400.0,62.24211120605469
2017-05-31,63.150001525878906,62.720001220703125,63.0,63.060001373291016,418800.0,62.34097671508789
2017-06-01,64.08999633789062,62.95000076293945,63.099998474121094,63.97999954223633,862200.0,63.25048065185547
2017-06-02,64.94999694824219,63.959999084472656,64.0199966430664,64.87000274658203,410500.0,64.13035583496094
2017-06-05,65.06999969482422,64.58000183105469,64.80000305175781,64.87999725341797,468100.0,64.14022827148438
2017-06-06,65.3499984741211,64.69999694824219,64.76000213623047,64.75,662400.0,64.01171112060547
2017-06-07,65.0199966430664,64.19000244140625,64.80999755859375,64.69999694824219,496600.0,63.96228790283203
2017-06-08,64.79000091552734,63.88999938964844,64.69999694824219,64.22000122070312,358000.0,63.48774719238281
2017-06-09,64.5199966430664,63.619998931884766,64.18000030517578,63.90999984741211,505300.0,63.18128204345703
2017-06-12,63.900001525878906,63.15999984741211,63.61000061035156,63.70000076293945,528400.0,62.97367477416992
2017-06-13,64.45999908447266,63.77000045776367,63.790000915527344,64.12999725341797,322900.0,63.398765563964844
2017-06-14,64.37999725341797,63.72999954223633,64.33999633789062,64.0199966430664,345900.0,63.29002380371094
2017-06-15,63.97999954223633,63.45000076293945,63.68000030517578,63.86000061035156,466300.0,63.131858825683594
2017-06-16,64.3499984741211,63.5,63.959999084472656,63.56999969482422,960600.0,62.845157623291016
2017-06-19,67.7300033569336,64.75,64.75,67.7300033569336,2241900.0,66.95773315429688
2017-06-20,68.91000366210938,67.2300033569336,67.73999786376953,68.0999984741211,1055700.0,67.32351684570312
2017-06-21,68.43000030517578,67.72000122070312,68.08999633789062,68.12999725341797,710800.0,67.35316467285156
2017-06-22,68.12000274658203,67.30999755859375,68.12000274658203,67.80000305175781,902400.0,67.02693939208984
2017-06-23,68.51000213623047,67.52999877929688,68.19000244140625,68.44999694824219,945600.0,67.66952514648438
2017-06-26,68.62999725341797,68.08000183105469,68.36000061035156,68.0999984741211,557700.0,67.32351684570312
2017-06-27,68.23999786376953,67.5199966430664,67.97000122070312,67.55000305175781,504100.0,66.77977752685547
2017-06-28,68.66000366210938,67.87000274658203,67.98999786376953,68.27999877929688,360200.0,67.50145721435547
2017-06-29,68.29000091552734,67.25,68.29000091552734,67.7300033569336,654700.0,66.95773315429688
2017-06-30,68.5199966430664,67.95999908447266,67.95999908447266,68.13999938964844,348800.0,67.36304473876953
2017-07-03,69.19000244140625,67.70999908447266,68.4000015258789,67.7300033569336,699200.0,66.95773315429688
2017-07-05,68.41000366210938,67.7300033569336,67.9000015258789,68.25,424800.0,67.4717788696289
2017-07-06,68.06999969482422,67.37999725341797,67.8499984741211,67.52999877929688,475500.0,66.76000213623047
2017-07-07,68.08000183105469,67.6500015258789,67.6500015258789,67.97000122070312,469000.0,67.19499206542969
2017-07-10,68.69999694824219,67.7300033569336,68.12000274658203,68.45999908447266,377100.0,67.67941284179688
2017-07-11,68.91000366210938,68.06999969482422,68.5999984741211,68.66999816894531,466400.0,67.88700866699219
2017-07-12,69.48999786376953,68.7300033569336,69.08999633789062,68.98999786376953,341900.0,68.20336151123047
2017-07-13,69.37999725341797,68.47000122070312,68.91999816894531,69.25,578200.0,68.46039581298828
2017-07-14,69.5199966430664,68.97000122070312,69.26000213623047,69.45999908447266,294000.0,68.66799926757812
2017-07-17,70.16000366210938,69.18000030517578,69.5199966430664,69.94000244140625,594200.0,69.14253997802734
2017-07-18,70.0,69.11000061035156,70.0,69.41000366210938,728800.0,68.61857604980469
2017-07-19,69.91999816894531,69.29000091552734,69.66999816894531,69.38999938964844,411200.0,68.66805267333984
2017-07-20,69.81999969482422,69.2699966430664,69.45999908447266,69.45999908447266,245600.0,68.7373275756836
2017-07-21,69.79000091552734,69.29000091552734,69.36000061035156,69.5199966430664,388700.0,68.79669952392578
2017-07-24,69.87999725341797,69.12999725341797,69.52999877929688,69.37000274658203,348600.0,68.64826202392578
2017-07-25,69.61000061035156,68.16999816894531,69.5199966430664,68.2300033569336,706200.0,67.52013397216797
2017-07-26,68.18000030517578,66.0199966430664,68.06999969482422,66.08999633789062,1516700.0,65.40238952636719
2017-07-27,66.41000366210938,65.56999969482422,66.36000061035156,65.79000091552734,810000.0,65.10552215576172
2017-07-28,66.1500015258789,65.44000244140625,65.8499984741211,65.88999938964844,654100.0,65.2044677734375
2017-07-31,66.41000366210938,65.75,66.16000366210938,65.83000183105469,606200.0,65.14508056640625
2017-08-01,66.47000122070312,65.9000015258789,66.1500015258789,66.22000122070312,1026900.0,65.53103637695312
2017-08-02,66.8499984741211,66.25,66.55000305175781,66.72000122070312,467600.0,66.02583312988281
2017-08-03,66.73999786376953,65.9800033569336,66.62999725341797,66.3499984741211,724100.0,65.65966796875
2017-08-04,66.0,63.029998779296875,66.0,64.29000091552734,1510700.0,63.621124267578125
2017-08-07,66.26000213623047,64.37000274658203,64.61000061035156,65.80000305175781,896400.0,65.11540985107422
2017-08-08,66.11000061035156,63.849998474121094,65.73999786376953,64.02999877929688,894900.0,63.36381149291992
2017-08-09,64.30000305175781,63.369998931884766,63.790000915527344,64.25,564500.0,63.58152770996094
2017-08-10,64.0,62.900001525878906,63.90999984741211,62.95000076293945,638900.0,62.29505920410156
2017-08-11,64.1500015258789,62.43000030517578,62.68000030517578,63.93000030517578,497400.0,63.264862060546875
2017-08-14,64.66000366210938,63.790000915527344,64.45999908447266,64.0,570800.0,63.334129333496094
2017-08-15,64.3499984741211,63.959999084472656,64.06999969482422,64.13999938964844,715200.0,63.4726676940918
2017-08-16,64.93000030517578,64.13999938964844,64.43000030517578,64.63999938964844,516200.0,63.967464447021484
2017-08-17,64.81999969482422,63.599998474121094,64.54000091552734,63.65999984741211,433600.0,62.99767303466797
2017-08-18,63.959999084472656,63.11000061035156,63.560001373291016,63.470001220703125,403200.0,62.80964660644531
2017-08-21,64.19000244140625,63.369998931884766,63.47999954223633,64.1500015258789,556100.0,63.482566833496094
2017-08-22,65.08999633789062,64.18000030517578,64.3499984741211,64.94000244140625,435000.0,64.26435089111328
2017-08-23,65.16000366210938,64.58000183105469,64.93000030517578,65.02999877929688,441300.0,64.35342407226562
2017-08-24,65.5199966430664,64.87999725341797,65.12999725341797,65.18000030517578,295900.0,64.50186920166016
2017-08-25,65.62999725341797,65.22000122070312,65.4000015258789,65.3499984741211,294000.0,64.67009735107422
2017-08-28,66.04000091552734,65.38999938964844,65.63999938964844,65.70999908447266,318100.0,65.02633666992188
2017-08-29,65.94999694824219,65.27999877929688,65.38999938964844,65.87999725341797,319300.0,65.19456481933594
2017-08-30,66.37999725341797,65.81999969482422,65.87000274658203,66.19000244140625,439600.0,65.50133514404297
2017-08-31,67.23999786376953,66.22000122070312,66.3499984741211,66.98999786376953,423600.0,66.29302215576172
2017-09-01,67.2300033569336,66.79000091552734,67.04000091552734,66.98999786376953,746300.0,66.29302215576172
2017-09-05,67.2300033569336,66.4800033569336,66.83000183105469,67.19999694824219,554000.0,66.5008316040039
2017-09-06,67.77999877929688,67.2699966430664,67.5,67.58999633789062,557500.0,66.88676452636719
2017-09-07,67.86000061035156,67.26000213623047,67.83000183105469,67.83000183105469,600400.0,67.12429809570312
2017-09-08,68.26000213623047,67.44000244140625,67.83999633789062,67.6500015258789,660700.0,66.94615173339844
2017-09-11,68.58000183105469,67.5199966430664,67.9800033569336,68.30000305175781,771700.0,67.58939361572266
2017-09-12,68.66000366210938,68.22000122070312,68.43000030517578,68.55999755859375,1586300.0,67.84669494628906
2017-09-13,68.61000061035156,68.18000030517578,68.38999938964844,68.52999877929688,665000.0,67.81700134277344
2017-09-14,68.86000061035156,68.36000061035156,68.44999694824219,68.72000122070312,934100.0,68.0050277709961
2017-09-15,69.08999633789062,68.5,68.6500015258789,69.08000183105469,1078400.0,68.36128234863281
2017-09-18,69.55999755859375,68.91999816894531,69.30000305175781,69.4800033569336,757700.0,68.75711822509766
2017-09-19,69.61000061035156,68.9800033569336,69.61000061035156,69.05999755859375,957100.0,68.34148406982422
2017-09-20,69.23999786376953,68.6500015258789,69.08999633789062,68.98999786376953,562300.0,68.27220916748047
2017-09-21,68.9000015258789,68.0999984741211,68.9000015258789,68.19999694824219,659000.0,67.49042510986328
2017-09-22,68.33000183105469,67.80000305175781,68.13999938964844,68.16999816894531,378900.0,67.46073150634766
2017-09-25,68.45999908447266,67.88999938964844,68.08000183105469,68.44999694824219,339200.0,67.73783111572266
2017-09-26,69.05999755859375,67.51000213623047,68.91999816894531,68.18000030517578,547300.0,67.47064971923828
2017-09-27,68.68000030517578,67.83000183105469,68.18000030517578,68.45999908447266,388500.0,67.74773406982422
2017-09-28,68.55000305175781,67.87000274658203,68.31999969482422,68.33999633789062,330700.0,67.62896728515625
2017-09-29,69.1500015258789,68.06999969482422,68.26000213623047,68.97000122070312,432100.0,68.2524185180664
2017-10-02,69.76000213623047,69.05000305175781,69.19999694824219,69.47000122070312,611100.0,68.74722290039062
2017-10-03,70.1500015258789,69.3499984741211,69.80999755859375,70.08000183105469,719700.0,69.35088348388672
2017-10-04,70.2699966430664,69.86000061035156,70.0999984741211,70.19999694824219,595400.0,69.4696273803711
2017-10-05,70.58999633789062,70.05999755859375,70.4000015258789,70.44000244140625,423400.0,69.70712280273438
2017-10-06,70.61000061035156,70.06999969482422,70.1500015258789,70.61000061035156,300600.0,69.87535858154297
2017-10-09,70.8499984741211,70.3499984741211,70.63999938964844,70.62000274658203,1141400.0,69.88525390625
2017-10-10,70.98999786376953,70.4000015258789,70.68000030517578,70.87999725341797,351100.0,70.14254760742188
2017-10-11,71.80999755859375,70.83999633789062,70.83999633789062,71.5,1048100.0,70.75609588623047
2017-10-12,72.0,71.33000183105469,71.54000091552734,71.80999755859375,708100.0,71.06287384033203
2017-10-13,72.11000061035156,71.16999816894531,71.93000030517578,71.38999938964844,410200.0,70.64724731445312
2017-10-16,71.79000091552734,71.13999938964844,71.62999725341797,71.25,404300.0,70.50870513916016
2017-10-17,71.25,69.73999786376953,71.12999725341797,70.41000366210938,540400.0,69.67744445800781
2017-10-18,70.7699966430664,70.13999938964844,70.69999694824219,70.19000244140625,556900.0,69.4597396850586
2017-10-19,71.37000274658203,69.9800033569336,69.9800033569336,71.31999969482422,423300.0,70.64842987060547
2017-10-20,71.94000244140625,71.31999969482422,71.58999633789062,71.7300033569336,461600.0,71.05457305908203
2017-10-23,71.91000366210938,71.38999938964844,71.7300033569336,71.63999938964844,525700.0,70.96540832519531
2017-10-24,71.93000030517578,71.11000061035156,71.91999816894531,71.61000061035156,614500.0,70.93572235107422
2017-10-25,72.2699966430664,70.98999786376953,71.91999816894531,71.41999816894531,450500.0,70.74748992919922
2017-10-26,72.25,71.05000305175781,71.47000122070312,72.0999984741211,613800.0,71.42108154296875
2017-10-27,72.7699966430664,71.47000122070312,72.20999908447266,72.72000122070312,583400.0,72.03526306152344
2017-10-30,72.81999969482422,71.5999984741211,72.4000015258789,71.83000183105469,508300.0,71.15362548828125
2017-10-31,72.62000274658203,71.79000091552734,71.95999908447266,72.31999969482422,607900.0,71.6390151977539
2017-11-01,73.05000305175781,72.2699966430664,72.75,72.2699966430664,519000.0,71.5894775390625
2017-11-02,72.62000274658203,71.81999969482422,71.98999786376953,72.06999969482422,694800.0,71.39136505126953
2017-11-03,72.27999877929688,70.37000274658203,72.06999969482422,70.62000274658203,863700.0,69.95501708984375
2017-11-06,70.93000030517578,70.0999984741211,70.51000213623047,70.55000305175781,761400.0,69.88568878173828
2017-11-07,71.16000366210938,70.37999725341797,70.69000244140625,71.12999725341797,971400.0,70.46021270751953
2017-11-08,71.72000122070312,70.77999877929688,71.04000091552734,71.4800033569336,472200.0,70.80692291259766
2017-11-09,71.5199966430664,70.66999816894531,70.88999938964844,71.45999908447266,523800.0,70.78710174560547
2017-11-10,71.48999786376953,71.1500015258789,71.30000305175781,71.33000183105469,1027600.0,70.65834045410156
2017-11-13,71.5,70.81999969482422,70.94999694824219,71.2699966430664,512200.0,70.59889221191406
2017-11-14,71.66000366210938,70.86000061035156,71.01000213623047,71.61000061035156,671600.0,70.93572235107422
2017-11-15,71.68000030517578,70.87000274658203,71.48999786376953,71.12999725341797,883700.0,70.46021270751953
2017-11-16,72.45999908447266,71.05000305175781,71.33000183105469,72.30000305175781,567100.0,71.61921691894531
2017-11-17,72.45999908447266,71.68000030517578,72.05000305175781,72.30999755859375,614100.0,71.62911987304688
2017-11-20,72.79000091552734,72.18000030517578,72.2699966430664,72.75,555900.0,72.06495666503906
2017-11-21,73.43000030517578,72.58000183105469,72.83999633789062,73.26000213623047,925300.0,72.57015991210938
2017-11-22,73.30999755859375,72.8499984741211,73.29000091552734,73.04000091552734,325700.0,72.35224151611328
2017-11-24,73.37000274658203,73.0,73.26000213623047,73.36000061035156,248400.0,72.6692123413086
2017-11-27,73.73999786376953,73.06999969482422,73.16000366210938,73.55999755859375,480800.0,72.86734008789062
2017-11-28,73.95999908447266,73.16999816894531,73.86000061035156,73.80000305175781,457100.0,73.1050796508789
2017-11-29,74.11000061035156,73.01000213623047,73.80000305175781,73.18000030517578,520000.0,72.49091339111328
2017-11-30,73.9800033569336,73.05999755859375,73.5199966430664,73.68000030517578,1005400.0,72.98622131347656
2017-12-01,73.86000061035156,71.86000061035156,73.62000274658203,73.12000274658203,467200.0,72.43148040771484
2017-12-04,73.30000305175781,69.77999877929688,73.30000305175781,69.77999877929688,879500.0,69.12293243408203
2017-12-05,70.55999755859375,69.22000122070312,70.02999877929688,69.36000061035156,652300.0,68.7068862915039
2017-12-06,69.69999694824219,69.20999908447266,69.45999908447266,69.54000091552734,616100.0,68.88516998291016
2017-12-07,70.45999908447266,69.30999755859375,69.66000366210938,70.11000061035156,693200.0,69.44982147216797
2017-12-08,71.30999755859375,70.1500015258789,70.27999877929688,71.02999877929688,760600.0,70.36116027832031
2017-12-11,71.43000030517578,70.37999725341797,71.01000213623047,70.80999755859375,418800.0,70.14322662353516
2017-12-12,71.19999694824219,70.62000274658203,70.83999633789062,71.12000274658203,546800.0,70.45032501220703
2017-12-13,71.94999694824219,71.23999786376953,71.41999816894531,71.30999755859375,624400.0,70.63853454589844
2017-12-14,71.70999908447266,70.44000244140625,71.3499984741211,70.83000183105469,708100.0,70.1630630493164
2017-12-15,72.38999938964844,71.22000122070312,71.22000122070312,72.12999725341797,1165400.0,71.4508056640625
2017-12-18,73.23999786376953,72.30999755859375,72.30999755859375,73.16000366210938,531000.0,72.47111511230469
2017-12-19,74.12000274658203,73.3499984741211,73.9000015258789,73.83999633789062,566400.0,73.14470672607422
2017-12-20,74.05000305175781,73.23999786376953,73.91999816894531,73.6500015258789,542700.0,72.95648956298828
2017-12-21,74.0,73.08000183105469,73.83000183105469,73.27999877929688,563700.0,72.5899658203125
2017-12-22,73.29000091552734,72.55999755859375,73.20999908447266,73.05000305175781,506500.0,72.36214447021484
2017-12-26,73.22000122070312,72.58000183105469,73.06999969482422,73.05000305175781,207600.0,72.36214447021484
2017-12-27,73.26000213623047,73.0,73.16000366210938,73.08999633789062,565700.0,72.40174865722656
2017-12-28,73.47000122070312,72.83000183105469,73.19999694824219,73.41999816894531,205300.0,72.72864532470703
2017-12-29,73.69999694824219,73.0999984741211,73.69999694824219,73.12000274658203,333000.0,72.43148040771484
2018-01-02,73.94000244140625,73.2699966430664,73.70999908447266,73.91000366210938,768500.0,73.21403503417969
2018-01-03,76.19999694824219,73.88999938964844,74.1500015258789,76.16000366210938,578700.0,75.44286346435547
2018-01-04,76.55999755859375,75.44000244140625,76.0999984741211,76.36000061035156,818500.0,75.64096069335938
2018-01-05,77.01000213623047,76.0199966430664,76.4800033569336,76.94000244140625,558300.0,76.21551513671875
2018-01-08,76.81999969482422,76.06999969482422,76.75,76.7699966430664,700100.0,76.04711151123047
2018-01-09,78.19000244140625,76.91000366210938,77.0999984741211,77.9000015258789,431500.0,77.16646575927734
2018-01-10,77.7699966430664,76.5199966430664,77.4800033569336,77.13999938964844,461000.0,76.41362762451172
2018-01-11,77.66999816894531,76.79000091552734,77.23999786376953,77.62000274658203,279000.0,76.88910675048828
2018-01-12,79.0199966430664,77.3499984741211,77.55000305175781,78.88999938964844,448700.0,78.14714050292969
2018-01-16,79.75,78.16999816894531,79.23999786376953,78.52999877929688,529700.0,77.79054260253906
2018-01-17,79.80000305175781,78.48999786376953,79.13999938964844,79.6500015258789,571800.0,78.89999389648438
2018-01-18,79.88999938964844,78.62999725341797,79.48999786376953,79.54000091552734,584400.0,78.86033630371094
2018-01-19,80.9000015258789,79.83000183105469,80.0,80.86000061035156,499400.0,80.16905212402344
2018-01-22,81.30000305175781,80.33000183105469,81.06999969482422,81.19999694824219,548100.0,80.50614929199219
2018-01-23,82.0199966430664,81.08999633789062,81.4000015258789,81.43000030517578,715500.0,80.73418426513672
2018-01-24,82.23999786376953,81.05000305175781,81.68000030517578,81.41999816894531,708200.0,80.72427368164062
2018-01-25,83.56999969482422,81.94999694824219,81.94999694824219,82.75,1152500.0,82.04290771484375
2018-01-26,84.48999786376953,81.6500015258789,83.66000366210938,82.75,1507800.0,82.04290771484375
2018-01-29,82.83999633789062,81.37999725341797,82.36000061035156,82.18000030517578,921700.0,81.47779083251953
2018-01-30,81.72000122070312,80.86000061035156,81.30999755859375,81.05000305175781,776000.0,80.35743713378906
2018-01-31,82.19999694824219,79.8499984741211,81.62000274658203,80.16000366210938,577700.0,79.47504425048828
2018-02-01,80.26000213623047,78.83000183105469,79.87000274658203,80.0199966430664,719200.0,79.33622741699219
2018-02-02,79.80000305175781,78.05999755859375,79.44000244140625,78.08000183105469,624500.0,77.41281127929688
2018-02-05,78.26000213623047,74.77999877929688,77.38999938964844,74.77999877929688,1008800.0,74.1410140991211
2018-02-06,76.56999969482422,73.0,73.25,76.0,1614700.0,75.35060119628906
2018-02-07,76.77999877929688,75.0199966430664,75.41000366210938,75.7699966430664,1114200.0,75.1225357055664
2018-02-08,75.73999786376953,72.0,75.44000244140625,72.05999755859375,1110500.0,71.4442367553711
2018-02-09,73.66000366210938,70.73999786376953,73.16999816894531,72.83000183105469,1213000.0,72.20769500732422
2018-02-12,74.9800033569336,72.79000091552734,73.70999908447266,74.5,947100.0,73.86339569091797
2018-02-13,74.31999969482422,73.69999694824219,74.12000274658203,74.22000122070312,516100.0,73.5857925415039
2018-02-14,75.55999755859375,73.6500015258789,73.6500015258789,75.45999908447266,560300.0,74.815185546875
2018-02-15,76.69999694824219,75.44000244140625,76.26000213623047,76.43000030517578,603900.0,75.77690887451172
2018-02-16,76.9800033569336,76.0999984741211,76.23999786376953,76.38999938964844,553400.0,75.73725891113281
2018-02-20,76.7300033569336,75.44999694824219,76.18000030517578,75.87000274658203,746100.0,75.2216796875
2018-02-21,77.73999786376953,75.7300033569336,75.81999969482422,76.18000030517578,568300.0,75.529052734375
2018-02-22,76.76000213623047,75.63999938964844,76.66000366210938,75.95999908447266,638600.0,75.31092834472656
2018-02-23,77.08000183105469,75.37000274658203,76.2300033569336,77.0199966430664,374200.0,76.36187744140625
2018-02-26,78.08000183105469,77.11000061035156,77.30999755859375,77.87000274658203,569800.0,77.20460510253906
2018-02-27,77.93000030517578,76.87999725341797,77.66999816894531,76.94999694824219,748000.0,76.29247283935547
2018-02-28,77.95999908447266,76.29000091552734,77.11000061035156,76.33999633789062,492600.0,75.68769073486328
2018-03-01,76.54000091552734,73.62999725341797,76.37000274658203,74.2699966430664,644200.0,73.63536071777344
2018-03-02,74.9000015258789,73.4000015258789,73.69000244140625,74.7300033569336,562000.0,74.09143829345703
2018-03-05,74.76000213623047,73.05999755859375,74.06999969482422,74.51000213623047,728600.0,73.87332153320312
2018-03-06,75.63999938964844,74.4800033569336,74.62000274658203,75.61000061035156,636800.0,74.96392059326172
2018-03-07,77.16999816894531,74.83999633789062,74.83999633789062,77.0,590100.0,76.342041015625
2018-03-08,77.37000274658203,76.2300033569336,77.08999633789062,77.19999694824219,579400.0,76.54033660888672
2018-03-09,79.2699966430664,77.29000091552734,77.62000274658203,79.22000122070312,679900.0,78.54308319091797
2018-03-12,79.81999969482422,78.51000213623047,79.33000183105469,78.77999877929688,604800.0,78.10682678222656
2018-03-13,79.33999633789062,77.8499984741211,79.2699966430664,78.08000183105469,363600.0,77.41281127929688
2018-03-14,78.77999877929688,76.80000305175781,78.30000305175781,77.08999633789062,447200.0,76.4312744140625
2018-03-15,77.9800033569336,76.94999694824219,77.1500015258789,77.5999984741211,456900.0,76.93690490722656
2018-03-16,78.33999633789062,77.29000091552734,77.62999725341797,77.33999633789062,1189600.0,76.67913055419922
2018-03-19,77.5199966430664,76.05000305175781,77.29000091552734,76.88999938964844,557500.0,76.23297882080078
2018-03-20,77.91000366210938,76.9000015258789,77.05000305175781,77.66999816894531,461800.0,77.00629425048828
2018-03-21,78.41000366210938,77.0999984741211,77.83999633789062,77.19999694824219,400800.0,76.54033660888672
2018-03-22,76.86000061035156,74.9800033569336,76.37000274658203,75.23999786376953,616000.0,74.59707641601562
2018-03-23,76.08000183105469,73.80999755859375,75.33999633789062,73.95999908447266,1146300.0,73.32801055908203
2018-03-26,76.41999816894531,74.0999984741211,75.16000366210938,76.27999877929688,843500.0,75.62818908691406
2018-03-27,76.6500015258789,74.86000061035156,76.5,75.5199966430664,952800.0,74.87468719482422
2018-03-28,76.01000213623047,74.5999984741211,75.81999969482422,74.87000274658203,547300.0,74.2302474975586
2018-03-29,76.41000366210938,74.80000305175781,75.05000305175781,75.72000122070312,647000.0,75.0729751586914
2018-04-02,75.62000274658203,73.3499984741211,75.62000274658203,74.08000183105469,976500.0,73.44700622558594
2018-04-03,75.58999633789062,73.80000305175781,74.68000030517578,75.33999633789062,963700.0,74.69622039794922
2018-04-04,75.68000030517578,73.45999908447266,74.33000183105469,75.5,690500.0,74.85485076904297
2018-04-05,76.55999755859375,75.38999938964844,75.83999633789062,75.9000015258789,795700.0,75.2514419555664
2018-04-06,75.87000274658203,72.76000213623047,75.41000366210938,73.19999694824219,511600.0,72.57450866699219
2018-04-09,75.36000061035156,73.4800033569336,73.66000366210938,74.1500015258789,530100.0,73.5163803100586
2018-04-10,75.87000274658203,74.55000305175781,74.9800033569336,75.43000030517578,639400.0,74.78546142578125
2018-04-11,75.13999938964844,74.11000061035156,74.66000366210938,74.33000183105469,420500.0,73.69485473632812
2018-04-12,75.08000183105469,74.37000274658203,74.66000366210938,74.55999755859375,690000.0,73.99258422851562
2018-04-13,75.0,73.94000244140625,75.0,74.41999816894531,335900.0,73.85362243652344
2018-04-16,75.69999694824219,74.76000213623047,75.18000030517578,75.37000274658203,276200.0,74.79641723632812
2018-04-17,75.98999786376953,75.44999694824219,75.81999969482422,75.80000305175781,329400.0,75.22314453125
2018-04-18,77.0199966430664,75.80999755859375,76.02999877929688,76.4000015258789,313900.0,75.81857299804688
2018-04-19,76.70999908447266,74.87000274658203,76.36000061035156,75.0999984741211,415400.0,74.52845764160156
2018-04-20,75.47000122070312,74.27999877929688,75.26000213623047,74.5999984741211,505300.0,74.03226470947266
2018-04-23,75.55000305175781,74.7699966430664,74.98999786376953,75.06999969482422,427700.0,74.49869537353516
2018-04-24,74.77999877929688,72.26000213623047,73.66999816894531,73.0199966430664,598200.0,72.46429443359375
2018-04-25,74.0999984741211,72.1500015258789,73.06999969482422,73.23999786376953,567100.0,72.68262481689453
2018-04-26,74.52999877929688,73.19000244140625,73.33000183105469,74.19999694824219,428000.0,73.63532257080078
2018-04-27,74.4800033569336,73.86000061035156,74.19999694824219,74.11000061035156,287500.0,73.5459976196289
2018-04-30,74.77999877929688,73.30000305175781,74.5,73.36000061035156,633800.0,72.80171966552734
2018-05-01,73.36000061035156,70.88999938964844,73.05999755859375,72.44999694824219,2093100.0,71.89862823486328
2018-05-02,73.33000183105469,71.91000366210938,72.48999786376953,72.16999816894531,1108500.0,71.62077331542969
2018-05-03,72.22000122070312,70.83000183105469,71.94999694824219,72.16999816894531,625300.0,71.62077331542969
2018-05-04,73.2300033569336,71.44999694824219,71.83000183105469,72.81999969482422,496500.0,72.26581573486328
2018-05-07,74.27999877929688,72.91000366210938,72.91000366210938,73.36000061035156,517000.0,72.80171966552734
2018-05-08,73.66999816894531,72.97000122070312,73.18000030517578,73.55000305175781,537400.0,72.9902572631836
2018-05-09,74.26000213623047,73.33999633789062,73.55000305175781,73.93000030517578,405000.0,73.36737060546875
2018-05-10,75.5,74.16999816894531,74.16999816894531,75.30000305175781,481700.0,74.72694396972656
2018-05-11,75.73999786376953,75.18000030517578,75.43000030517578,75.6500015258789,464600.0,75.07427978515625
2018-05-14,76.69000244140625,75.69999694824219,75.80000305175781,76.22000122070312,432600.0,75.63994598388672
2018-05-15,75.19999694824219,73.62000274658203,74.5999984741211,73.83000183105469,1061900.0,73.26811981201172
2018-05-16,74.36000061035156,73.61000061035156,73.94999694824219,73.79000091552734,674900.0,73.22843170166016
2018-05-17,74.43000030517578,73.5199966430664,73.73999786376953,74.4000015258789,340400.0,73.83377838134766
2018-05-18,75.58000183105469,74.37999725341797,74.44000244140625,75.47000122070312,390000.0,74.8956527709961
2018-05-21,76.69999694824219,75.8499984741211,76.05999755859375,76.3499984741211,495200.0,75.76895141601562
2018-05-22,76.91000366210938,76.06999969482422,76.31999969482422,76.16999816894531,518800.0,75.59031677246094
2018-05-23,76.19000244140625,75.58999633789062,75.75,76.0199966430664,309600.0,75.44145965576172
2018-05-24,76.27999877929688,75.54000091552734,76.0999984741211,75.62000274658203,343900.0,75.04450988769531
2018-05-25,75.56999969482422,74.04000091552734,75.56999969482422,74.31999969482422,461300.0,73.75440216064453
2018-05-29,74.05999755859375,72.9000015258789,73.58000183105469,73.66000366210938,818100.0,73.09941864013672
2018-05-30,74.94999694824219,74.05999755859375,74.06999969482422,74.4000015258789,356100.0,73.83377838134766
2018-05-31,74.98999786376953,74.08000183105469,74.43000030517578,74.33000183105469,566300.0,73.76431274414062
2018-06-01,75.66000366210938,74.76000213623047,74.86000061035156,75.26000213623047,384800.0,74.68724822998047
2018-06-04,76.26000213623047,75.33000183105469,75.55000305175781,76.0,517600.0,75.421630859375
2018-06-05,76.63999938964844,75.81999969482422,76.0,76.5999984741211,356000.0,76.01703643798828
2018-06-06,78.30999755859375,76.44999694824219,76.7300033569336,78.30999755859375,463400.0,77.71403503417969
2018-06-07,78.62999725341797,77.7300033569336,78.41000366210938,78.08999633789062,381300.0,77.4957046508789
2018-06-08,78.45999908447266,77.91999816894531,78.20999908447266,78.30000305175781,332100.0,77.70411682128906
2018-06-11,79.22000122070312,78.20999908447266,78.43000030517578,78.94999694824219,395500.0,78.34915924072266
2018-06-12,79.6500015258789,78.94999694824219,79.0,79.38999938964844,273000.0,78.78581237792969
2018-06-13,79.70999908447266,78.93000030517578,79.37999725341797,79.0199966430664,350100.0,78.41862487792969
2018-06-14,79.08000183105469,78.16999816894531,79.08000183105469,78.33999633789062,729600.0,77.74380493164062
2018-06-15,78.37000274658203,76.88999938964844,77.73999786376953,77.83999633789062,1128100.0,77.24760437011719
2018-06-18,77.66999816894531,76.81999969482422,77.58999633789062,77.52999877929688,394400.0,76.93997192382812
2018-06-19,77.02999877929688,75.55000305175781,76.69000244140625,76.3499984741211,481700.0,75.76895141601562
2018-06-20,76.73999786376953,75.30000305175781,76.33999633789062,75.47000122070312,334000.0,74.8956527709961
2018-06-21,75.55000305175781,73.97000122070312,75.37000274658203,74.19000244140625,1017600.0,73.62539672851562
2018-06-22,74.83000183105469,74.12999725341797,74.61000061035156,74.36000061035156,592100.0,73.79409790039062
2018-06-25,74.12000274658203,72.2300033569336,73.94999694824219,72.87000274658203,612300.0,72.31543731689453
2018-06-26,73.25,72.55999755859375,72.8499984741211,72.81999969482422,675500.0,72.26581573486328
2018-06-27,73.58000183105469,72.05000305175781,72.83000183105469,72.0999984741211,692000.0,71.55128479003906
2018-06-28,72.58000183105469,71.30999755859375,72.0,72.38999938964844,434700.0,71.83908081054688
2018-06-29,73.63999938964844,72.70999908447266,72.80000305175781,73.2300033569336,522700.0,72.67269897460938
2018-07-02,72.81999969482422,71.94999694824219,72.69999694824219,72.58999633789062,684800.0,72.03755187988281
2018-07-03,73.68000030517578,73.02999877929688,73.12000274658203,73.1500015258789,451500.0,72.59329986572266
2018-07-05,73.87999725341797,72.76000213623047,73.45999908447266,73.77999877929688,879200.0,73.218505859375
2018-07-06,74.5999984741211,73.66999816894531,73.79000091552734,74.31999969482422,487900.0,73.75440216064453
2018-07-09,75.72000122070312,74.44999694824219,74.66000366210938,75.37999725341797,451500.0,74.80632019042969
2018-07-10,76.18000030517578,75.26000213623047,75.30000305175781,75.98999786376953,648100.0,75.41168975830078
2018-07-11,75.51000213623047,74.66000366210938,75.44000244140625,75.02999877929688,462000.0,74.45899200439453
2018-07-12,75.68000030517578,75.08999633789062,75.54000091552734,75.55000305175781,619700.0,74.97503662109375
2018-07-13,75.97000122070312,74.2699966430664,75.54000091552734,75.66999816894531,678000.0,75.09413146972656
2018-07-16,75.97000122070312,75.06999969482422,75.54000091552734,75.5,880300.0,74.92542266845703
2018-07-17,76.48999786376953,75.08999633789062,75.08999633789062,76.37000274658203,499700.0,75.78878784179688
2018-07-18,77.0999984741211,76.12000274658203,76.25,76.93000030517578,461900.0,76.34453582763672
2018-07-19,78.83000183105469,76.91000366210938,76.91000366210938,78.4000015258789,1034300.0,77.87419891357422
2018-07-20,78.47000122070312,77.94999694824219,78.1500015258789,78.0,493400.0,77.47688293457031
2018-07-23,78.2300033569336,77.48999786376953,78.01000213623047,77.61000061035156,539800.0,77.08951568603516
2018-07-24,79.12000274658203,78.01000213623047,78.01000213623047,78.69000244140625,746400.0,78.16226196289062
2018-07-25,79.44000244140625,78.19999694824219,78.81999969482422,79.2300033569336,1004000.0,78.69864654541016
2018-07-26,79.6500015258789,79.05000305175781,79.30999755859375,79.36000061035156,1449400.0,78.82777404785156
2018-07-27,79.47000122070312,77.83000183105469,79.47000122070312,78.12999725341797,581000.0,77.60602569580078
2018-07-30,78.31999969482422,77.55000305175781,78.08000183105469,77.75,477500.0,77.22857666015625
2018-07-31,79.31999969482422,78.12000274658203,78.12000274658203,79.18000030517578,470400.0,78.64897155761719
2018-08-01,80.01000213623047,79.0,79.02999877929688,79.9000015258789,792700.0,79.36415100097656
2018-08-02,86.95999908447266,80.51000213623047,81.55000305175781,86.55000305175781,2854900.0,85.96954345703125
2018-08-03,87.72000122070312,85.52999877929688,87.30000305175781,86.31999969482422,1177500.0,85.74108123779297
2018-08-06,86.43000030517578,85.30000305175781,85.94000244140625,85.66000366210938,628800.0,85.08551788330078
2018-08-07,86.69999694824219,85.54000091552734,85.94999694824219,86.55000305175781,632300.0,85.96954345703125
2018-08-08,86.61000061035156,85.9800033569336,86.55000305175781,86.08999633789062,392300.0,85.51263427734375
2018-08-09,86.4000015258789,85.51000213623047,86.05999755859375,85.58999633789062,305600.0,85.0159912109375
2018-08-10,85.69999694824219,84.70999908447266,85.1500015258789,84.91999816894531,365000.0,84.35047912597656
2018-08-13,85.4800033569336,84.0999984741211,84.91999816894531,84.5,430600.0,83.93329620361328
2018-08-14,85.76000213623047,84.55000305175781,84.55000305175781,85.62999725341797,623300.0,85.05571746826172
2018-08-15,86.37999725341797,83.9000015258789,85.27999877929688,84.30000305175781,382700.0,83.73463439941406
2018-08-16,85.37999725341797,84.37999725341797,84.7300033569336,85.19000244140625,526300.0,84.61868286132812
2018-08-17,86.16999816894531,84.94000244140625,85.44999694824219,85.36000061035156,437300.0,84.78754425048828
2018-08-20,85.91999816894531,85.38999938964844,85.38999938964844,85.62999725341797,620200.0,85.05571746826172
2018-08-21,86.69999694824219,85.80000305175781,85.83999633789062,86.20999908447266,746800.0,85.6318359375
2018-08-22,87.0199966430664,86.0,86.05999755859375,86.83999633789062,471000.0,86.25759887695312
2018-08-23,87.16000366210938,86.47000122070312,86.80999755859375,86.75,341900.0,86.16820526123047
2018-08-24,87.72000122070312,85.87000274658203,86.11000061035156,87.48999786376953,425000.0,86.90324401855469
2018-08-27,88.58999633789062,87.62999725341797,88.19999694824219,88.5,388800.0,87.9064712524414
2018-08-28,89.86000061035156,88.62000274658203,88.66000366210938,89.20999908447266,934600.0,88.61170196533203
2018-08-29,90.93000030517578,88.93000030517578,89.30999755859375,90.08999633789062,564300.0,89.48580169677734
2018-08-30,93.1500015258789,90.11000061035156,90.87999725341797,92.5999984741211,1077700.0,91.97897338867188
2018-08-31,92.80999755859375,91.9000015258789,92.29000091552734,92.43000030517578,483800.0,91.81011962890625
2018-09-04,92.62999725341797,90.88999938964844,92.0,92.45999908447266,596400.0,91.83992004394531
2018-09-05,93.2699966430664,91.69000244140625,93.2699966430664,93.05999755859375,420100.0,92.43588256835938
2018-09-06,94.76000213623047,92.7300033569336,92.9000015258789,94.41000366210938,581500.0,93.77682495117188
2018-09-07,94.75,93.4000015258789,94.12000274658203,93.56999969482422,566900.0,92.94246673583984
2018-09-10,95.80000305175781,94.16000366210938,94.33999633789062,95.12000274658203,448700.0,94.4820785522461
2018-09-11,95.12000274658203,94.19999694824219,94.63999938964844,94.62000274658203,491100.0,93.98542785644531
2018-09-12,95.18000030517578,94.0999984741211,94.52999877929688,94.93000030517578,437600.0,94.29335021972656
2018-09-13,96.87000274658203,95.22000122070312,95.27999877929688,96.23999786376953,501000.0,95.59455871582031
2018-09-14,96.79000091552734,95.30000305175781,96.31999969482422,95.73999786376953,494900.0,95.0979232788086
2018-09-17,96.08999633789062,94.13999938964844,95.72000122070312,94.58000183105469,598900.0,93.94569396972656
2018-09-18,95.4800033569336,94.47000122070312,94.80999755859375,94.95999908447266,436600.0,94.3231430053711
2018-09-19,96.37999725341797,95.05000305175781,95.18000030517578,96.33000183105469,491500.0,95.6839599609375
2018-09-20,96.69999694824219,96.12999725341797,96.55999755859375,96.58000183105469,374100.0,95.93228912353516
2018-09-21,97.5199966430664,96.48999786376953,96.75,96.61000061035156,878800.0,95.96208190917969
2018-09-24,96.5999984741211,95.47000122070312,96.58000183105469,96.29000091552734,427900.0,95.64421844482422
2018-09-25,96.44000244140625,95.37999725341797,96.30000305175781,96.26000213623047,417500.0,95.61444091796875
2018-09-26,97.58999633789062,96.26000213623047,96.66999816894531,96.80999755859375,338300.0,96.16073608398438
2018-09-27,97.4000015258789,96.61000061035156,97.16999816894531,96.91000366210938,329200.0,96.26007080078125
2018-09-28,97.7699966430664,96.83000183105469,96.83000183105469,97.2699966430664,433500.0,96.6176528930664
2018-10-01,98.33000183105469,96.27999877929688,97.69999694824219,96.73999786376953,707100.0,96.0912094116211
2018-10-02,97.47000122070312,96.0199966430664,96.52999877929688,97.0199966430664,413200.0,96.36933898925781
2018-10-03,97.69999694824219,96.30999755859375,97.5999984741211,96.36000061035156,421600.0,95.71377563476562
2018-10-04,96.0,92.98999786376953,96.0,93.45999908447266,746000.0,92.83321380615234
2018-10-05,93.69000244140625,91.30999755859375,93.36000061035156,92.01000213623047,775300.0,91.3929443359375
2018-10-08,91.6500015258789,89.29000091552734,91.55999755859375,90.69999694824219,697900.0,90.09172058105469
2018-10-09,91.5999984741211,90.0,90.16000366210938,90.75,548000.0,90.1413803100586
2018-10-10,91.70999908447266,86.04000091552734,90.5,86.1500015258789,1320600.0,85.57223510742188
2018-10-11,87.7699966430664,84.19000244140625,86.12000274658203,84.69000244140625,758000.0,84.12203216552734
2018-10-12,87.31999969482422,85.70999908447266,86.0,86.95999908447266,701500.0,86.37680053710938
2018-10-15,86.7699966430664,85.30000305175781,86.76000213623047,85.5999984741211,664600.0,85.02593231201172
2018-10-16,89.38999938964844,86.29000091552734,86.54000091552734,89.27999877929688,613700.0,88.68124389648438
2018-10-17,90.5199966430664,88.37000274658203,89.0,90.16000366210938,633300.0,89.55535125732422
2018-10-18,90.11000061035156,87.3499984741211,89.76000213623047,87.80999755859375,757300.0,87.28887939453125
2018-10-19,88.5199966430664,86.11000061035156,88.08000183105469,86.18000030517578,677400.0,85.66854095458984
2018-10-22,86.83000183105469,85.0,86.44999694824219,86.01000213623047,672900.0,85.49954986572266
2018-10-23,86.16000366210938,82.69000244140625,84.12000274658203,85.55000305175781,803600.0,85.04228210449219
2018-10-24,87.08000183105469,81.88999938964844,85.76000213623047,82.02999877929688,827800.0,81.54317474365234
2018-10-25,84.91999816894531,81.87999725341797,82.79000091552734,84.2300033569336,699900.0,83.73011779785156
2018-10-26,84.73999786376953,81.95999908447266,82.91999816894531,83.98999786376953,634600.0,83.49153900146484
2018-10-29,86.37999725341797,82.38999938964844,85.19999694824219,83.81999969482422,667900.0,83.32255554199219
2018-10-30,85.77999877929688,83.75,84.16000366210938,85.68000030517578,810100.0,85.17151641845703
2018-10-31,87.76000213623047,86.02999877929688,86.54000091552734,86.4800033569336,1146900.0,85.96678161621094
2018-11-01,82.5,78.56999969482422,80.0,81.80000305175781,2929500.0,81.31455993652344
2018-11-02,84.08999633789062,81.23999786376953,82.19000244140625,83.62000274658203,1403100.0,83.12374114990234
2018-11-05,83.94999694824219,80.97000122070312,83.61000061035156,83.0199966430664,704400.0,82.52729797363281
2018-11-06,84.4000015258789,82.9800033569336,82.9800033569336,84.11000061035156,588000.0,83.61083221435547
2018-11-07,86.95999908447266,84.51000213623047,84.51000213623047,86.94000244140625,538700.0,86.42403411865234
2018-11-08,87.08999633789062,85.75,86.52999877929688,86.05999755859375,412000.0,85.54924774169922
2018-11-09,85.94000244140625,84.0,85.22000122070312,85.05999755859375,594400.0,84.55518341064453
2018-11-12,84.91000366210938,81.9800033569336,84.7300033569336,82.06999969482422,705600.0,81.58293151855469
2018-11-13,83.18000030517578,81.0,82.47000122070312,81.23999786376953,591000.0,80.75785827636719
2018-11-14,81.94999694824219,79.4000015258789,81.5999984741211,79.5999984741211,1558600.0,79.12759399414062
2018-11-15,81.95999908447266,78.72000122070312,79.11000061035156,81.6500015258789,733600.0,81.16542053222656
2018-11-16,83.0,81.26000213623047,81.26000213623047,82.29000091552734,444700.0,81.80162048339844
2018-11-19,82.30000305175781,79.83999633789062,82.0,80.05999755859375,939800.0,79.58486938476562
2018-11-20,81.29000091552734,78.97000122070312,79.25,80.66000366210938,669100.0,80.1812973022461
2018-11-21,82.5,80.83000183105469,81.48999786376953,80.91000366210938,330300.0,80.42982482910156
2018-11-23,82.58999633789062,79.83999633789062,79.94999694824219,81.66999816894531,164400.0,81.18531036376953
2018-11-26,82.93000030517578,81.62000274658203,82.54000091552734,82.76000213623047,382900.0,82.26883697509766
2018-11-27,82.9800033569336,81.76000213623047,82.41999816894531,82.9800033569336,348200.0,82.48754119873047
2018-11-28,85.91000366210938,83.37000274658203,83.37000274658203,85.8499984741211,608700.0,85.34049987792969
2018-11-29,87.7699966430664,85.20999908447266,85.5199966430664,86.62999725341797,592800.0,86.11587524414062
2018-11-30,87.37000274658203,86.16999816894531,86.7699966430664,87.05999755859375,631200.0,86.5433120727539
2018-12-03,91.37000274658203,88.30000305175781,88.4800033569336,90.5999984741211,1574600.0,90.06229400634766
2018-12-04,90.70999908447266,86.45999908447266,90.70999908447266,86.66000366210938,617700.0,86.14569854736328
2018-12-06,86.0999984741211,83.9000015258789,84.79000091552734,86.0199966430664,635800.0,85.50949096679688
2018-12-07,86.33000183105469,82.98999786376953,85.69999694824219,83.76000213623047,530800.0,83.2629165649414
2018-12-10,84.11000061035156,81.4800033569336,83.87999725341797,82.98999786376953,684400.0,82.49746704101562
2018-12-11,86.05000305175781,84.30000305175781,84.41999816894531,85.37000274658203,641800.0,84.86336517333984
2018-12-12,88.37999725341797,86.33999633789062,86.63999938964844,86.98999786376953,468200.0,86.47373962402344
2018-12-13,87.69999694824219,85.72000122070312,87.31999969482422,86.05000305175781,626700.0,85.53932189941406
2018-12-14,85.22000122070312,83.0,85.13999938964844,83.7300033569336,717300.0,83.23308563232422
2018-12-17,83.95999908447266,80.22000122070312,83.26000213623047,80.87999725341797,792900.0,80.39999389648438
2018-12-18,82.16999816894531,79.41000366210938,81.4000015258789,80.62000274658203,811500.0,80.14154815673828
2018-12-19,81.94999694824219,77.5999984741211,80.52999877929688,78.19999694824219,819900.0,77.73588562011719
2018-12-20,78.19000244140625,75.66999816894531,77.70999908447266,76.4000015258789,993700.0,75.94659423828125
2018-12-21,77.62000274658203,73.66000366210938,76.61000061035156,73.8499984741211,1105400.0,73.4117202758789
2018-12-24,73.69999694824219,71.87000274658203,73.43000030517578,71.87000274658203,362900.0,71.44347381591797
2018-12-26,75.73999786376953,71.83000183105469,72.2699966430664,75.69999694824219,479600.0,75.250732421875
2018-12-27,77.5,73.94999694824219,74.44999694824219,77.5,552000.0,77.04005432128906
2018-12-28,78.4800033569336,76.44000244140625,78.19999694824219,77.29000091552734,529300.0,76.831298828125
2018-12-31,78.61000061035156,77.47000122070312,77.93000030517578,78.55000305175781,414800.0,78.0838394165039
2019-01-02,77.73999786376953,75.83000183105469,77.41000366210938,76.91999816894531,497600.0,76.46349334716797
2019-01-03,76.93000030517578,72.16000366210938,76.43000030517578,72.79000091552734,824000.0,72.35801696777344
2019-01-04,76.79000091552734,73.91999816894531,73.91999816894531,75.88999938964844,646200.0,75.43961334228516
2019-01-07,77.77999877929688,75.70999908447266,75.88999938964844,76.72000122070312,601800.0,76.26469421386719
2019-01-08,78.9000015258789,77.0199966430664,77.83000183105469,78.7699966430664,405300.0,78.3025131225586
2019-01-09,81.2300033569336,78.68000030517578,79.0,80.79000091552734,761300.0,80.31053924560547
2019-01-10,82.63999938964844,80.11000061035156,80.44999694824219,82.55999755859375,647000.0,82.07003021240234
2019-01-11,83.61000061035156,81.44999694824219,81.79000091552734,83.51000213623047,927800.0,83.01438903808594
2019-01-14,83.1500015258789,81.37999725341797,82.44999694824219,81.72000122070312,594900.0,81.2350082397461
2019-01-15,83.16999816894531,81.01000213623047,81.88999938964844,82.36000061035156,471400.0,81.8712158203125
2019-01-16,83.31999969482422,81.9800033569336,82.11000061035156,83.08000183105469,654600.0,82.58694458007812
2019-01-17,84.72000122070312,82.6500015258789,82.6500015258789,84.33000183105469,370300.0,83.90022277832031
2019-01-18,86.41000366210938,84.16000366210938,84.83999633789062,86.4000015258789,749400.0,85.95967864990234
2019-01-22,85.83000183105469,83.54000091552734,85.55999755859375,84.56999969482422,502300.0,84.13899993896484
2019-01-23,86.43000030517578,83.6500015258789,85.58000183105469,84.9000015258789,497800.0,84.4673080444336
2019-01-24,85.5199966430664,84.6500015258789,84.91000366210938,85.13999938964844,355600.0,84.7060775756836
2019-01-25,87.0,85.56999969482422,85.80999755859375,86.48999786376953,511400.0,86.04920196533203
2019-01-28,86.76000213623047,85.26000213623047,85.41000366210938,86.73999786376953,541800.0,86.29792022705078
2019-01-29,87.97000122070312,86.5999984741211,87.18000030517578,87.69999694824219,570400.0,87.25304412841797
2019-01-30,91.25,87.91999816894531,87.91999816894531,90.2699966430664,909300.0,89.80994415283203
2019-01-31,91.16000366210938,89.30999755859375,90.08000183105469,90.5,879200.0,90.03878021240234
2019-02-01,94.87999725341797,90.18000030517578,91.2300033569336,90.86000061035156,1592500.0,90.39694213867188
2019-02-04,91.5999984741211,88.27999877929688,91.01000213623047,91.2699966430664,790300.0,90.80484771728516
2019-02-05,93.12000274658203,91.05999755859375,91.05999755859375,92.83999633789062,567800.0,92.3668441772461
2019-02-06,94.19000244140625,92.58000183105469,92.80000305175781,93.58999633789062,523000.0,93.1130142211914
2019-02-07,92.81999969482422,90.66999816894531,92.69999694824219,91.61000061035156,888300.0,91.14311981201172
2019-02-08,91.8499984741211,90.61000061035156,90.8499984741211,91.83000183105469,659000.0,91.36199188232422
2019-02-11,92.45999908447266,91.70999908447266,91.79000091552734,92.05000305175781,357200.0,91.58088684082031
2019-02-12,93.91000366210938,92.51000213623047,92.62999725341797,93.56999969482422,421800.0,93.09312438964844
2019-02-13,94.41000366210938,93.2300033569336,94.0,93.7699966430664,391400.0,93.29209899902344
2019-02-14,94.12999725341797,93.0,93.55000305175781,93.3499984741211,307100.0,92.87425231933594
2019-02-15,94.63999938964844,93.5,94.27999877929688,93.98999786376953,650200.0,93.51097869873047
2019-02-19,94.08000183105469,93.2699966430664,94.08000183105469,93.87000274658203,423200.0,93.3916015625
2019-02-20,94.04000091552734,92.81999969482422,94.04000091552734,93.51000213623047,381600.0,93.03343200683594
2019-02-21,93.25,92.47000122070312,93.06999969482422,93.19000244140625,303200.0,92.71505737304688
2019-02-22,93.98999786376953,93.23999786376953,93.54000091552734,93.58000183105469,385800.0,93.10306549072266
2019-02-25,95.69999694824219,93.98999786376953,94.0999984741211,94.12999725341797,500500.0,93.6502685546875
2019-02-26,94.29000091552734,92.4000015258789,93.69000244140625,92.58000183105469,522300.0,92.1081771850586
2019-02-27,94.0999984741211,92.06999969482422,92.06999969482422,93.87000274658203,419600.0,93.3916015625
2019-02-28,94.41999816894531,92.87999725341797,93.4000015258789,94.16000366210938,447300.0,93.68012237548828
2019-03-01,97.19999694824219,94.27999877929688,94.69999694824219,96.45999908447266,668500.0,95.96839904785156
2019-03-04,97.88999938964844,94.7699966430664,97.2699966430664,95.72000122070312,734500.0,95.23216247558594
2019-03-05,95.76000213623047,94.55999755859375,95.7300033569336,94.9000015258789,542300.0,94.41635131835938
2019-03-06,95.1500015258789,93.11000061035156,94.75,93.37000274658203,373100.0,92.89414978027344
2019-03-07,93.29000091552734,92.1500015258789,93.2699966430664,93.23999786376953,428600.0,92.7647933959961
2019-03-08,92.81999969482422,91.44000244140625,92.5,91.87000274658203,561100.0,91.40178680419922
2019-03-11,93.23999786376953,92.0,92.05999755859375,92.91999816894531,519200.0,92.4464340209961
2019-03-12,93.9000015258789,92.93000030517578,93.31999969482422,93.47000122070312,316400.0,92.99364471435547
2019-03-13,94.0,92.80999755859375,93.91999816894531,93.66000366210938,558400.0,93.18267822265625
2019-03-14,93.66000366210938,92.80000305175781,93.5999984741211,93.11000061035156,463400.0,92.6354751586914
2019-03-15,94.36000061035156,93.05999755859375,93.11000061035156,94.04000091552734,838800.0,93.56072998046875
2019-03-18,94.58999633789062,93.30999755859375,94.4000015258789,94.02999877929688,524400.0,93.55078887939453
2019-03-19,95.37000274658203,93.7699966430664,94.30000305175781,95.08999633789062,614600.0,94.6053695678711
2019-03-20,95.9000015258789,94.13999938964844,95.12999725341797,95.0199966430664,404200.0,94.53572082519531
2019-03-21,97.63999938964844,94.30999755859375,94.30999755859375,97.5,438100.0,97.00309753417969
2019-03-22,97.04000091552734,93.6500015258789,96.88999938964844,93.70999908447266,526000.0,93.23241424560547
2019-03-25,94.97000122070312,93.27999877929688,93.77999877929688,94.52999877929688,350100.0,94.04822540283203
2019-03-26,96.16000366210938,95.0,95.37999725341797,95.9800033569336,403800.0,95.49085235595703
2019-03-27,96.30999755859375,93.69999694824219,96.0,94.3499984741211,365100.0,93.86914825439453
2019-03-28,95.4000015258789,94.0999984741211,94.79000091552734,95.25,351000.0,94.76457214355469
2019-03-29,96.5199966430664,95.30999755859375,96.0999984741211,96.36000061035156,443300.0,95.86891174316406
2019-04-01,97.98999786376953,96.9800033569336,97.30000305175781,97.58999633789062,654000.0,97.09264373779297
2019-04-02,97.66999816894531,97.0,97.27999877929688,97.41000366210938,363100.0,96.91355895996094
2019-04-03,98.81999969482422,97.47000122070312,97.91999816894531,98.58999633789062,761900.0,98.08753204345703
2019-04-04,99.04000091552734,96.9000015258789,98.87000274658203,97.81999969482422,522600.0,97.32146453857422
2019-04-05,99.41999816894531,97.94000244140625,97.94000244140625,99.0,579700.0,98.49544525146484
2019-04-08,99.76000213623047,98.02999877929688,99.12999725341797,99.70999908447266,494700.0,99.20183563232422
2019-04-09,103.0,100.20999908447266,102.37999725341797,101.12000274658203,1035200.0,100.60465240478516
2019-04-10,102.2300033569336,100.87000274658203,101.0999984741211,101.0999984741211,603600.0,100.5847396850586
2019-04-11,101.27999877929688,100.12000274658203,100.9800033569336,100.3499984741211,620200.0,99.83857727050781
2019-04-12,101.83999633789062,99.72000122070312,101.05999755859375,99.98999786376953,883200.0,99.48040771484375
2019-04-15,100.5199966430664,98.83999633789062,100.1500015258789,99.19000244140625,815500.0,98.68448638916016
2019-04-16,100.08999633789062,96.37999725341797,99.98999786376953,96.9800033569336,716200.0,96.48575592041016
2019-04-17,97.3499984741211,92.33000183105469,97.3499984741211,93.58999633789062,884200.0,93.18028259277344
2019-04-18,95.2699966430664,92.86000061035156,93.7699966430664,94.1500015258789,721400.0,93.73783111572266
2019-04-22,95.52999877929688,93.3499984741211,93.69999694824219,94.5199966430664,487200.0,94.106201171875
2019-04-23,95.38999938964844,91.55999755859375,92.5,94.77999877929688,1299000.0,94.36506652832031
2019-04-24,95.43000030517578,94.12999725341797,95.18000030517578,94.5199966430664,837600.0,94.106201171875
2019-04-25,95.30999755859375,93.0199966430664,93.9800033569336,95.08000183105469,926200.0,94.66376495361328
2019-04-26,95.0,91.1500015258789,93.0,94.08000183105469,1850500.0,93.66813659667969
2019-04-29,95.63999938964844,94.0,94.45999908447266,94.95999908447266,1026800.0,94.54427337646484
2019-04-30,96.30999755859375,95.16000366210938,95.16000366210938,95.83999633789062,1070700.0,95.42041778564453
2019-05-01,96.2699966430664,93.76000213623047,95.91999816894531,94.12000274658203,1001900.0,93.70796203613281
2019-05-02,94.98999786376953,92.87000274658203,93.87000274658203,94.87999725341797,733000.0,94.46463012695312
2019-05-03,96.63999938964844,95.37999725341797,95.37999725341797,96.58999633789062,692900.0,96.16714477539062
2019-05-06,96.95999908447266,93.87000274658203,95.5199966430664,96.72000122070312,972700.0,96.29657745361328
2019-05-07,96.1500015258789,92.33000183105469,95.63999938964844,93.55000305175781,930000.0,93.14045715332031
2019-05-08,94.37999725341797,92.70999908447266,93.56999969482422,93.33000183105469,573200.0,92.92142486572266
2019-05-09,92.88999938964844,91.19000244140625,91.9800033569336,92.6500015258789,633200.0,92.24440002441406
2019-05-10,92.80999755859375,90.2300033569336,92.19000244140625,92.41000366210938,806700.0,92.00545501708984
2019-05-13,90.41999816894531,87.83999633789062,90.41999816894531,88.11000061035156,1320500.0,87.72427368164062
2019-05-14,89.9800033569336,88.44000244140625,88.58000183105469,89.04000091552734,1103900.0,88.65020751953125
2019-05-15,88.94999694824219,85.58999633789062,88.55999755859375,87.91000366210938,1263000.0,87.52513885498047
2019-05-16,88.93000030517578,87.6500015258789,88.58000183105469,87.98999786376953,785000.0,87.60478973388672
2019-05-17,87.69000244140625,85.83000183105469,86.79000091552734,85.94000244140625,776200.0,85.56376647949219
2019-05-20,85.75,83.44999694824219,85.30000305175781,84.05999755859375,1136000.0,83.6919937133789
2019-05-21,85.83999633789062,84.33000183105469,84.6500015258789,85.5,1049600.0,85.12569427490234
2019-05-22,86.55999755859375,85.08999633789062,85.52999877929688,86.30000305175781,786100.0,85.92220306396484
2019-05-23,86.16999816894531,84.9000015258789,85.31999969482422,86.12999725341797,1068600.0,85.75293731689453
2019-05-24,88.27999877929688,86.30999755859375,86.55000305175781,86.36000061035156,870100.0,85.98194122314453
2019-05-28,87.6500015258789,84.41000366210938,86.55999755859375,84.68000030517578,5053500.0,84.30928802490234
2019-05-29,85.31999969482422,83.44999694824219,83.95999908447266,84.87000274658203,1263000.0,84.49846649169922
2019-05-30,86.19999694824219,85.06999969482422,85.06999969482422,85.91000366210938,835400.0,85.5339126586914
2019-05-31,86.80000305175781,84.45999908447266,84.81999969482422,86.33999633789062,1480600.0,85.9620132446289
2019-06-03,86.79000091552734,85.5,86.33999633789062,86.05000305175781,877000.0,85.67329406738281
2019-06-04,88.1500015258789,86.37000274658203,86.83000183105469,88.08999633789062,753300.0,87.704345703125
2019-06-05,90.33000183105469,88.55999755859375,89.0,90.04000091552734,847100.0,89.64582824707031
2019-06-06,91.62999725341797,89.79000091552734,90.2300033569336,91.33000183105469,864100.0,90.93018341064453
2019-06-07,93.2699966430664,91.87000274658203,92.08000183105469,92.91999816894531,685700.0,92.51321411132812
2019-06-10,94.48999786376953,93.02999877929688,93.5999984741211,93.7300033569336,824500.0,93.3196792602539
2019-06-11,94.98999786376953,92.41999816894531,94.37999725341797,93.12000274658203,803300.0,92.71233367919922
2019-06-12,94.05999755859375,91.7699966430664,93.12999725341797,93.31999969482422,1048300.0,92.91146087646484
2019-06-13,93.66999816894531,92.31999969482422,93.48999786376953,93.11000061035156,659100.0,92.70238494873047
2019-06-14,93.97000122070312,92.76000213623047,93.16999816894531,92.94000244140625,638700.0,92.53311920166016
2019-06-17,93.98999786376953,92.69000244140625,93.06999969482422,93.37999725341797,582600.0,92.97119140625
2019-06-18,94.69999694824219,93.55000305175781,93.97000122070312,94.48999786376953,560400.0,94.07633209228516
2019-06-19,95.9000015258789,94.23999786376953,94.5199966430664,95.80000305175781,628800.0,95.38060760498047
2019-06-20,97.38999938964844,95.31999969482422,96.7699966430664,96.05999755859375,924500.0,95.63947296142578
2019-06-21,96.12000274658203,94.4000015258789,95.91999816894531,95.3499984741211,919800.0,94.93258666992188
2019-06-24,96.18000030517578,95.06999969482422,95.43000030517578,95.4800033569336,542800.0,95.06201171875
2019-06-25,96.54000091552734,94.48999786376953,95.63999938964844,94.51000213623047,523400.0,94.09625244140625
2019-06-26,95.29000091552734,93.87999725341797,94.69999694824219,93.91000366210938,341700.0,93.49888610839844
2019-06-27,95.38999938964844,94.20999908447266,94.5,95.0,475200.0,94.5841064453125
2019-06-28,96.72000122070312,94.66000366210938,95.19999694824219,96.33999633789062,1996800.0,95.9182357788086
2019-07-01,98.06999969482422,96.54000091552734,97.7300033569336,97.63999938964844,993500.0,97.2125473022461
2019-07-02,98.58999633789062,97.25,97.83999633789062,98.44000244140625,641600.0,98.0090560913086
2019-07-03,99.56999969482422,98.4000015258789,98.80999755859375,98.79000091552734,864900.0,98.3575210571289
2019-07-05,98.62999725341797,96.86000061035156,98.62999725341797,98.45999908447266,464200.0,98.0289535522461
2019-07-08,97.94999694824219,96.05999755859375,97.80000305175781,96.44999694824219,587100.0,96.02775573730469
2019-07-09,96.94999694824219,95.51000213623047,95.75,96.19999694824219,537600.0,95.77885437011719
2019-07-10,96.93000030517578,95.80000305175781,96.55000305175781,95.81999969482422,484000.0,95.4005126953125
2019-07-11,96.4000015258789,95.01000213623047,96.12999725341797,95.83000183105469,640500.0,95.41046905517578
2019-07-12,95.20999908447266,94.04000091552734,94.9800033569336,95.18000030517578,617000.0,94.7633285522461
2019-07-15,95.51000213623047,94.01000213623047,95.27999877929688,95.01000213623047,382700.0,94.59406280517578
2019-07-16,95.61000061035156,94.56999969482422,94.9000015258789,95.30000305175781,399700.0,94.88279724121094
2019-07-17,95.70999908447266,94.97000122070312,95.48999786376953,95.0999984741211,419200.0,94.68367767333984
2019-07-18,96.02999877929688,94.88999938964844,95.02999877929688,95.33000183105469,474900.0,94.9825668334961
2019-07-19,95.69000244140625,93.7699966430664,95.69000244140625,93.83000183105469,480700.0,93.48804473876953
2019-07-22,94.83000183105469,93.5999984741211,93.95999908447266,94.2300033569336,535100.0,93.88658905029297
2019-07-23,94.87000274658203,93.80999755859375,94.47000122070312,94.51000213623047,516500.0,94.16556549072266
2019-07-24,95.06999969482422,93.2699966430664,93.63999938964844,95.05999755859375,522600.0,94.71356201171875
2019-07-25,95.2300033569336,94.27999877929688,94.91000366210938,94.5999984741211,407900.0,94.25523376464844
2019-07-26,95.5999984741211,94.0999984741211,95.18000030517578,95.02999877929688,483900.0,94.68366241455078
2019-07-29,96.08999633789062,95.02999877929688,95.16999816894531,95.33999633789062,657200.0,94.99253845214844
2019-07-30,90.1500015258789,86.56999969482422,87.25,87.52999877929688,2615600.0,87.21099853515625
2019-07-31,87.69999694824219,84.66999816894531,87.69999694824219,86.12000274658203,1335400.0,85.80614471435547
2019-08-01,87.41000366210938,85.0999984741211,86.20999908447266,86.18000030517578,1416300.0,85.86592102050781
2019-08-02,86.19999694824219,83.55999755859375,85.91000366210938,84.5999984741211,889900.0,84.29167938232422
2019-08-05,83.37999725341797,80.83999633789062,82.94000244140625,81.30999755859375,1012300.0,81.013671875
2019-08-06,83.0,81.66999816894531,82.0199966430664,82.80000305175781,753800.0,82.49823760986328
2019-08-07,83.16000366210938,80.55999755859375,81.76000213623047,82.61000061035156,807700.0,82.3089370727539
2019-08-08,84.2300033569336,83.12999725341797,83.43000030517578,84.0999984741211,703900.0,83.79349517822266
2019-08-09,83.9800033569336,82.01000213623047,83.70999908447266,82.22000122070312,550500.0,81.92035675048828
2019-08-12,81.86000061035156,80.20999908447266,81.66999816894531,80.83000183105469,650400.0,80.5354232788086
2019-08-13,83.1500015258789,80.3499984741211,80.76000213623047,82.1500015258789,535000.0,81.8506088256836
2019-08-14,81.06999969482422,79.44000244140625,80.9800033569336,79.44000244140625,668300.0,79.1504898071289
2019-08-15,81.11000061035156,79.36000061035156,80.02999877929688,80.66000366210938,767900.0,80.36603546142578
2019-08-16,82.66999816894531,81.18000030517578,81.4000015258789,82.33999633789062,639000.0,82.0399169921875
2019-08-19,83.5,82.55999755859375,83.33000183105469,82.69000244140625,462600.0,82.38864135742188
2019-08-20,82.63999938964844,81.9800033569336,82.5199966430664,82.04000091552734,458900.0,81.74101257324219
2019-08-21,83.69999694824219,82.36000061035156,82.83000183105469,83.4800033569336,524400.0,83.1757583618164
2019-08-22,84.13999938964844,82.20999908447266,82.70999908447266,82.5999984741211,437400.0,82.2989730834961
2019-08-23,82.93000030517578,80.12999725341797,82.30999755859375,80.76000213623047,837300.0,80.4656753540039
2019-08-26,81.69999694824219,79.62000274658203,81.38999938964844,80.29000091552734,634100.0,79.99739074707031
2019-08-27,81.01000213623047,79.79000091552734,80.81999969482422,80.19999694824219,888800.0,79.90771484375
2019-08-28,82.05000305175781,79.51000213623047,79.80000305175781,81.8499984741211,592700.0,81.55169677734375
2019-08-29,83.4800033569336,82.44000244140625,82.88999938964844,83.08000183105469,421000.0,82.7772216796875
2019-08-30,83.70999908447266,82.27999877929688,83.70999908447266,82.69999694824219,559300.0,82.39860534667969
2019-09-03,82.68000030517578,80.98999786376953,82.23999786376953,81.48999786376953,1080900.0,81.1930160522461
2019-09-04,82.44000244140625,81.5199966430664,82.26000213623047,81.94999694824219,510500.0,81.65133666992188
2019-09-05,83.87000274658203,82.6500015258789,82.6500015258789,83.70999908447266,414100.0,83.4049301147461
2019-09-06,84.41000366210938,83.52999877929688,84.08999633789062,83.73999786376953,452000.0,83.43480682373047
2019-09-09,84.5199966430664,83.0999984741211,84.12999725341797,83.77999877929688,627800.0,83.47467041015625
2019-09-10,86.12000274658203,82.95999908447266,83.43000030517578,85.5,1010900.0,85.18840026855469
2019-09-11,86.94000244140625,85.36000061035156,85.91999816894531,86.91000366210938,749600.0,86.59327697753906
2019-09-12,87.72000122070312,86.08000183105469,87.4000015258789,86.12000274658203,443900.0,85.80614471435547
2019-09-13,87.16999816894531,86.08000183105469,86.08000183105469,86.66999816894531,470200.0,86.35413360595703
2019-09-16,86.5199966430664,85.97000122070312,86.18000030517578,86.2300033569336,346100.0,85.9157485961914
2019-09-17,86.62000274658203,85.81999969482422,86.16000366210938,86.22000122070312,538400.0,85.90577697753906
2019-09-18,86.52999877929688,85.2699966430664,86.19000244140625,86.05999755859375,471300.0,85.74634552001953
2019-09-19,86.80000305175781,85.9000015258789,86.05000305175781,86.0999984741211,536600.0,85.78621673583984
2019-09-20,87.62999725341797,86.2300033569336,86.33000183105469,86.55999755859375,667700.0,86.2445297241211
2019-09-23,86.20999908447266,85.12000274658203,86.05999755859375,85.19999694824219,458700.0,84.88948822021484
2019-09-24,85.91999816894531,83.69000244140625,85.83000183105469,84.7699966430664,658700.0,84.4610595703125
2019-09-25,84.77999877929688,83.58999633789062,84.77999877929688,84.48999786376953,366800.0,84.18207550048828
2019-09-26,86.44999694824219,84.66000366210938,85.94999694824219,85.30000305175781,857600.0,84.98912811279297
2019-09-27,86.16999816894531,84.45999908447266,85.73999786376953,85.16000366210938,600000.0,84.84964752197266
2019-09-30,85.87999725341797,84.98999786376953,85.41999816894531,85.16999816894531,436900.0,84.85960388183594
2019-10-01,86.01000213623047,83.30000305175781,85.31999969482422,83.47000122070312,737400.0,83.16580200195312
2019-10-02,83.69000244140625,82.11000061035156,82.70999908447266,83.44999694824219,768000.0,83.1458740234375
2019-10-03,83.72000122070312,82.25,83.72000122070312,83.33999633789062,956400.0,83.0362777709961
2019-10-04,85.52999877929688,83.51000213623047,83.51000213623047,85.44000244140625,741800.0,85.12862396240234
2019-10-07,85.44999694824219,84.31999969482422,84.94000244140625,84.3499984741211,615700.0,84.04259490966797
2019-10-08,82.97000122070312,78.3499984741211,82.56999969482422,79.0999984741211,1840300.0,78.81172943115234
2019-10-09,81.18000030517578,79.43000030517578,79.58000183105469,80.68000030517578,863400.0,80.38597106933594
2019-10-10,81.43000030517578,80.36000061035156,80.66000366210938,80.5,494000.0,80.20662689208984
2019-10-11,83.4000015258789,81.5,81.5,82.0,706800.0,81.70116424560547
2019-10-14,82.95999908447266,81.25,82.18000030517578,81.86000061035156,690900.0,81.56167602539062
2019-10-15,82.75,82.0,82.4000015258789,82.16000366210938,895200.0,81.8605728149414
2019-10-16,81.97000122070312,81.02999877929688,81.69999694824219,81.69000244140625,948100.0,81.39229583740234
2019-10-17,83.61000061035156,82.0199966430664,82.0199966430664,83.0199966430664,597300.0,82.78838348388672
2019-10-18,83.55999755859375,82.4000015258789,82.63999938964844,83.0999984741211,426900.0,82.86815643310547
2019-10-21,84.72000122070312,83.44999694824219,83.76000213623047,84.0999984741211,413200.0,83.8653564453125
2019-10-22,84.4000015258789,83.33999633789062,84.0,83.97000122070312,662800.0,83.73572540283203
2019-10-23,85.0999984741211,83.98999786376953,84.38999938964844,84.86000061035156,639300.0,84.62324523925781
2019-10-24,85.19999694824219,84.08999633789062,84.83000183105469,84.8499984741211,382900.0,84.61327362060547
2019-10-25,86.58000183105469,83.93000030517578,84.47000122070312,86.2300033569336,468900.0,85.98943328857422
2019-10-28,87.5199966430664,86.44000244140625,86.44000244140625,87.37999725341797,624600.0,87.1362075805664
2019-10-29,88.12000274658203,86.2699966430664,86.52999877929688,87.98999786376953,665500.0,87.7445068359375
2019-10-30,88.04000091552734,87.13999938964844,87.81999969482422,87.76000213623047,1262000.0,87.5151596069336
2019-10-31,86.1500015258789,82.54000091552734,84.7300033569336,85.95999908447266,1742700.0,85.72017669677734
2019-11-01,89.16000366210938,86.79000091552734,86.79000091552734,88.08999633789062,1431400.0,87.84422302246094
2019-11-04,89.25,87.4000015258789,88.9000015258789,87.62999725341797,796200.0,87.38551330566406
2019-11-05,88.12999725341797,87.05000305175781,87.94000244140625,87.08000183105469,693100.0,86.83705139160156
2019-11-06,87.08000183105469,85.47000122070312,87.08000183105469,86.05000305175781,663700.0,85.80992889404297
2019-11-07,87.30999755859375,86.25,86.66000366210938,87.11000061035156,549500.0,86.8669662475586
2019-11-08,87.41999816894531,86.73999786376953,86.88999938964844,87.30000305175781,428300.0,87.05644226074219
2019-11-11,87.55000305175781,86.47000122070312,86.62999725341797,87.48999786376953,314100.0,87.24590301513672
2019-11-12,88.3499984741211,87.27999877929688,87.63999938964844,87.91999816894531,632600.0,87.67471313476562
2019-11-13,87.9000015258789,86.91000366210938,87.41999816894531,87.31999969482422,561200.0,87.07638549804688
2019-11-14,88.2300033569336,86.77999877929688,87.44999694824219,88.12000274658203,670100.0,87.87416076660156
2019-11-15,91.16000366210938,88.30999755859375,88.54000091552734,90.94999694824219,842100.0,90.69625091552734
2019-11-18,91.0999984741211,89.37000274658203,91.0999984741211,89.55000305175781,637900.0,89.30016326904297
2019-11-19,91.70999908447266,89.61000061035156,89.98999786376953,91.18000030517578,722700.0,90.92561340332031
2019-11-20,91.1500015258789,89.97000122070312,90.75,90.5199966430664,607200.0,90.26744842529297
2019-11-21,90.88999938964844,89.86000061035156,90.73999786376953,90.69000244140625,419500.0,90.4369888305664
2019-11-22,91.56999969482422,90.48999786376953,91.31999969482422,91.5199966430664,447300.0,91.26465606689453
2019-11-25,92.19999694824219,91.5199966430664,92.0,92.0999984741211,341100.0,91.84304809570312
2019-11-26,93.0999984741211,91.9000015258789,91.9000015258789,92.61000061035156,527500.0,92.35163116455078
2019-11-27,93.75,92.5999984741211,92.93000030517578,93.52999877929688,496000.0,93.2690658569336
2019-11-29,93.80999755859375,92.73999786376953,93.4800033569336,92.9000015258789,287000.0,92.64082336425781
2019-12-02,93.19000244140625,91.95999908447266,93.19000244140625,92.1500015258789,704000.0,91.89290618896484
2019-12-03,91.86000061035156,90.30000305175781,91.06999969482422,91.48999786376953,699000.0,91.23474884033203
2019-12-04,92.58999633789062,90.87000274658203,90.87000274658203,92.37999725341797,466300.0,92.12225341796875
2019-12-05,93.20999908447266,91.9000015258789,92.75,92.83000183105469,640800.0,92.57101440429688
2019-12-06,94.3499984741211,93.2699966430664,93.68000030517578,94.12000274658203,395900.0,93.85741424560547
2019-12-09,94.2300033569336,93.44000244140625,93.91999816894531,93.66000366210938,295400.0,93.3987045288086
2019-12-10,94.7699966430664,93.41999816894531,94.19999694824219,94.37000274658203,393100.0,94.1067123413086
2019-12-11,94.4800033569336,93.83999633789062,94.25,94.30999755859375,320100.0,94.046875
2019-12-12,96.37999725341797,94.0,94.38999938964844,95.8499984741211,592400.0,95.58258056640625
2019-12-13,96.16999816894531,94.18000030517578,95.88999938964844,94.38999938964844,578800.0,94.12665557861328
2019-12-16,95.91999816894531,94.66999816894531,95.33000183105469,95.66999816894531,451900.0,95.40309143066406
2019-12-17,96.30000305175781,94.91000366210938,96.11000061035156,95.19000244140625,346600.0,94.92443084716797
2019-12-18,95.25,94.4000015258789,95.08000183105469,94.6500015258789,336500.0,94.38593292236328
2019-12-19,96.19000244140625,94.68000030517578,94.83999633789062,95.69999694824219,426300.0,95.43299865722656
2019-12-20,96.7699966430664,95.4800033569336,96.22000122070312,96.55999755859375,778300.0,96.29059600830078
2019-12-23,97.2699966430664,96.4000015258789,96.9000015258789,97.20999908447266,278000.0,96.93878936767578
2019-12-24,97.52999877929688,96.75,97.41000366210938,97.44999694824219,102000.0,97.17811584472656
2019-12-26,97.6500015258789,96.86000061035156,97.58999633789062,97.16999816894531,298300.0,96.89888763427734
2019-12-27,97.30000305175781,96.61000061035156,97.30000305175781,97.05000305175781,321900.0,96.77922821044922
2019-12-30,97.0999984741211,96.30999755859375,97.08999633789062,96.66000366210938,228500.0,96.39032745361328
2019-12-31,97.31999969482422,96.52999877929688,96.63999938964844,97.0999984741211,344300.0,96.8291015625
2020-01-02,98.86000061035156,97.68000030517578,98.25,98.86000061035156,708900.0,98.58418273925781
2020-01-03,97.68000030517578,95.7699966430664,96.70999908447266,96.98999786376953,558900.0,96.71940612792969
2020-01-06,98.05000305175781,96.05000305175781,96.37000274658203,98.0,464700.0,97.72659301757812
2020-01-07,98.98999786376953,97.27999877929688,97.7300033569336,98.80000305175781,441800.0,98.52435302734375
2020-01-08,99.73999786376953,97.26000213623047,98.83999633789062,98.58999633789062,597600.0,98.31493377685547
2020-01-09,99.91000366210938,98.62000274658203,99.22000122070312,99.86000061035156,445400.0,99.5813980102539
2020-01-10,101.16000366210938,99.70999908447266,100.0,100.33999633789062,471300.0,100.06005859375
2020-01-13,100.94999694824219,99.91999816894531,100.37999725341797,100.62999725341797,398200.0,100.3492431640625
2020-01-14,102.05999755859375,100.20999908447266,100.20999908447266,101.69000244140625,785200.0,101.40629577636719
2020-01-15,102.45999908447266,101.55999755859375,101.70999908447266,101.7300033569336,377700.0,101.44618225097656
2020-01-16,102.30000305175781,100.86000061035156,102.11000061035156,101.22000122070312,567000.0,101.0071029663086
2020-01-17,101.81999969482422,101.1500015258789,101.58999633789062,101.31999969482422,853800.0,101.10688781738281
2020-01-21,101.70999908447266,100.55000305175781,101.0,101.33999633789062,833000.0,101.12684631347656
2020-01-22,102.30000305175781,100.5999984741211,101.80999755859375,100.81999969482422,606600.0,100.60794067382812
2020-01-23,100.7699966430664,98.80999755859375,100.37999725341797,99.38999938964844,824400.0,99.18094635009766
2020-01-24,99.94999694824219,99.0,99.88999938964844,99.77999877929688,916100.0,99.57012939453125
2020-01-27,99.06999969482422,97.83999633789062,98.4000015258789,98.66999816894531,1113100.0,98.46246337890625
2020-01-28,99.61000061035156,95.01000213623047,97.5,97.52999877929688,1837900.0,97.32485961914062
2020-01-29,99.44999694824219,97.04000091552734,98.0,98.5,892000.0,98.2928237915039
2020-01-30,98.23999786376953,94.62999725341797,97.33999633789062,95.43000030517578,959900.0,95.22927856445312
2020-01-31,95.30999755859375,91.94999694824219,95.1500015258789,92.4800033569336,965000.0,92.28549194335938
2020-02-03,94.11000061035156,92.52999877929688,93.44999694824219,92.87000274658203,990100.0,92.67466735839844
2020-02-04,95.0,93.41999816894531,93.86000061035156,94.23999786376953,603000.0,94.04177856445312
2020-02-05,96.95999908447266,95.33000183105469,95.5,96.22000122070312,648800.0,96.01762390136719
2020-02-06,96.69999694824219,95.5,96.69999694824219,95.5999984741211,376500.0,95.39891815185547
2020-02-07,95.69999694824219,92.47000122070312,95.0,93.06999969482422,597800.0,92.8742446899414
2020-02-10,94.5999984741211,92.29000091552734,92.37000274658203,94.26000213623047,396100.0,94.0617446899414
2020-02-11,96.22000122070312,94.80000305175781,94.9800033569336,95.86000061035156,502200.0,95.65837860107422
2020-02-12,97.23999786376953,95.81999969482422,96.47000122070312,96.5,559400.0,96.29703521728516
2020-02-13,96.4800033569336,94.93000030517578,95.87999725341797,95.98999786376953,470200.0,95.78810119628906
2020-02-14,96.25,95.41000366210938,96.25,95.55999755859375,553200.0,95.35900115966797
2020-02-18,96.05000305175781,93.80000305175781,95.4000015258789,94.16000366210938,380300.0,93.96195220947266
2020-02-19,94.9000015258789,94.08999633789062,94.44000244140625,94.33000183105469,533400.0,94.13159942626953
2020-02-20,94.48999786376953,92.36000061035156,93.7699966430664,93.30000305175781,439000.0,93.10376739501953
2020-02-21,93.3499984741211,92.12999725341797,92.77999877929688,92.8499984741211,520400.0,92.65470123291016
2020-02-24,90.55000305175781,87.97000122070312,90.5199966430664,88.62000274658203,679500.0,88.4336166381836
2020-02-25,89.37999725341797,85.36000061035156,89.05000305175781,85.75,613100.0,85.56964111328125
2020-02-26,88.05999755859375,85.68000030517578,86.38999938964844,86.0,731600.0,85.8191146850586
2020-02-27,87.72000122070312,83.62999725341797,84.58999633789062,84.31999969482422,1015200.0,84.14265441894531
2020-02-28,86.44000244140625,82.62000274658203,82.62999725341797,86.44000244140625,1561100.0,86.25818634033203
2020-03-02,88.27999877929688,84.2300033569336,86.55999755859375,86.79000091552734,1269700.0,86.60746002197266
2020-03-03,90.3499984741211,85.04000091552734,86.98999786376953,86.22000122070312,847700.0,86.03865814208984
2020-03-04,89.12999725341797,86.62000274658203,87.83999633789062,89.12999725341797,549900.0,88.9425277709961
2020-03-05,87.19999694824219,83.61000061035156,86.98999786376953,84.5999984741211,848100.0,84.42205810546875
2020-03-06,84.05000305175781,81.38999938964844,82.38999938964844,83.51000213623047,704800.0,83.3343505859375
2020-03-09,79.19999694824219,76.12999725341797,79.0,77.43000030517578,1214800.0,77.26714324951172
2020-03-10,79.12999725341797,75.33999633789062,78.9000015258789,78.93000030517578,1094000.0,78.76397705078125
2020-03-11,77.18000030517578,72.08000183105469,76.86000061035156,72.83999633789062,926200.0,72.6867904663086
2020-03-12,72.37999725341797,66.47000122070312,68.94000244140625,70.45999908447266,1976600.0,70.31180572509766
2020-03-13,76.08000183105469,67.94000244140625,74.0,73.81999969482422,1336300.0,73.66473388671875
2020-03-16,70.33000183105469,65.80000305175781,67.91000366210938,66.70999908447266,1330100.0,66.56968688964844
2020-03-17,70.77999877929688,64.98999786376953,68.36000061035156,67.11000061035156,1288300.0,66.9688491821289
2020-03-18,67.58000183105469,63.380001068115234,63.56999969482422,67.22000122070312,935700.0,67.07861328125
2020-03-19,70.68000030517578,64.26000213623047,66.66999816894531,67.0199966430664,863900.0,66.8790283203125
2020-03-20,73.30000305175781,66.63999938964844,68.16000366210938,70.88999938964844,1432500.0,70.74089050292969
2020-03-23,72.72000122070312,62.90999984741211,71.55999755859375,67.8499984741211,871500.0,67.70729064941406
2020-03-24,75.55999755859375,69.75,71.13999938964844,74.30999755859375,864000.0,74.15370178222656
2020-03-25,79.0,74.19999694824219,76.93000030517578,75.0,1290100.0,74.84225463867188
2020-03-26,80.31999969482422,73.91000366210938,75.87000274658203,79.01000213623047,1789700.0,78.84381866455078
2020-03-27,77.38999938964844,73.33999633789062,76.30000305175781,74.80000305175781,733700.0,74.6426773071289
2020-03-30,78.80000305175781,73.02999877929688,77.48999786376953,76.51000213623047,778100.0,76.34907531738281
2020-03-31,77.13999938964844,74.38999938964844,76.20999908447266,75.27999877929688,746700.0,75.12166595458984
2020-04-01,73.11000061035156,69.5999984741211,72.55000305175781,70.83000183105469,1249300.0,70.68102264404297
2020-04-02,73.97000122070312,70.01000213623047,70.13999938964844,72.30999755859375,1098000.0,72.15791320800781
2020-04-03,72.76000213623047,70.19000244140625,71.58999633789062,71.19999694824219,826000.0,71.05023956298828
2020-04-06,76.20999908447266,73.02999877929688,74.11000061035156,75.41000366210938,1191700.0,75.25139617919922
2020-04-07,77.98999786376953,75.11000061035156,77.45999908447266,75.44999694824219,852700.0,75.29129791259766
2020-04-08,78.23999786376953,74.83999633789062,75.83000183105469,77.87999725341797,1074900.0,77.7161865234375
2020-04-09,79.58000183105469,77.22000122070312,78.43000030517578,78.33999633789062,701200.0,78.17522430419922
2020-04-13,78.4000015258789,75.69999694824219,77.88999938964844,76.43000030517578,729900.0,76.26924133300781
2020-04-14,78.98999786376953,77.3499984741211,77.3499984741211,78.3499984741211,775700.0,78.1852035522461
2020-04-15,79.48999786376953,76.37999725341797,76.69000244140625,78.75,811400.0,78.58436584472656
2020-04-16,82.13999938964844,78.08000183105469,79.26000213623047,81.51000213623047,1224300.0,81.41092681884766
2020-04-17,84.11000061035156,81.91000366210938,82.7300033569336,83.62999725341797,1034600.0,83.5283432006836
2020-04-20,85.02999877929688,81.97000122070312,83.19999694824219,84.5199966430664,884300.0,84.41726684570312
2020-04-21,83.54000091552734,82.18000030517578,82.80999755859375,82.63999938964844,636400.0,82.53955078125
2020-04-22,85.94000244140625,83.05000305175781,83.94000244140625,85.55000305175781,1594000.0,85.44601440429688
2020-04-23,87.81999969482422,85.9000015258789,85.98999786376953,87.19999694824219,1074400.0,87.09400177001953
2020-04-24,87.98999786376953,86.3499984741211,87.54000091552734,87.55000305175781,897100.0,87.44358825683594
2020-04-27,89.19999694824219,87.91999816894531,88.05999755859375,88.76000213623047,1173300.0,88.65211486816406
2020-04-28,89.87000274658203,88.16000366210938,89.16000366210938,88.44999694824219,1026600.0,88.34248352050781
2020-04-29,91.54000091552734,89.62000274658203,89.94000244140625,90.72000122070312,996400.0,90.60973358154297
2020-04-30,91.26000213623047,89.94999694824219,90.41000366210938,90.52999877929688,823000.0,90.41996002197266
2020-05-01,89.47000122070312,88.38999938964844,89.0,89.08999633789062,1007600.0,88.98170471191406
2020-05-04,88.94999694824219,85.70999908447266,88.5999984741211,87.0,1229600.0,86.89424896240234
2020-05-05,91.25,88.2699966430664,88.2699966430664,90.41000366210938,905800.0,90.30010986328125
2020-05-06,96.02999877929688,91.4800033569336,92.5,93.26000213623047,1537600.0,93.14664459228516
2020-05-07,94.79000091552734,92.66000366210938,94.5199966430664,92.76000213623047,953700.0,92.64725494384766
2020-05-08,93.98999786376953,92.11000061035156,93.91999816894531,92.4800033569336,822700.0,92.36759948730469
2020-05-11,93.66000366210938,91.44000244140625,91.58999633789062,93.38999938964844,645500.0,93.27648162841797
2020-05-12,93.76000213623047,90.80999755859375,93.70999908447266,90.86000061035156,647700.0,90.74955749511719
2020-05-13,92.16999816894531,89.44999694824219,91.02999877929688,90.25,599400.0,90.14029693603516
2020-05-14,92.0,88.5999984741211,89.2699966430664,91.97000122070312,1004500.0,91.85821533203125
2020-05-15,94.0,91.66000366210938,92.0999984741211,92.86000061035156,2487200.0,92.74713134765625
2020-05-18,94.0,90.47000122070312,92.86000061035156,93.31999969482422,1980200.0,93.2065658569336
2020-05-19,93.8499984741211,91.26000213623047,93.37999725341797,91.30000305175781,856700.0,91.18902587890625
2020-05-20,93.81999969482422,92.25,92.25,92.75,621700.0,92.63726043701172
2020-05-21,93.43000030517578,91.87000274658203,92.5,92.5,536400.0,92.38756561279297
2020-05-22,93.6500015258789,92.33999633789062,92.94999694824219,93.41000366210938,474600.0,93.29646301269531
2020-05-26,99.08000183105469,94.91999816894531,95.0,97.4800033569336,1416000.0,97.36151885986328
2020-05-27,100.2300033569336,97.30000305175781,97.6500015258789,100.0199966430664,1099100.0,99.89842224121094
2020-05-28,101.26000213623047,99.19000244140625,100.5999984741211,99.30000305175781,624700.0,99.1792984008789
2020-05-29,100.58000183105469,98.66999816894531,99.9000015258789,100.47000122070312,805300.0,100.3478775024414
2020-06-01,102.06999969482422,99.95999908447266,99.97000122070312,101.95999908447266,629000.0,101.8360595703125
2020-06-02,102.87000274658203,100.31999969482422,102.62000274658203,101.91999816894531,1106000.0,101.79611206054688
2020-06-03,104.72000122070312,102.0,102.0,103.86000061035156,937200.0,103.73375701904297
2020-06-04,103.7300033569336,102.44000244140625,103.11000061035156,103.0199966430664,548000.0,102.894775390625
2020-06-05,105.69999694824219,103.08000183105469,103.80000305175781,104.4000015258789,767900.0,104.27310180664062
2020-06-08,105.56999969482422,103.4800033569336,103.4800033569336,105.30999755859375,861400.0,105.18199157714844
2020-06-09,104.91999816894531,102.38999938964844,104.91999816894531,102.44000244140625,639500.0,102.31548309326172
2020-06-10,103.54000091552734,102.16000366210938,102.94999694824219,103.0199966430664,728400.0,102.894775390625
2020-06-11,101.27999877929688,96.4800033569336,101.27999877929688,96.51000213623047,1545800.0,96.39269256591797
2020-06-12,98.95999908447266,94.75,98.69000244140625,97.13999938964844,951800.0,97.02191925048828
2020-06-15,98.43000030517578,94.54000091552734,95.22000122070312,98.2699966430664,830200.0,98.15055084228516
2020-06-16,101.19999694824219,98.01000213623047,101.19999694824219,98.87999725341797,843700.0,98.75981140136719
2020-06-17,99.45999908447266,98.19999694824219,99.37000274658203,98.5999984741211,500200.0,98.48014831542969
2020-06-18,98.51000213623047,97.06999969482422,97.72000122070312,97.98999786376953,531600.0,97.87089538574219
2020-06-19,99.43000030517578,97.8499984741211,99.1500015258789,98.36000061035156,962400.0,98.24044799804688
2020-06-22,98.76000213623047,96.98999786376953,98.11000061035156,98.04000091552734,568600.0,97.92082977294922
2020-06-23,100.05999755859375,97.87000274658203,98.87000274658203,99.19999694824219,1045300.0,99.07942199707031
2020-06-24,98.70999908447266,94.66000366210938,98.70999908447266,95.97000122070312,789400.0,95.85334777832031
2020-06-25,96.22000122070312,93.75,95.58999633789062,95.93000030517578,687400.0,95.81339263916016
2020-06-26,96.62999725341797,93.2300033569336,95.94000244140625,93.93000030517578,1196100.0,93.81583404541016
2020-06-29,96.19999694824219,93.94999694824219,94.76000213623047,95.7300033569336,562800.0,95.61363983154297
2020-06-30,98.51000213623047,95.06999969482422,95.62000274658203,98.08999633789062,1172300.0,97.97076416015625
2020-07-01,98.5199966430664,96.54000091552734,98.0,97.08999633789062,737200.0,96.97197723388672
2020-07-02,99.41999816894531,97.66999816894531,97.69999694824219,97.94000244140625,748800.0,97.82095336914062
2020-07-06,100.69000244140625,98.73999786376953,98.77999877929688,100.08999633789062,735800.0,99.96833801269531
2020-07-07,100.44000244140625,99.0199966430664,99.3499984741211,99.6500015258789,574700.0,99.52887725830078
2020-07-08,102.51000213623047,100.11000061035156,100.20999908447266,102.41000366210938,1007100.0,102.28553009033203
2020-07-09,104.0,102.16999816894531,102.3499984741211,103.08000183105469,1009600.0,102.95470428466797
2020-07-10,103.45999908447266,100.98999786376953,103.45999908447266,101.47000122070312,538800.0,101.34666442871094
2020-07-13,106.5199966430664,102.80999755859375,102.93000030517578,104.5,1768000.0,104.37298583984375
2020-07-14,107.08999633789062,103.95999908447266,104.41999816894531,106.76000213623047,1796200.0,106.63023376464844
2020-07-15,109.43000030517578,107.11000061035156,108.31999969482422,108.97000122070312,1579300.0,108.8375473022461
2020-07-16,109.41000366210938,107.9000015258789,109.41000366210938,108.94000244140625,1281500.0,108.87752532958984
2020-07-17,110.58000183105469,108.9800033569336,109.29000091552734,108.9800033569336,866800.0,108.9175033569336
2020-07-20,110.9000015258789,108.93000030517578,109.3499984741211,109.80999755859375,702700.0,109.74701690673828
2020-07-21,112.95999908447266,110.0,110.47000122070312,111.58999633789062,1027100.0,111.5260009765625
2020-07-22,113.13999938964844,111.2300033569336,111.47000122070312,112.0199966430664,955200.0,111.95574951171875
2020-07-23,113.48999786376953,111.55999755859375,112.20999908447266,112.02999877929688,432200.0,111.96574401855469
2020-07-24,111.43000030517578,109.54000091552734,111.37000274658203,110.37000274658203,673400.0,110.30670166015625
2020-07-27,115.41999816894531,110.98999786376953,111.02999877929688,114.97000122070312,1295700.0,114.90406036376953
2020-07-28,115.80999755859375,112.70999908447266,114.47000122070312,112.98999786376953,1281100.0,112.9251937866211
2020-07-29,121.44000244140625,117.22000122070312,118.80000305175781,119.63999938964844,3076300.0,119.57138061523438
2020-07-30,119.93000030517578,118.29000091552734,118.83999633789062,118.80999755859375,771800.0,118.74185943603516
2020-07-31,119.01000213623047,117.02999877929688,118.83999633789062,118.91000366210938,901800.0,118.84180450439453
2020-08-03,121.91999816894531,119.5,119.66000366210938,121.7699966430664,1329200.0,121.70015716552734
2020-08-04,122.33000183105469,119.94000244140625,121.2699966430664,120.81999969482422,869700.0,120.7507095336914
2020-08-05,123.20999908447266,121.19000244140625,121.77999877929688,122.08999633789062,938200.0,122.01997375488281
2020-08-06,122.58000183105469,118.20999908447266,122.06999969482422,119.05000305175781,1140700.0,118.98172760009766
2020-08-07,119.87999725341797,118.66000366210938,119.02999877929688,119.33000183105469,769000.0,119.26156616210938
2020-08-10,119.75,118.45999908447266,119.19000244140625,118.5999984741211,713100.0,118.531982421875
2020-08-11,119.20999908447266,117.48999786376953,118.45999908447266,117.70999908447266,593100.0,117.64249420166016
2020-08-12,120.55000305175781,117.75,118.22000122070312,119.87000274658203,537300.0,119.80125427246094
2020-08-13,120.55000305175781,119.0,119.87000274658203,120.0,760900.0,119.9311752319336
2020-08-14,120.05999755859375,117.66000366210938,119.76000213623047,118.25,370700.0,118.18218231201172
2020-08-17,120.2699966430664,118.58999633789062,118.83999633789062,119.66999816894531,993500.0,119.60136413574219
2020-08-18,120.0,117.76000213623047,119.76000213623047,118.04000091552734,1115200.0,117.97230529785156
2020-08-19,118.91000366210938,117.27999877929688,118.62000274658203,117.69000244140625,888600.0,117.62250518798828
2020-08-20,117.30000305175781,116.27999877929688,117.0,116.7699966430664,534200.0,116.7030258178711
2020-08-21,117.33999633789062,116.61000061035156,116.77999877929688,116.9000015258789,811200.0,116.83295440673828
2020-08-24,118.26000213623047,114.75,117.7300033569336,115.22000122070312,703700.0,115.15392303466797
2020-08-25,116.62999725341797,115.22000122070312,115.33999633789062,116.22000122070312,662800.0,116.15335083007812
2020-08-26,119.80000305175781,116.05999755859375,116.19999694824219,119.44000244140625,1064700.0,119.37149810791016
2020-08-27,115.87000274658203,111.45999908447266,115.48999786376953,114.5,1546600.0,114.43433380126953
2020-08-28,116.94000244140625,114.69000244140625,114.81999969482422,116.91000366210938,683000.0,116.84295654296875
2020-08-31,118.38999938964844,116.81999969482422,117.06999969482422,117.72000122070312,873000.0,117.6524887084961
2020-09-01,119.52999877929688,117.7300033569336,118.7300033569336,119.38999938964844,841200.0,119.32152557373047
2020-09-02,122.29000091552734,119.44999694824219,120.30000305175781,122.05999755859375,653200.0,121.98999786376953
2020-09-03,121.33000183105469,114.72000122070312,121.33000183105469,116.04000091552734,943700.0,115.97344970703125
2020-09-04,116.63999938964844,111.56999969482422,116.63999938964844,114.30000305175781,804900.0,114.23445129394531
2020-09-08,113.4000015258789,111.5,112.80000305175781,112.01000213623047,593400.0,111.94576263427734
2020-09-09,115.13999938964844,112.37999725341797,112.69000244140625,114.25,434900.0,114.18447875976562
2020-09-10,116.4800033569336,113.13999938964844,114.8499984741211,113.45999908447266,601600.0,113.39492797851562
2020-09-11,119.56999969482422,115.54000091552734,116.13999938964844,117.69000244140625,1144000.0,117.62250518798828
2020-09-14,118.93000030517578,117.06999969482422,118.56999969482422,117.7300033569336,678700.0,117.66248321533203
2020-09-15,119.2699966430664,118.16000366210938,118.33999633789062,118.51000213623047,454800.0,118.44203186035156
2020-09-16,120.62999725341797,119.0,119.54000091552734,120.30999755859375,762200.0,120.24099731445312
2020-09-17,121.33999633789062,118.37000274658203,119.02999877929688,119.48999786376953,689000.0,119.42147064208984
2020-09-18,120.27999877929688,117.56999969482422,119.31999969482422,118.19999694824219,1162100.0,118.13220977783203
2020-09-21,118.47000122070312,114.75,116.58999633789062,118.25,774500.0,118.18218231201172
2020-09-22,120.11000061035156,117.33999633789062,117.93000030517578,119.94999694824219,665900.0,119.8812026977539
2020-09-23,120.48999786376953,117.4800033569336,119.66000366210938,117.58000183105469,367400.0,117.51256561279297
2020-09-24,118.36000061035156,116.2699966430664,117.18000030517578,117.95999908447266,646800.0,117.89234924316406
2020-09-25,120.62000274658203,116.76000213623047,117.2699966430664,119.80000305175781,593000.0,119.73129272460938
2020-09-28,122.44999694824219,120.61000061035156,120.61000061035156,121.88999938964844,590500.0,121.8200912475586
2020-09-29,124.66000366210938,121.88999938964844,121.88999938964844,123.26000213623047,1266800.0,123.1893081665039
2020-09-30,126.0999984741211,123.6500015258789,123.6500015258789,125.51000213623047,1304400.0,125.43801879882812
2020-10-01,128.97999572753906,123.66000366210938,127.5,124.86000061035156,1149600.0,124.78839111328125
2020-10-02,125.13999938964844,122.41000366210938,123.18000030517578,124.55999755859375,627100.0,124.48856353759766
2020-10-05,129.8000030517578,125.1500015258789,125.62000274658203,129.7100067138672,893300.0,129.6356201171875
2020-10-06,129.85000610351562,124.81999969482422,129.57000732421875,126.55000305175781,1117400.0,126.47742462158203
2020-10-07,129.2899932861328,127.30000305175781,127.30000305175781,128.24000549316406,707500.0,128.1664581298828
2020-10-08,129.14999389648438,126.68000030517578,128.50999450683594,127.61000061035156,577300.0,127.53681182861328
2020-10-09,129.8000030517578,128.0,128.86000061035156,129.67999267578125,482200.0,129.60562133789062
2020-10-12,134.38999938964844,127.70999908447266,134.0500030517578,128.3300018310547,1334000.0,128.25640869140625
2020-10-13,128.8800048828125,124.33000183105469,127.80000305175781,124.66999816894531,1240900.0,124.59849548339844
2020-10-14,125.27999877929688,121.11000061035156,124.56999969482422,122.05000305175781,1449500.0,121.9800033569336
2020-10-15,124.11000061035156,119.94000244140625,120.66000366210938,123.33000183105469,1003900.0,123.33000183105469
2020-10-16,125.69999694824219,123.69000244140625,124.18000030517578,124.0199966430664,576800.0,124.0199966430664
2020-10-19,125.1500015258789,122.0,123.79000091552734,122.30000305175781,1159400.0,122.30000305175781
2020-10-20,124.66999816894531,122.5,123.0999984741211,123.3499984741211,656600.0,123.3499984741211
2020-10-21,124.83999633789062,123.25,123.6500015258789,123.37999725341797,548300.0,123.37999725341797
2020-10-22,125.95999908447266,123.01000213623047,124.0999984741211,125.19999694824219,846700.0,125.19999694824219
2020-10-23,125.58000183105469,122.81999969482422,125.58000183105469,124.44999694824219,558000.0,124.44999694824219
2020-10-26,124.62999725341797,122.16999816894531,123.02999877929688,124.06999969482422,814000.0,124.06999969482422
2020-10-27,128.24000549316406,123.5,124.0,127.08000183105469,1013000.0,127.08000183105469
2020-10-28,125.66999816894531,123.37000274658203,124.63999938964844,125.37999725341797,460012.0,125.37999725341797
